test_index,source_index,pixel_sha256,baseline,fine_tuned,cider_baseline,cider_fine_tuned,reference_0,reference_1,reference_2,reference_3,reference_4,cider_delta
0,978,5520ab2d63a3a3f7d34d76e5706b7e6b2a782ae2239f517a8c0d4f5e0e7ea857,a man playing a drum,a man plays a drum while a small boy watches.,0.30479799311568506,1.0076713880505797,A large man in a leather costume plays a big drum beside a little boy playing a little drum .,A man and a little boy beating drums .,"A man plays a drum and a little boy hits his own , little drum .",The man with the big drum is marching next to a boy with a small drum .,The small child bangs his drum whil looking at an older man doing the same .,0.7028733949348946
1,933,2b39e0e07e1add654a6cee9d8dbad9609a7be4b61230e1dffdffed978a3ff6d4,a woman sitting at a table with a bunch of flowers,a woman is sitting at a table with a bunch of yellow flowers in front of her.,0.6157273231064622,0.4695421344817086,An oriental florist arranging flowers,A person looking to the right standing between plants in buckets and a banana box .,A woman dressed in black standing at a green counter with barrels of flowers placed on it .,A woman is standing at a counter that is holding buckets of flowers .,The girl is sitting at the counter between the bucket of flowers and the cardboard boxes .,-0.14618518862475355
2,859,b24ed598553a3942b4df5c041bd391303c494b641c48649d15cac1571ff5ab90,a man doing a trick on a skateboard,a skateboarder in a black shirt is doing a trick on a wooden bench.,0.26537810275783835,1.110270324235534,A boy is outside jumping over a flower bush on a skateboard .,A skateboarder in black clothes jumps over a bench .,A skateboarder is performing a jump from a wooden bench .,A youth with brown hair is doing an ollie over a bench with his skateboard .,skateboarder in the air by a bench with advertisement,0.8448922214776957
3,916,12dc1d7f140573d978db8bb3ffb93a02b7a310500c40a5c2b043a2e0be41263d,a man and a woman standing in front of a fountain,a man and a woman are standing in front of a fountain.,2.1603670844312903,2.0813350298890003,A couple is photographed in front of a large outdoor fountain .,A couple pose in front of a fountain .,An older couple posing in front of a fountain for a picture,Older couple posing for a picture in front of a fountain .,The parents of the younger male are posing for a picture in front of a water fountain .,-0.07903205454229001
4,127,7a7dad0e1ba2c5643348a994eb5253212c898bd951d4e8b85545cd3e95833117,two people on the beach,two boys are standing on the beach.,0.4990470226667651,0.5856886480059021,A man on the beach is taking a picture of another man .,A man posing for his photo on a rocky beach .,A man takes a picture of another man at the beach .,Man filiming a man with sunglasses at the beach .,"Two men are standing on a rocky shore , while one photographs the other .",0.08664162533913705
5,608,07de48dc2bb67c22724ded1d8f5b9654a924d1f940f896b683a1dc7702eaeace,a young boy playing tennis on a tennis court,a boy in a gray shirt and blue jeans is playing tennis.,0.9654625209310315,0.4157148412074857,A boy jumping to hit a tennis ball with his racket,A boy wearing jeans leaps in the air and shows his shadow below .,A child jumping on a tennis court .,The boy is jumping in the air .,Where is the rest of his racket ?,-0.5497476797235458
6,856,d6d4cdf56c3f8feb46670da2866920d62b00cfe30026bd12816c6e9432d63f81,a white van parked on the side of the road,a skateboarder in a white t - shirt is doing a trick on a rail.,0.05354771850337143,0.34525956629866905,a boy wearing a white shirt and pink shoelaces jumping on a railing,A man jumps of the handrail of an outdoor staircase .,A person on a skateboard .,A skateboarder is balancing on the rail of stairs .,A teenage boy jumps off a rail .,0.29171184779529763
7,260,defd62fef2c1555fd655f2e30975d3fc0c936d2576d4f466fe76b1471537f617,the floor is wooden,a young boy in a white karate suit is practicing martial arts.,0.003557922058739094,1.3932912615255604,A boy poses in karate form and uniform .,A small child in a karate uniform is punching .,A young boy is practicing his karate in a gym .,A young boy practicing martial arts .,The young child is standing in a martial arts pose .,1.3897333394668212
8,147,0e9b06118ab2a4b8fbe5c4289f18f8e02f0b525442913789d94d428ca1ced480,a man riding a bike on top of a mountain,a man in a red suit and helmet is riding a bike on a rocky hill.,0.26135757016896344,0.4266594442687252,A dirt biker pushes his motorcycle up a rock while another rider watches .,A man in red on a dirt bike struggles up a rock while another man in red watches .,A man in red pushes his motocross bike up a rock .,A man is looking on as another man attempts to climb a small boulder with his dirt bike .,A red-clad man rides a bike through rocky ground while another man looks on,0.16530187409976177
9,810,02c9e335da87c8b68c27647761a19f612f5b6454d242de4c40bc22475f309181,a group of young children playing soccer on a field,a group of children playing soccer.,1.0756195116889138,0.9128313988265526,"Children are playing soccer , while an adult looks on .",Children dressed in green and yellow soccer uniforms run after a soccer ball,Three children in neon colors play soccer while young man watches,Three children wearing soccer uniforms chase after a blue and grey soccer ball .,Three child soccer players go for the ball .,-0.16278811286236117
10,635,0cf03da4a69549ea4c361fbf9086cb9471a34801d5417512694870c40296f08c,a man swinging a bat,a man in a white uniform is swinging a bat at a ball.,0.038397058258130876,0.27927821210735854,"A cricket batter , dressed all in white , makes a hit","A man , dressed in white and wearing a red cap , plays on the grass .",A man in a rugby uniform hitting a ball in a grassy field .,A man playing cricket,Cricket player with red cap hits the ball outdoors .,0.24088115384922765
11,972,4885c6718fa9a3ab7ed5e78ab962548b7399ab1ab4d7524fae4525d70b9e64b5,two kids with red paint on their faces,two young boys are covered in red paint on the floor.,0.6471610639461711,0.6135395705118165,A naked baby and toddler are playing with red fingerpaints .,"A naked baby and toddler on the floor covered in paint , the toddler putting her hands on the baby 's head .",A naked baby and toddler smear each other in paint .,A naked toddler is covering a naked baby with paint .,Two naked young children smear each other with red paint .,-0.03362149343435461
12,593,dd095ec59275d720d7c47b1ba8ffaf0891f7458afe6b6c70442c1f4e0bfdca8f,a dog running in the snow,a black dog is running in the snow.,1.164425408979641,0.7283905290543891,A furry dog running on an open field of grass .,A gray fuzzy dog running through snow .,A gray terrier runs in a snow-covered field .,A grey shaggy dog running,Fluffy grey dog running in a field,-0.43603487992525203
13,994,a67e6d9bfaf615f733d071e4b974e60b66d5c95deeb1acfabb25694e2892c712,a dog running in the water,a white dog is running through the water.,0.8412558139382549,1.196115649188564,A dog leaps out of the water .,a small dog jumping threw some a lake,A tan dog jumps into water .,A white dog is splashing through the water .,Dog jumping out of water in a lake .,0.3548598352503092
14,285,66a64a5c2c3eee7687b617a41ba5d5b7759c1c7bcb66b1888c205750773c08b9,a dog splashing in the water,a black dog splashes in the water.,1.0206542733508825,0.38661598227131044,A brown dog splashing through water .,A dog is running through a pond,a dog pounces into the water .,The large brown dog is running through shallow water .,There is a chocolate brown dog running in water .,-0.6340382910795721
15,554,e88c84f29386ec8b56181a4941d7c820593f24aea97a2c05b759f26f2fabbb52,a dog running in the snow,a white dog runs through the snow.,1.9484358994287563,2.349629698968154,A dog is playing in the deep snow .,A dog running through deep snow pack .,A dog runs through the deep snow .,A white dog is running through the snow .,White dog running through snow,0.40119379953939793
16,467,1a31fa8e0bdfb71dd2078c06d7728e9a530401780675e73276688fd81a231a15,a group of cars driving down a street next to a fence,a group of cars are driving on a city street.,0.16220026784276104,0.4576379136442582,A cop stands in front of a car on a busy street .,A man walks in the city .,An officer stands next to a car on a city street .,A policeman stands in front of an SUV .,A police officer is lighting a cigarette .,0.2954376458014972
17,276,aef2e3f969f2aeb3ab9dbc6bb5d28ce916fa810d5c55786820fce37d9729c82c,a young boy holding up a cardboard box with writing on it,a young boy holds up a cardboard box with writing on it.,0.8725017688040222,0.9906540667275489,A boy holds a picture over his head .,A boy in a long sleeve shirt is holding a box above his head .,A boy is inside holding something on top of his head .,A little boy holds a decorated cardboard box on his head .,a young boy with a samll cardboard box atop his head .,0.11815229792352666
18,55,125d3f723abde18356221878169a4e301f528b69c75656930879b75a1626a6f9,a young boy standing on a wooden dock,a young boy stands on a wooden dock with a paddle in his hand.,0.7317048205000221,0.7582075404637061,A child in a black shirt standing on a wooden dock near a picnic table .,A little boy is smiling for the camera on a playground,A young boy holds onto a blue handle on a pier .,A young child stands on a wood dock next to the water .,Boy in green sweater with white stripe on sleeve standing on wood planked floor with body of water in the background .,0.02650271996368403
19,61,d89242af51869f76c4522e7da094d83d4d9a3f1c889c487466de98e2db179877,a group of people playing music on a stage,a group of people are playing instruments and singing.,0.7415614101049718,0.032602930357948624,A guitarist plays while people play with hula-hoops in the background .,"A guitarist sits playing before microphones , while a man and a boy dance and a woman stands by .",A man in a white hat plays guitar on a stage .,A man plays guitar on a stage while another woman smiles,Four people performing music outdoors .,-0.7089584797470232
20,839,82d4597067c89a3a20def456fda1155e7044229efca4a5ec4f35c66e33d32926,a group of people walking down the street,a woman in a black dress and red shoes is walking down the street.,0.6476093516644208,1.5477189647001297,A man chains his bike to a rack while a woman in black and red walks .,"Several people , one being a woman in a black dress , are outside , near a bike rack .",The woman wearing a red bow walks past a bicycle .,Woman in a black dress walking on the street .,Woman in black dress with red accessories is walking down the street .,0.9001096130357089
21,425,aa1e69e65bcd9e5c55bec520e5149eeac189a707ce2995dbdbdb3be181bec0bb,a woman swimming in a pool,a swimmer in a pool.,1.1280760357895983,0.8410641959814971,a person doing the backstroke in a swimming pool,A person swimming in a swimming pool .,A swimmer is doing the backstroke in the swimming pool .,Swimmer does backstroke in swimming lane .,The arm of a swimmer rises from the water inside the striped lane marker .,-0.2870118398081012
22,82,57dfa9ee2d999862db9ea6b1347050a26a661fd2c76954042293a9a8048f6904,a body of water,a large lizard is standing in a body of water.,0.09202816132342222,0.07564049934831286,The iguanas wrestled along the rocky water bank .,The two reptiles are standing on their back legs near deep water .,Two lizards fighting .,Two lizards fight in the water .,Two oriental lizards are fighting for dominance in a small pond,-0.016387661975109352
23,620,77281280228014e0a4aef18329c9aec79756b923e5d8df7d9d6abf8a4b65f42a,a black dog running in a field,a black dog wearing a purple harness is running in a field.,0.9959108673509316,1.3590403515365226,A black dog with a purple collar and a black leash runs in the grass .,A black dog with a purple collar is running .,A black dog with a purple collar running .,a black dog with purple collar running,The black dog is wearing a purple collar with a black leash as he is running .,0.363129484185591
24,787,080b9fc1f589de248a401ada49bbfbb95ea5ec281d77b1dd8ce20621edc012e9,a bird with a fish in it ' s beak,a brown and white bird is flying through the air with a stick in its beak.,0.7551702199290634,0.22795015752414813,A bird flying in the air,a bird flies low to the ground .,A bird with its wings spread,A hawk flies down towards the grass .,"A hawk is flying , trailing lines from its legs .",-0.5272200624049153
25,2,3b3fc838b14e1ca6060e490cb3880d04e865fa8109479430674fa539e7531f8c,a man and a woman sitting on a bench,a shirtless man and a naked woman sit on a bench.,3.3783689218759925,1.186346265595532,A lady and a man with no shirt sit on a dock .,A man and a woman are sitting on a dock together .,A man and a woman sitting on a dock .,A man and woman sitting on a deck next to a lake .,A shirtless man and a woman sitting on a dock .,-2.192022656280461
26,753,99b49b6023af32c10c485e43249100e7228a34f18ce72b5f66e37d8cb45a3752,a woman holding a cell phone,a woman with brown hair is standing in front of a crowd of people.,0.7884662217813865,0.5353128582138884,A lady looks to her right and holds a mini camera .,A lady with curly brown hair stands in a crowd with a camera .,A woman holding a camera .,A woman stands in a crowd holding a camera .,The woman with a camera is looking to the side in a crowded area,-0.25315336356749807
27,7,4c1144ea4688bb67b4022ee407f3b2d56ccee2c97afd00d20fdd7c852dbccfd8,a woman holding a baby,a baby in a white shirt is being held by a woman.,0.4335882441851364,0.771234862503326,A baby in a white garment holds a flag with crescent moon and star .,A baby is holding a small black flag with a moon and a star on it .,A baby wearing a white gown waves a Muslim flag .,A little toddler dressed in white is smiling while a lady helps him wave a flag .,Baby in white outfit holding black and white flag .,0.33764661831818954
28,903,802264ff8b88182918fb4ff3047a4a3a1827e44bbbc14ceee78359af6f656cfa,two children in a cage,two children in a cage.,3.3881860782297526,3.3881860782297526,The three children are in a cage .,three children are locked in a cage .,Three children in a black dog kennel .,Three small children are in a cage .,three well dressed blond children in a cage .,0.0
29,626,9e703211fd5fcaebc8043ccf5eaef86a13f8c45afeaa524633b229865c00555d,the dog is jumping,a black dog is jumping in the air.,0.16696245525631676,0.788432201439023,A black dog in the middle of running or leaping .,A black dog is running quickly along the ground .,A rottweiler running .,The brown and black dog sprints across the snow .,There is a black and tan dog bounding through the air .,0.6214697461827063
30,51,5c77b0247144a7a7345a3b7bbf5c339d29b63ab85a72b7c62c653c38d5693241,a little girl playing in the sand at the beach,a young girl in a colorful bathing suit runs along the beach.,1.3143842831402779,0.5956929219850425,A girl smiles as she runs across the white sandy beach in her swimsuit .,a little girl in a flowered bathingsuit runs through the sand at the beach,A little girl in a flower swimsuit running across the beach with waves in the background .,There is a little girl running on the beach .,The young girl is running on a sandy beach .,-0.7186913611552354
31,557,5562df511f9b520f20db44058eec042c8d7ba16fa4dc9852e3d977f80d6e4152,a snowboarder doing a trick in the snow,a snowboarder in a blue jacket is doing a trick on a snowy hill.,0.4753064495787069,0.4051238530904303,A man wearing goggles snowboards on a half pipe .,A person on a yellow snowboard does some tricks in the snow .,Person snowboarding at a ski slope .,The snowboarder in the blue pants is performing a trick .,"The snowboarder is wearing a dark top , blue pants and a helmet with goggles .",-0.07018259648827657
32,310,863a1d0a8d557b05846b9e32182766a1c7cc4b58c9aa777a23281273d95aa37b,a man and a woman sitting at a table,a man and a woman are sitting at a table.,0.8052445594007549,1.2484507895232202,A couple in a restaurant are holding hands .,A couple holding hands across a table .,A couple is sitting in a restaurant holding hands .,A dimly lit room with several individuals including a young man and woman holding hands across a table .,A man and woman are sitting at a restaurant table holding hands .,0.4432062301224653
33,100,d41b14714a3a2e4d1c068fb320895f1a5be9cb8b7151c1c28d924d5f824e9d6a,a man and a little girl sitting on the ground,a man and a little girl sitting on the ground eating ice cream.,1.09078551073443,1.0262094086865636,A man and a girl sit on the ground and eat .,A man and a little girl are sitting on a sidewalk near a blue bag eating .,A man and young girl eat a meal on a city street .,A man wearing a black shirt and a girl wearing an orange shirt sitting on the pavement eating .,A man wearing a black shirt and a little girl wearing an orange dress share a treat .,-0.06457610204786635
34,848,da5c771dfb3d1faea98a12fedacfe0e15ae8523e90ccc8b8a0855e18d1adb2c3,a plane flying over a mountain with a fire in the background,a red and white firetruck is flying over a mountain.,0.9445957025553352,0.4982014881674536,Airplane emitting heavy red colored smoke .,An airplane is flying over the mountain trying to extinguish a fire .,A small plane is dropping a red chemical over the mountaintops .,Red spray is being ejected by an orange and white plane flying over the hilltops .,Small red airplane flies over mountaintop dropping red substance over fire .,-0.4463942143878816
35,921,ae17c4004c98546d3febf467d2e0df38c5fb73646931d35ab6bca8831e930d54,a young boy in a blue jacket and black pants,a young boy in a blue jacket is standing in a grassy area.,0.6373281755251214,0.9457697220543819,A child in formal clothing is walking along the edge of a stony area that is littered in places .,A little boy with a blue jacket is making a sour face at the camera .,A young boy wearing a light blue jacket walks across the brick patio .,A young boy with a blue coat makes a funny face as he walks towards the grass .,"The young boy is walking wearing a blue jacket , a black sweater and white collared shirt .",0.3084415465292605
36,45,1c8ff49ff11c7e3ba38ca00ee8b1c130f0beae1e822ec30e1eaaef834ac79b41,a small child pushing a cart down the street,a little girl pushing a cart down the street.,0.7116456277377804,1.0985875119245485,A child pushes a doll in a baby carriage .,A little girl pushing a baby doll stroller,A little kid in blue shoes is pushing a toy baby in a stroller .,A small child pushes a stroller down the street .,a young child carrying a doll in a stroller,0.3869418841867681
37,976,630d788765f1836d4292f82144bd7dd2cc52e1cec19adc683e1fbd4db988c8db,a woman and a young boy walking down a street,a woman in a blue shirt is walking with a boy in a red shirt.,0.24285845321452285,0.43063478511259645,A boy tries to throw water on another person with his water bottle .,A boy wearing a red shirt is splashing water on a woman 's legs .,A boy with a bottle plays with an older girl .,A young boy splashing an older person with a bottle of water,The laughing boy holds a water bottle while a lady with wet pants walks nearby .,0.1877763318980736
38,136,d780dc86c7661372fc6b6304bf200514fb6bf3820bdc8012baf745082a2c8725,a child on a sler,a boy sledding down a snowy hill.,0.061938035506652916,0.07843612959346173,A boy in black winter clothes sits on an inflated sled by a mound of snow .,A child rides down the snow in a tube .,The kid is on a float in the snow .,There is a person sitting on a plastic blow-up float in the high piled snow .,"This person , bundled up for the snow , slides down the hill on an intertube .",0.016498094086808815
39,128,4d6821a107a156c179eba57bb696bf4ae75a8b8ec4dfd88298bc4235cebac8c6,a white dog is wadi in the water,a white dog is walking through the water.,0.590166722895812,1.219775864357962,A dog in some water enclosed by rocky ledge .,A white dog is standing in a pond .,A white dog is walking through a river that runs through a rocky landscape .,A white dog walks through shallow water in the wilderness .,The white dog is wading in the pond atop the mountain .,0.62960914146215
40,605,11bde60662b3d13505c15197c52d0b30a33a89e905073f4fb7eb1d18156b7b7d,the snow is white,a snowboarder in midair.,0.09558986362387378,1.007409194655361,A snowboarder going over a cliff .,A snowboarder is jumping off a high stone wall .,A snowboarder vaulting over a rock ridge .,Snowboarder performing a trick high in the air over snow .,The snowboarder is doing a jump .,0.9118193310314872
41,945,797231c0f8fefd6b80ea2f71564b58d1168125055977ebdf08849bbc606fe856,a man riding on the back of a elephant in the water,a man is standing on top of a dead animal in the water.,1.3414697699396536,1.5382939358712955,A man is standing on an animal in the water .,A man is standing on an elephant lying in some water .,A man standing on a rock in a river with a spash next to him .,A man stands on top of an elephant in the water .,A man stands on top of a submerged elephant .,0.19682416593164187
42,773,76e08a94bacb3bbde199c0124e5d27e4ff6d0ce11ce8ad0e13c0e2ce35c2f14e,a snowboarder in the air,a snowboarder in the air.,2.1989153080528223,2.1989153080528223,A man snowboards .,A red-clothed snowboarder is performing an aerial trick .,A snowboarder in the air over a snowy mountain .,A snowboarder is in the air .,A snowboarder is jumping in the air over a snow slope .,0.0
43,941,4a3d6dda75dc3141eeddaa52268b1b4b8fa532c31f48971c5068164e820cb013,a young girl with a sign on her chest,a girl with a sign on her chest smiles at a man.,0.69216556478202,0.6904533542614912,"A girl in a bikini wears a sign saying "" free hugs "" .",A girl in a blue bikini is wearing a cardboard sign around her neck .,A girl wearing a swimsuit top wears a sign to give free hugs .,"a girl wears a sign that says "" free hugs "" .","Woman in blue bikini wearing a "" free hugs "" sign .",-0.001712210520528723
44,613,01ebd7b2d4af34f882afe0fd49b422edd1a36b3a434f3904f1447115bdc5404a,a young boy playing on a metal tube in a park,a young boy in jeans and a t - shirt is sliding down a metal slide.,0.48500689494182947,0.1436747065246087,Two boys are running in a metal barrel .,Two boys are running in a spinning tube .,Two boys are walking inside a human-size exercise-wheel .,Two boys running in a giant metal wheel .,Two boys walking to make a cylinder roll at a small carnival .,-0.3413321884172208
45,98,4cb642214496bcf03fb2bf888e3f4a73638a925a993027a89d7a81801ce149b0,two dogs playing in the sand,a black dog and a white dog are playing in the sand.,0.5356128809628952,2.1055914709053094,A black dog and a tan dog fighting .,A black dog and a white dog are wrestling on the ground .,A black dog bites a white dog while standing on the sand .,two dogs fight .,"Two dogs , one white and one black , play with each other in the sand .",1.5699785899424143
46,758,57b72da0b62f3960266a0d88ed9c177fe3563ee9249d30afacee4ae6b98a3521,a man riding a skateboard down a set of stairs,a boy is skateboarding down a set of stairs.,0.2610146524478674,0.1370330182829042,A guy riding something down steps .,A man skates down a long outdoor stairway .,A young man attempts to ride a unicycle down an outdoor stairway stained with moss .,the man is pedaling the tiny bike down the steps .,"Two men walk down a stone stairway , one is riding a unicycle .",-0.12398163416496322
47,595,d09ffc7672aaf5f5d71f8b7a2c00f9ae1e37335f2ac61a53f55d80c51e11eabf,a group of people on a boat in the ocean at sunset,a group of people are on a boat in the ocean at sunset.,0.5594053846421179,0.5845798655039325,A boat containing people is suspended by a cable .,A boat suspended by a cable over the water .,A raft hanging from a rope over the ocean .,A small group of people are in a small red boat and it is in the air over the ocean .,The boat with passengers gets lifted out of the water by a large cable .,0.02517448086181462
48,470,1f62908c7fde37a6771a1015097d05f4ef973b5355e0693971a21189012d8bba,a dog running through a field with a ball in it ' s mouth,a black and white dog is running through a field with a white ball in its mouth.,0.7586724930280955,0.4962300484147113,a closeup photo of a small dog with a holey ball in his mouth .,A dog carrying a white ball .,A dog fetches a ball in a field .,A dog trots with a ball in its mouth .,The dog is carrying a whiffle ball outside,-0.2624424446133842
49,25,b1f677d874dd6cab5daf8e6da1ac9b6b28cd6c8310ee702476297e196c447cdf,the grass is green,a woman in a red dress is sitting in a wagon with a child in it.,0.0,0.07700480208967884,A group of people in costume at a renaissance fair .,People in costume at a renaissance fair .,Two woman in colorful costumes look at a little girl wearing a brown vest .,two women and a child are sitting by a cart of arrows in front of a booth at a medieval Fayre .,Two women crouch near a small child at a medieval fair .,0.07700480208967884
50,514,a0a3aee840a4b74bb053ee58d89c4fcdcbd1c7b9196ed7acf9b28ba3f621fa16,a man sitting on a parking meter on the side of the road,a man sits on a parking meter.,0.3330718680174744,0.45784037172731284,A man sits on a bench on a San Diego street .,A man wearing a coat and had sitting on a bench in the city .,A man wearing an orange cap sits on a white bench beside a blue trashcan .,"Man hunched on gray bench marked SAN DIEGO , neat blue trashcan .",Man sitting on a bench on the sidewalk .,0.12476850370983844
51,239,a8d98acfbce9028a3fd9ca20b57035e1ef36d8316eefde44d13b16911c1384d9,a group of people playing in a swimming pool,a group of dogs are swimming in a pool.,1.6401115473453318,1.4230322702629847,A bunch of dogs and kids playing in a swimming pool .,Dogs and people play in a pool .,"Five dogs are swimming and four people are wading , together inside a dog park pool .",People and several dogs in a swimming pool in a park like setting .,Several people and dogs are in or near a large outdoor swimming pool .,-0.2170792770823471
52,980,de7df53586b827bf62bc9cdd4b257dfd8cafcdb0def7e998c63a8a306ee41347,a little girl in a tunnel,a young girl in a blue and white striped dress is standing in a tunnel.,1.517346872475779,0.6806507428294252,A girl wearing a blue dress is sliding down a tube slide .,A little girl in a white top is inside a concrete tube .,A little girl is sliding down a tunnel smiling .,A little girl smiles as she slides down a tube on a sunny day .,A young girl in inside a tunnel .,-0.8366961296463539
53,623,51680dbc767369a594687daef18ec0d52bd18ed84ba45f88f3362d0b0345e198,a group of men playing a game of rugby,a group of men playing rugby.,2.103995811407113,2.8948165660919454,A bunch of men play rugby on a muddy field .,A group of men are playing rugby .,A group of men are playing rugby .,A group of opposing players are in the middle of a rugby game .,Men play rugby .,0.7908207546848325
54,252,d3c90932e6134f20eadccf6a4698ce123dc0b55006240ded4e32da63da323752,the water is blue,a man waterskiing.,0.10690730397628961,0.024483241453854488,A man jet boarding .,A parasurfer is airborne over the water .,A wakeboarder is attempting a trick while holding on to lines pointed upward .,A wakeboarder is jumping a huge wave .,person on a wakeboard in the air,-0.08242406252243513
55,662,7dd3b5dd4c24e0aee840104adedbcbfde3534cecb9eda8a6b034217b3a4fa068,a clear blue sky,a person in a blue coat is falling down a snowy hill.,0.005812387776703308,0.06395205915691092,A person is holding a camera while a skier does a trick .,A skier doing a trick by a snow mound while a man films it with a camera .,a skier is being filmed by a man with video camera on a jib .,A skier wearing blue snow pants is flying through the air near a jump .,A skier stands on his hands in the snow in front of a movie camera .,0.05813967138020761
56,171,5460bc69f2029a42c4e5d1d2e7ca5e0eea0af46c8c20f64ab3a931d2f844396a,three dogs playing in the grass,three dogs are playing with a ball in the grass.,1.2276391989858815,1.3144006234742722,A big black dog carries a blue ball while two Corgis run at his side .,"A black doberman , a brown and white corgi and a black , brown and white corgi play with a blue ball on the grass .","Three dogs , one of whom has a blue ball .","Three dogs on grass , one with a blue ball in its mouth .",Three dogs playing with a blue ball .,0.08676142448839075
57,408,086cdd30d226c540cecd5a54c82f0a87df2f0ed34005c09a9373ff97763e2212,a dog running with a ball in its mouth,a dog is running with a blue ball in its mouth.,0.8697952791183281,1.5419548266423533,A black and grey dog is playing with a blue ball outside .,A dog is playing with a ball on the grass .,a dog playing with a blue ball,A gray dog chases a blue soccer ball on the grass .,A graying dog is pushing a blue soccer ball downhill with his nose .,0.6721595475240252
58,993,eb98db8054113c51a366f2b885033d7c7951ac59da7362dac72548dc5d85deb3,two little girls standing next to each other little girls,a little girl in a pink outfit is standing next to another little girl in a pink outfit.,0.13211117596878005,0.07354523112419731,One young girl pushing a toy while her twin sister looks on .,Two children wearing bright pink clothes are playing with a toy lawnmower .,Two girls are dressed the same and one of them is playing with a toy lawnmower .,"Two little girls stand against a wall , one girl has a happy face and the other girl has a sad face .",Two twin girls playing with a toy in the driveway,-0.058565944844582746
59,592,9ee506b43100bc229f563ce3d0f6ac98f289db05302ed3090f55dbc1f7957133,a boy playing in the snow with a dog,a boy plays in the snow with a black dog.,1.3492009595427659,1.0922106302671204,A boy in a blue sweatshirt playing Frisbee with two black dogs .,A man stands in the snow and holds a toy up while a black dog jumps for it .,a young person playing in the snow with two black dogs .,The man is playing with two dogs in the snow .,Two dogs play with a human and a disc in the snow .,-0.25699032927564547
60,701,f425dd542835fd99926365e70b328691d4c3ea459c27920da8a548598f4d54bf,a little girl in a pink dress,a little girl in a pink sweater and polka dot skirt is standing on a fence.,0.2230773259106775,0.6657930920555539,A girl in pink polka dots looks at a horse .,A girl is hanging on the fence watching a horse .,A little girl stands on the fence while peeking through it to look at the horse .,A young girl clings to a fence ant watches the horse on the other side .,A young girl dressed all in pink is standing on a fence and looking at a horse .,0.4427157661448764
61,427,91b3e3b0b6dd08ca113182a0de991b2fd45e093b224ef8b1b673044527ac88bb,a person holding a small black kitten in their hand,a small black dog is being held up by a person ' s hand.,0.44850485315893096,0.7941983899100281,a small black dog biting a ladies two fingers on a beige couch,A small black dog chews on fingers .,A small dog bites a ladies fingers .,Small black dog biting on a person 's finger .,Small black dog biting the fingers of a woman .,0.34569353675109715
62,457,ad2fef3326856db4f985c1049b28a1bd6c61b59e17fec037bcdddd5e3dd1cfa1,a man sitting on a bus talking on a cell,a man in a white jacket is sitting on a subway train.,1.2845875517629626,1.6118921804624469,A bearded man on a train,A man is sitting on a train resting his hand against his face .,A man sitting on a subway .,A man sitting on a subway looking at the camera .,A man sitting on public transportation .,0.3273046286994843
63,454,9ca0a1a69fc7acce1acb5b72ecec04dbcf8a18c6018fe19ed7c35c4c4c460e56,a person doing a trick on a skateboard,a skateboarder does a trick in the air.,0.569525352373196,0.33086578204604356,A snowboarder is doing a flip over a mound of snow .,A snowboarder is in midair doing a trick .,somebody in the air on a board,Someone on a rooftop jumping on some sort of a board caught in midair .,There is a person on a snowboard up high in the air .,-0.23865957032715246
64,151,39a1b1cfe7cc411e8fd3d2faf9c4e1e3b537def78282066d60a1f8bce7c07a90,a woman on skis with a dog on a leash,a woman and a brown dog are walking in the snow.,0.5329723675631112,0.48667484944318007,A person is skijoring with a dog in the mountains .,A person skis with their dog .,"A woman cross-country skiing , with a brown dog .",a woman skiing down a snowy mountain with a brown dog on a lesh running with her,The brown dog pulls a skier across snow-covered ground .,-0.0462975181199311
65,756,11fec43a4ab7f906f67cc86549f738676b1150526cd3d613982d15f9a5386fc5,a group of people playing a game of baseball,a baseball player slides into home plate.,0.454723548407829,0.4740039059088007,A baseball player attempts to catch a ball while another runs towards the base .,A baseball player catches the ball while the batter reaches the base .,A baseman tries to catch a ball while a runner tries to make the base in a community game .,An umpire in a baseball game crouches to catch a ball while an opposing team member runs to homebase .,Two children are playing baseball,0.01928035750097168
66,250,8682f938f390fb16f4def22450e1707f006ffad0be5d695ac9533c47aabe4f08,man wearing a blue hoodie,a man in a blue jacket is pointing at another man in a blue jacket.,0.002150428484350471,0.030113559732294598,A boy in a black shirt punches a yellow punching bag while a boy in a blue sweatshirt holds the bag .,Many children playing outside in the grass practicing punching .,Some kids play outside on a nice day .,The boy in the black sweatshirt is hitting the yellow object held by the boy in the blue sweatshirt .,Two boys talk on a field near palm trees .,0.027963131247944126
67,904,ac49b6d610e81841194ece364cb7f5eec6546403641d722b6a470f93b2909751,a dog standing on a brick walkway next to pots of flowers,a black and white dog is running down a brick path between two potted plants.,0.08003407532678125,1.2661419508959648,A black and white dog is running up a path towards some potted plants .,A dog follows another dog around the corner but looks back .,A dog is turns back toward the camera near some potted plants .,A dog turning to look at the camera .,A white and black dog in a hallway filled with potted plants .,1.1861078755691836
68,324,1bf85c9d4d117118f34f89e584bb0b6df04f1f53e8573373a49abaf398f9ffb1,a person standing on a rock next to a kayak,a man in a red jacket stands on a rock next to a yellow kayak.,0.7363804634740057,3.07025583524739,A man in a red jacket stands near a yellow kayak .,a man in a red jacket stands next to a yellow kayak on rocks by the ocean .,A man pulls on his sweater as a kayak lays at his feet .,A man wearing a red jacket standing beside a yellow canoe on some rocks with water in the background,A man wearing a red jacket stands on the shore of a lake with a yellow kayak .,2.3338753717733844
69,439,bc1d5b13018b9bfe2bf8cbfbf3ec0d3df5d5a6f64e5254cdf5bc3154e26d8926,the dog is brown,a golden retriever and a golden retriever are standing on a wooden deck.,0.08845493072538221,0.4623292675410413,A large dog sniffing a smaller dog outside .,Two blond dogs are standing together on a patio .,Two dogs are standing together on a patio .,Two golden dogs are standing on a wooden patio .,Two golden dogs on a wood deck .,0.37387433681565907
70,650,af6b20f5821f40887ecdf48a22371a618e95f554e5545e07e64a8657bd8921fa,a man riding a skateboard down a sand dune,a woman in a white dress is riding a snowboard down a sand dune.,1.2066187795626968,1.1471916245358686,A blond boy slides down a sand dune on a skateboard with no wheels .,A blond child runs down a sand dune while another looks on .,A blonde girl surfing down a sandy hill,A woman is snowboarding down an incline while another woman stands behind .,a young person sliding down a sandy hill .,-0.05942715502682816
71,238,417dc8b6863e89e3945ef510e5f3693a34dcf0a4a0ce6303bb9ab41dab38899d,three girls sitting on the floor,a group of girls sit on the floor.,0.6890873287911705,1.7193511634265812,A group of girls sit back to back .,a group of girls sitting in a circle,Little girl in bare feet sitting in a circle .,Little girls sitting in a circle on wooden floor surrounded by observer area .,The young girls sat in a circle on the wood floor .,1.0302638346354107
72,498,8643873f5f4a9ce0a257d0d629aa90adaff34f9c79dcf8a9d968e6976b0ac28f,two dogs running on the beach,a man and two dogs are running on the beach.,0.8900626120080044,1.1926933116920726,A dog running on the sand by the beach while his owner looks at the other dogs on the beach .,A man and 4 dogs playing on the beach .,A man is standing at the shoreline on the beach with 4 dogs .,A man is standing in front of 4 dogs on the beach .,Man watching four dogs play on the beach,0.3026306996840682
73,806,ad6dca6f593940fb7c220bafa735fed3c9fa441d1be0c7ee498ad2f4f989a910,a man playing a guitar,a woman plays a guitar in front of a brick wall.,1.4902903362830582,1.4716883998951409,A man in fancy clothing plays a guitar on a stage .,A man playing a guitar under the lights with other people in the background .,A woman plays guitar by a round light .,Man playing guitar in a dark room .,The man played guitar in the band .,-0.018601936387917295
74,629,dde4ebe0ea8177e9ca8c161a7da47a06ecf50803200ab4de6471bfc9f58325c3,a woman covering her eyes,a woman covers her face with her hands.,1.0900009235668224,0.7408135595227785,A person in black covering their face with their hands .,A woman covering her eyes in a park as the day comes to an end,A woman is covering her eyes with her hands .,Person in black jacket standing with hands over eyes with street lights on in the background .,The man with brown hair in the black sweater is covering his face with his hands .,-0.34918736404404394
75,468,4bc34b556700cb23ab40de091aa69eafd667441d09dd8d38de6938c536f750c8,a man wearing a black jacket,a man in a black jacket is talking on a cellphone while holding a pepsi flag.,0.3321800305183386,1.3279356927037642,A man talking on a cellphone is holding a blue banner .,A man talks on a cellphone while holding an Obama campaign sign .,The man in glasses carrying an Obama poster is talking on a cellphone .,The Obama supporter wears a black jacket and brown hat .,Yong man with cellphone and goatee holding Obama sign,0.9957556621854255
76,343,0d7efa0102a56e819d7ed8d6d3d23577fb47a389d17375cbd1e5d0c2bf76eb82,a man doing a trick on a skateboard,a shirtless man does a back flip on a sidewalk.,0.04031034571123976,0.10229909314484936,A man in black shorts is stretching out his leg .,A man practicing a high kick on the cement near the grass .,"A young , fit man wearing short does a high right kick in the air .",A young man practices a martial art kicking skill in front of his home in the early morning .,A young man wearing shorts and no shirt is high kicking as water flies from his clothing .,0.0619887474336096
77,664,0087c1ca0644044d648457f249c3c971a2d8702c9e65954d01a1d16cd87597b9,a group of people standing in a living room,a group of people are posing for a picture.,0.8662567147680246,0.1469325265573278,A group of 5 people making different expressions .,five teenagers cheering in a living room,The room full of youths reacts emotionally as they spectate .,Three boy teenagers and two female teenagers are making excited facial expressions .,Three guys and two girls are watching something and getting excited .,-0.7193241882106968
78,671,103d24116d6181aa4ca86aa5b8a259f7ebc650e95022287b8ddf4868560bc405,tracks in the snow,a person in a blue jacket is skiing down a snowy hill.,0.04888199678871329,0.7318141715333517,a lone skier skiing down a snowy mountain on one ski .,A man skis downhill on a mountain .,A mountain skier heads down a mountain .,A skier in a blue outfit is skiing down the hill with a red pack on his back .,A snowboarder on a wide plain of snow,0.6829321747446384
79,652,850278427b62e8393a3b4839220b7e949adc59155cc2103a70ad757449223508,two dogs running in the grass,two black and white dogs are running through a puddle of water.,1.0934456971553308,1.5822070028848128,The dogs are running through the water,three black and white dogs running through a watery field .,Three dogs running through a puddle .,Three dogs run through a soggy field .,Three dogs run through water and grass .,0.48876130572948195
80,346,3e1251bc6d4d6b064730aca6d21d778f7daf644dcb5efbdef1f4b99277f0b60f,a young boy playing with a yellow frc,a young boy is jumping into a swimming pool with a yellow hula hoop.,0.13119475983145257,0.4277126534471426,A boy holding a large foam wand waves it near a swimming pool .,A boy plays with a foam noodle toy by a pool .,a boy plays with a noodle by the pool .,A child with a water noodle .,A little boy wearing blue shorts is holding a yellow noodle over a pool .,0.29651789361569003
81,381,c5358bd868a25441a5ac089c439048fdf45f20fb4fc07e8a24e1a9ed58621631,two men standing on the sidewalk,a man in a white shirt and khaki pants stands next to a red mailbox.,0.3006069527048617,0.037359589133691695,"Two men are standing beside a sign that says "" Jesus or hell "" .",Two men are standing in front of a protest sign resting on a red electric box .,"Two men are talking on the street ; one is pointing at a sign that says "" Jesus or Hell "" beneath a red box , and the other is standing there listening .","Two men discuss a sign that says "" Jesus or Hell "" .",Two men talking by a red box and a poster,-0.26324736357117
82,493,528ef2ba561851c7d4b1fcfabd39b2c40d59ec068580f7cf31868f42a72c10e4,a group of people standing in front of a building,a group of people standing in front of a building.,1.3865217868557358,1.3865217868557358,A crowd of people are standing in front of Italian style buildings .,A crowd of people stand looking at somthing in a European courtyard .,A crowd of people stands attentively in a plaza with buildings in the background .,A group of people are looking at the buildings .,Group of people standing in the town square looking up .,0.0
83,708,59c440c9f2632f9b249b36219b5fbfa63d7af8c9dbf0aef273119bfcf6f16e46,the dog is sitting on the grass,a brown dog wearing a blue shirt is sitting in the grass.,0.9819064097467236,1.605786300591274,a brown dog is sitting on the grass wearing a blue sports jacket .,A dog in a blue sweater is sitting in the grass .,A gray dog sits on a lawn wearing a bright blue long sleeved jacket .,A gray dog wearing a blue long sleeved zip-up jacket .,"The gray dog sits quietly , dressed in a blue track jacket .",0.6238798908445504
84,513,902fcad44455f8b0996d9b75fd29e2af934410d6fc5e3a0e38a33230e3ca3364,a crowd of people,a man in a fur coat is surrounded by a crowd of people holding signs.,0.6211057340105121,0.33996587391756034,A crowd of people wearing jackets and holding signs .,A group of protesters picket in the road .,"A large "" green "" peaceful protest is taken to the streets .",A protest march is passing by a white stone building .,Group of people walking with posters .,-0.2811398600929517
85,563,34fe8633e79885870ffd99237cb0795b660c94d61f444aec19c84ee24fe30d45,a man is swimming in the clear water,a man in a black swimsuit is diving into the clear blue water.,0.6362649917802001,1.6508134273369461,A man dives into a clear blue lake .,A man in black bathing trunks dives into water .,A man in black shorts is diving into a rocky pool .,A man in black swim trunks diving into the water,A person is diving into clear blue water .,1.014548435556746
86,857,c16ce12e7a88f0d621c74bfad181a24d35664e475f71d7a989eca3944f25ce58,a man in a kilt,a man in a black and white outfit is standing in a store.,0.13644255940341996,0.8153520776345871,A man with a Mohawk with his arms in the air .,A man with multicolored hair wearing a weird outfit,A person in a kilt and a sports jersey and a Mohawk is in a store .,Punk rocker buys computer ink in the big-box store .,The man with the eccentric clothing and hair poses in a store .,0.6789095182311671
87,781,b9f4e667917bb5b30dadfeae87ef02941e184b2a808a65f3a171fa8259a74522,a person on a dirt bike,a person on a dirt bike is making a sharp turn on a dirt track.,0.5003326341493549,0.19028520492124412,A dirt biker aggitates dirt on a four wheeler .,A man is riding a four wheeler through some dirt .,A person drives an ATV through mud .,"A person on an all-terrain vehicle , sending up clouds of dust .",A quad sends dirt flying into the air .,-0.3100474292281108
88,135,8064c35e2d943db901898d129c0ad74bb1b4820f9de4c24dc2a0e842b2834859,a young boy eating a bowl of food,a young boy with a blue shirt is eating a bowl of fruit.,0.3306549137620486,0.40307677699241384,A baby eats and has food on his face .,A boy with lips messy from eating fruit,A little boy is eating something and got it all over his mouth .,A small child with berries all over its mouth .,A young brown eyed boy with red syrup on his lips is pouring syrup .,0.07242186323036526
89,232,510fe09c20107fc3f039a4bf60ec0b302d8d4b5cc3c90f2aad979f7f21b3ac36,the dog is jumping in the air,a brown dog jumps into a white car.,0.08762317294856495,0.5878344921519809,"A dog jumps up towards a woman in a car , while another dog is outside the car .",An orange dog and a little white dog with black spots are next to a white car .,A small black and white dog jumps at a woman in a white jeep while a golden dog follows beside them .,A small dog jumps by a car to reach a lady 's face while another dog watches .,White and black dog jumps at someone through car window .,0.500211319203416
90,931,64d28c78a7d485037fe10239af3f5412420ac94460bed0f3ffeccde02c813c5f,a small white dog running in the grass,a small white dog running down a dirt path with a person in the background.,1.5337019498139706,0.4513673966418995,A small white dog is running through the dirt right on the outside of a patch of grass where two people and another small black dog are playing .,A small white dog runs .,A white dog is running on gravel away from two people and a black and brown dog .,White dog outside with two people in background .,White fluffy dog running in the dirt .,-1.0823345531720712
91,426,88384fd949fe3b8aa86b79e6c2db709badc4dcdedcb3232de05b0b4b79061ad9,people sitting in a plane,a woman and two children are sitting on a plane.,0.0453132376396268,0.12454752783528136,"A man sits in an airplane seat holding a young girl in his arms , surrounded by other passengers .",A small girl wearing pink sleeps on a man 's lap as they ride in an airplane .,A young girl falls asleep in her father 's arms while seated on an airplane .,Little girl sleeping in crowded airplane,Young girl wearing a pink sweater sitting on a man .,0.07923429019565456
92,660,34d3f8f20fd45f63750a5c77c273867d0aadaeab4eb9d8f54fd830dceb4a5fe6,a group of people sitting on the ground,a group of children are sitting on the ground.,1.6574560319832508,1.1169716991114431,A group of dark skinned children are sitting beside a red metal container .,A group of kids sitting against a large red dumpster .,a group of people sitting outside in the dirt on the ground .,A large group of people sitting near a shipping container .,Two sub Saharan African girls in purple dresses sit on the ground .,-0.5404843328718076
93,995,f5f96c6afbacd01c1fa24753c595979ad54e7f66709e523e695d46a6d35994a8,a dog playing with a tennis ball,a black and brown dog is playing with a tennis ball.,2.734572459718883,3.100071752102152,A beagle is playing with a tennis ball .,A puppy dog is playing with a tennis ball .,A puppy is playing with a tennis ball on a well-kept path lined with groomed bushes .,A puppy plays with a tennis ball on a stone path .,A white-footed beagle plays with a tennis ball on a garden path .,0.36549929238326895
94,36,0e23f078a5d4ec40a4003099b6ffc435cb863bb45b631b6c84aa40519b96f39a,a young boy holding a surf board on the beach,a boy in sunglasses and a blue shirt is holding a yellow and red surfboard on the beach.,0.29165235041703735,0.16289920230629587,A blond boy in a blue tee shirts stands smiling before a craft of green nylon fabric .,A child poses wearing glasses near water outside .,A small girl smiling on the beach .,A young kid at the beach .,a young man wearing swimming goggles wearing a blue shirt with a pirate skull on it,-0.12875314811074148
95,545,2b14837fc9ccc51681b583625dd533a03822fbd47acb11f2f7c7cae592915c7a,a black and white dog standing in the grass,a black and white dog jumps in the air to catch a frisbee.,0.8806776241570149,2.924987681240656,A black and white dog is catching a Frisbee in the yard .,A black and white dog is trying to catch a Frisbee in the air .,A dog jumps to catch a red Frisbee in the yard .,Dog is jumping up on a very green lawn to catch a Frisbee .,The black and white dog tries to catch a red Frisbee on green grass .,2.044310057083641
96,116,10ef867f497efcaf33a41b1204afa69430117d1b25f362318f422b897a3536e3,a woman riding a bike down a street,a woman in a pink hat rides a bike.,0.7205947550289002,2.1058564301983975,A woman in a pink hat and a navy blue coat riding a bicycle .,a woman wearing a pink cap riding a bicycle,"A woman wearing black clothes , a purple scarf , and a pink hat is riding a bike .",a woman with glasses and a pink hat rides her bike .,The woman is wearing a pink hat and is riding a bike in the park .,1.3852616751694973
97,434,345de146cc919a5bc027adf6530195517f1aa8c7c9b0f2a66bba3667a7874d1e,a person riding a motorcycle down a hill,a motorcyclist is riding down a hill.,0.343589451226312,0.17717962903770426,A man doing a wheelie on a motorcycle .,A motorcyclist is pulling a wheelie on a motocross bike as he rides it up a dirt track .,a motorcyclist wearing a red and white jacket popping a wheelie on his motorcycle .,Person popping a wheelie on a dirt road .,The man is walking towards a group of people on a long dirt road .,-0.16640982218860775
98,390,86d449c91129779ddc42aa835cf2a8a0703b094d9a58a875e7cf5dd1fac8041e,a dog standing on a blanket on a porch,a dalmatian is standing on a blue and white blanket.,1.1252153310922908,0.03430012588820468,A dog lays on a mattress on the porch .,A dog rolls on a mattress placed on a porch and scratches his back .,A spotted dog rolling over on a pad placed on a porch .,A white dog rolling on its back on a porch .,The spotted dog rolls on its back .,-1.090915205204086
99,751,32021a19e16e00f6244cb4bfb9ee356bd8e59888882ce7ed515e3ef96c6bf6e2,the man is wearing a blue shirt,a man in a blue shirt is being bandaged by a man in a white shirt.,0.0002761245081888077,1.1711454623314917e-06,A group of men are changing the shells on a cannon .,Group of men loading a cannon .,several men loading a metal cannon,Several people work on a machine .,Some men try to load what looks like a cannon .,-0.0002749533627264762
100,797,308b64998b6f4eade6909c918491fbd792b883ea63acc3d06fdd8bf4356ba822,a man riding a bike,two bicyclists race through the woods.,0.09540776420323567,0.4749063685536419,A man leads the way on his bike while two others follow in the distance .,Several bicyclists are riding though a wooded area .,Three cyclists ride through cordoned pathway near woods .,Three men fight the forest terrain on their mountain bikes .,Three mountain bikers are in a race in the woods .,0.3794986043504062
101,180,26a95cc6aa0bd28a8cb31e5afc7a7a16b6c1827be9ec417fbd3116c885467476,a todd playing with a hair brush in a living room,a toddler in a red plaid shirt is playing with a hairbrush in a living room.,0.3756523304209328,0.4121599951369965,An older child watching a toddler play with a long spring inside a house .,A young child plays with a slinky in the family room while an older sibling watches .,Two little children and one is playing with a slinky .,Two young children are playing in the living room with some toys .,two young children playing in front of a couch,0.036507664716063704
102,152,b45add4726d5e8e00fca1ac449c37b4ee6ad369bc0fd2e61c6690dad9f8f7b25,a man walking in front of a building,a man walking past a building.,1.7349778202166033,0.6746043812034019,A man wearing a black hat walks along a road next to a building .,An older man in a long sleeved black shirt is walking down a cobblestone street alone .,a old man walks down the uncrowded road .,A person walking in front of a building .,The man is walking near a brown building .,-1.0603734390132014
103,38,24a8ea943cd8ce3c8a5736f0b62b4c313650cfc4476836e91807d3b51b1e232f,the sand is brown,a boy in an orange shirt is standing on a tree stump on the beach.,0.10462155836070215,0.21837465236102366,A blonde girl is stepping on vertical logs in the sand .,A little girl is walking along a line of logs on a sandy beach .,A young girl balances on wooden pylons at the beach .,A young girl is walking on stumps on the beach next to the ocean .,Girl walking along the tops of wooden posts set into sand on a beach .,0.1137530940003215
104,946,2d37d2c057b7532f8119e5bc00b8aa889378c6f57884fb2499c3e8ed79995252,a man sitting on a bench next to a dog,a man and a woman sit on a bench with a dog.,0.6097562955176056,0.6041487817277249,A shirtless man with a brown and white dog looking at a woman in jeans and a bikini top who is relaxing on a bench .,A shirtless man with a dog next to him talking to a shirtless girl slouching on a bench .,A woman in a bikini top is on the bench and a man with no shirt is talking to her .,A woman is sitting on a bench while talking to a shirtless man .,A woman with a hat is sitting on a skateboard which is on top of a bench and speaking with a shirtless man .,-0.005607513789880669
105,710,3439b5a103bb1143c736b678a794675d962ae8033b3cb7acc951475d08031ea0,two bears in the water,two brown bears are fighting in the water.,1.1332024294193546,1.3108670843212955,A mama bear and its cub are growling directly at one another .,The bears are facing each other with their mouths wide open .,Two bears are growling at each other .,Two bears bare their teeth at one another .,"Two brown bears touching , face to face , with mouths open .",0.17766465490194094
106,789,02f348a24d48f15297990b0de8c0fdc29710397c4739c8f6a348b788f2e1e307,a woman standing in front of a building,a woman in a kimono is standing in front of a building.,0.02443941132473359,0.8706681560990177,A Japanese woman in a colorful outfit is walking with a man dressed in black past a wooden building .,A lady dressed in a kimono is looking at the camera .,Two people stop on an empty city street .,Two women dressed in traditional Japanese clothing,Two women in Japanese dress walk down the street .,0.8462287447742841
107,558,a5c615eeb25dc0403a8a8ccd863dc6c81bfdde8eb79713feca5314a917cdd745,the woman is wearing a purple jacket,a woman in a purple jacket is leaning on a sidewalk.,0.2240648592399972,0.2539037862014559,A girl in a purple sweatshirt bends over backwards .,A girl bending backwards holding her hat .,A person bending backwards .,A person in a blue sweatshirt is doing a back bend .,A woman in blue bends over backwards on the street .,0.029838926961458734
108,142,f0c8527ec67c08aedbb8997acf460689bd23b506384ebf5714bee37518521d0e,the cow is brown and white,a brown and white dog is chasing after a brown and white cow.,0.5506115814702112,0.6233080724933389,A dog biting the tail of a cow .,A dog chasing an animals tail on the grass .,"A small animal leaps behind a larger animal , the larger animal 's tail obscuring the smaller one 's face .",A small dog chases after a large brown cow .,A tan animal is being swatted in the face by a brown and white bull .,0.0726964910231277
109,166,ef80495edd6f4ae1f4281567e19a12a912f64493a523b24961e90f42da59d7ed,a group of children sitting on the steps,a group of children are sitting on the steps of a building.,1.500782688672282,1.2453266385242772,A bunch of asian children on steps .,A large group of Asian children sit on or stand near steps .,Group of children in blue uniforms sitting on steps .,Little children in school uniforms congregate on the steps .,Many school children dressed in the same uniform are sitting on stairs .,-0.25545605014800477
110,990,c4b242416c4171e7164db409cc95d8b43834c44b9e1eca138ee8f4b7feca828d,the sky is blue and white,a person is jumping off a boat into the water.,0.00506374634522893,0.21211805942942752,A boy is upside down in midair near a lake at sunset .,A person does a flip by two sailboats and a lake .,A person flipping upside down,a person in midair doing a back flip .,A person is doing a flip in midair near a lake with sails behind him .,0.20705431308419858
111,83,90d7e72ac998172356dd688bd32874538f948b44963ca2b0c69dfb5f04bcd996,the dog is white,a white dog jumps in the air to catch a ball.,0.2552986227757975,1.0545867909169533,A dog is jumping to catch a Frisbee and casts a perfect shadow .,A dog jumps and catches a Frisbee in the grass .,A dog jumps and catches a toy .,A white dog leaps to catch an object .,A yellow lab jumping up to catch a toy .,0.7992881681411558
112,914,3af4872fe061f7969470c419d51ba85a89e2d6053ac7a74bc7ce21ab4c2b21df,rocks on the shore,a little girl in a pink dress and a little boy in a white shirt are playing on a rocky beach.,0.06784680504218361,0.277976564885486,A little boy and a little girl are playing with pebbles on the beach .,"A small boy and girl on the beach 's edge , looking at the ground",Two kids playing on a pebble beach by the water,Two little kids play on a pebble covered beach .,Two young child stand on the rocks near the edge of the water .,0.2101297598433024
113,230,6f76e9f287e2f8c4cf703568e1bde84fd00575796de24e759f8645d61fa468c1,a man in a black suit,a man in a black suit is holding a little girl ' s hand.,0.21625350624446688,0.5269810889269537,A man and a girl stand in front of a large crowd .,A man dances with a girl .,A man in a suit dances with a young girl in front of an audience .,A man wearing black dances with a young girl wearing a pink shirt .,The man wearing the blues brothers suit is dancing with the little girl in the pink top .,0.31072758268248685
114,885,2c1df319d29e67affae4fed89fcfb33aa2074083550bf2496e63c817bfe52cce,a man standing on a skateboard in the middle of a street,a naked man stands on a stool in front of a crowd.,0.5098103411313684,0.998618577322308,A family of five is watching a performer standing on a stepstool .,A group of people watch a man standing on a stool dressed in a thong .,A half-naked performer is performing for a small crowd outside .,A man in a small bathing suit standing on a stool at a tourist location,A mostly nude man standing on a stool while a family of 5 look at him questioningly .,0.4888082361909396
115,413,dd366693dd6ec616e131a4957fa99a296494e04133a1e7aca56574ada3757b8a,a person on a motorcycle doing a trick in the air,a person on a blue motorcycle is in the air.,0.3026492310133654,1.2325863643062456,A blue motorcycle is jumping over some colored barrels .,A dirt biker lands on a ramp .,A man riding a blue motorcycle jumps over a ramp .,a motorcyclist jumping on a ramp,A motorcyclist rides down a ramp held up by colorful barrels .,0.9299371332928802
116,125,c62544da2be27b979c02e419a0ef30f74d01006c7807376235de239676d0c22a,a clear blue sky,a snowboarder in a green jacket is doing a trick in the air.,3.265506216625102e-06,0.030197783605138608,A man in yellow jumps with his skis .,A man in yellow ski jumping over a barrel .,A man jumps while snow skiing .,A skier catches air over the snow .,Man skiing over a barrel in a snowy area .,0.030194518098921982
117,726,362a9076f859e2fc6fa12698270085d2311c0e48be2a54cc1ebabca5dfb926a3,a boy running on a baseball field,a boy in a red shirt and grey pants runs on a baseball field.,1.722559818776697,1.366455241417377,A boy in a baseball uniform runs the bases .,A boy is running around the bases in a baseball game .,A boy runs to a baseball base .,A child in a baseball uniform runs on a baseball field .,The young baseball player is running to one of the bases .,-0.3561045773593201
118,865,8ebeb32048cddee39fd6201d0d69690bf59451f2a5a260601987ceebf15ae956,a woman with blonde hair,a woman in a black and white polka dot dress stands in front of a pink wall.,0.33942829695902377,0.20112856231295717,a large woman puts her sunglasses on .,A woman in a black dress holding sunglasses .,a woman wearing a black and white outfit while holding her sunglasses .,The lady is holding her glasses .,The woman with blond hair holds her sunglasses .,-0.1382997346460666
119,638,c373177ef52b752c9d64a5f5e42d1f2a270dd21999ee2c96192ea7642d15d81e,a train car with graffiti on it,a bicyclist does a trick on a train.,0.9037715288596769,0.7677233139764859,A man jumps train cars with his bike .,A man on a bmx bike jumps over a train,A person is in the air while riding his bicycle on top of the train on a clear blue sky day .,A person is jumping over a train car while on their bicycle .,A person on a bicycle moving across the top of a train .,-0.13604821488319108
120,96,c746dfcad8a3c962d12e8021c4411a3d6c768e7cd198f0a3d94e4f6488b1a535,a dog swimming in the water near a waterfall,a tan dog is swimming in a pool of water.,1.970682337701537,0.3703233141751876,A dog swims towards a waterfall .,a tan and white dog swimming towards a waterfall,A yellow dog swims towards a waterfall .,The dog swims through the water toward the waterfall .,The dog swims towards a waterfall .,-1.6003590235263494
121,764,8e25a4ec5b1918a2921ca80fc610ef28baba6c435585294c43168eb7caf7d41c,a boy on a skateboard,a boy wearing a helmet is on a skateboard.,1.1827932462381057,1.8487038735216812,a boy in a white shirt and green helmet is riding a skateboard down some steps .,a child in a helmet and gloves on a skateboard is airborne,A little boy in a helmet is doing tricks on a skateboard .,A young boy is completing a jump on a skateboard .,The boy does a skateboard trick .,0.6659106272835755
122,79,6410731960b44017673bb63be92cc320237f73d87387673da11b6d0d0ab0a2b4,a group of people standing on the beach,a group of people stand on the beach.,0.47965664931277685,0.5401331108150742,A group of people stand in the sand looking out at the water .,Five people look out toward the ocean .,Five people standing in front of a body of water .,Three men and two women stand facing the ocean from the shore on a sunny day .,Two ladies and three men looking at the ocean .,0.06047646150229735
123,579,c921065aeff5e7d2ead08a25632e2d85719d461afdffd77deaf256805b54fc12,a body of water,a man in a canoe is paddling down a river.,0.0037513399336760265,0.7575033287940198,A man boating along a river near the shore .,A man paddling a kayak along the shore of a river .,A person is riding in a canoe on a lake next to green trees .,A person is wading through a river near an eroded embankment .,A single person rowing a small boat on a lake .,0.7537519888603438
124,421,920d658b113b2ab5f584171073f0016428b41122fc8d7d98106a5f3d8fc7dd41,a person in a yellow boat on a river,a man in a yellow canoe is paddling down a river.,0.8016486776950935,1.8356054936459794,A guy rowing a yellow canoe down a river .,"A lone , yellow canoe being paddled through a river .",A man on a scenic canoe trip .,"A man with an orange hat in a yellow canoe paddles along a river in a wooded , mountainous area .",Man paddling a yellow canoe on a river .,1.0339568159508858
125,179,724235c4649e4e18f248f74b95e06a36318d5686c43aba5f4ccede2996a93457,a young boy playing a game of basketball,a young boy dribbles a basketball.,1.3860138524933105,1.006272007976894,A boy with red shorts is holding a basketball in a basketball court .,A young boy is playing basketball in an official game .,The boy is playing basketball .,The boy runs with the basketball while looking up .,The children are playing basketball indoors .,-0.37974184451641646
126,248,ac661bfa2adf5662b983272b8afab81ea49ccad1339f4a2476958932edfe3500,a group of people in life vests in a body of water,a group of people in life jackets are sitting on a raft in a body of water.,1.0681455381127507,1.3910361746949487,A group of 6 boys are wearing yellow life vests and are on a make-shift raft .,A group of people on a boat .,Boys in life jackets on a watercraft .,Several young people in life jackets are sitting on something floating in water .,The boys in life jackets smile and laugh while riding in a boat .,0.32289063658219797
127,889,8e59383951dab5bbf059d8b6aabe0335e636f0b25370c0b51cf692d6ef5be7bc,a child running in the snow,a little boy in a blue jacket is running in the snow with a red sled.,0.8283388831439988,1.026680240904086,A boy drags his sled through the snow .,"A boy in a blue jacket , carrying a red sled , running away , followed by a small dog",A child running with a snowboard on a snow covered surface .,A child wearing a blue coat runs along the snow while a small dog follows .,A young boy plays with his dog in the snow .,0.1983413577600872
128,771,351155876e63d0a95685741d2ec0152750bf9c0ccd99d57ff5fd1db158df27fd,the water is green,a woman in a black coat is riding a gondola down a canal.,0.003473321719577698,1.1197052182297191,A gondola is steered through the canals with other boats around .,A man is steering a gondola with people in it down a river with buildings all around .,a man rowing a ganilla down a watery path,Man in a gondola in a canal .,The gondola is poling his boat in the canal .,1.1162318965101414
129,435,2bd729e70923bc56402900dc9e85bd003aac6fe7f53cf7a6700ad39564675799,two dogs in the grass,two brown dogs are playing with each other in the grass.,0.33872929533851714,1.320831097424782,The brown dogs are playing with a blue toy together .,The two light colored dogs are pulling on a blue object that is in their mouths .,Two beige dogs are playing in the grass near a doghouse .,Two dogs are playing tug of war with a blue object in front of a building .,Two light brown dogs are tugging at a blue toy in front of a blue shed .,0.982101802086265
130,860,04ae61611ba8fac00e798eb7db5bbd489d3ba20af7009b1de0776ecabd1ff93a,two women sitting on a bench in front of a wooden wall,two young women are wearing headbands.,1.00428053913785,0.7927327518952421,Two females are standing next to each other and appear to be unexcited .,Two girls are standing by a wooden wall looking off to their left .,Two women with black hair stand in front of plywood .,Two young women are leaning up against a wooden wall .,"Two young women , one with folded arms , look off screen .",-0.21154778724260792
131,582,3cb3f41324f40faf8cf4c3c59c990c74387c6ea1af2ff1d9fa8e4434a06c63ad,a group of people standing around a circle of fire,three children are playing with sparklers.,0.0,1.9485159379707981,Children play with large hoops .,Little kids playing with sparklers at night .,Two small children are twirling sparkling rope .,Two young boys playing with sparklers .,Two young children and an older man play with sparklers .,1.9485159379707981
132,302,6223560252f7bb3952890e733e2954254081bb3cda7e048441e1ec6921ca24a2,the boy is holding a bat,a young boy in a baseball cap is holding a green bat.,0.20031639817287603,0.18548775704643097,A little boy takes a picture at the park .,A young boy is looking through binoculars at a playground .,A young boy wearing a blue and red hat is using a camera near a swing set .,Little boy takes photos outside .,The little boy is taking a picture with the camera .,-0.014828641126445052
133,987,11d372acb334a54cea9470295b38706eaf457a8cf7ea4eb2c626a708e8ceef98,a man carrying a large basket on his back,two men carrying baskets on their backs walk along a beach.,0.2877556595670311,0.7448466782792358,A group of people are walking while holding numerous baskets and rugs .,A man carrying many woven baskets next to a man carrying a stack of rugs on his back .,Two individuals carrying numerous products to sell are walking on a beach .,Two people carrying colorful baskets and blankets walk near a building .,Two people walking laden down with baskets and blankets .,0.4570910187122047
134,131,2be792c7280aeec43fb0e22ddc8756b5eedde58afde7c55d2c8c91f6bef3a0ed,the sky is clear and blue,a white boat in the water with a city skyline in the background.,0.001966063032922588,1.6599447686883075,A few boats ride in the water in front of a city skyline .,A large boat drives through the harbor .,A white boat is cruising near a large city backdrop .,"Small yachts in harbor , city in background .",There is a white boat in the bay with a city in the background .,1.657978705655385
135,199,f1e351e0fb6b1ed9cd483db84f8cf1cef36af76d20397fa248bef3795153822f,a group of people walking down a street in the snow,a group of people walking in the snow.,0.27702572839688694,0.3501991874466297,A person has just thrown a snowball and hit someone in the back .,People outside a house in snow .,People stand outside a house .,"Several people standing in front of a pile of snow in front of a house , with one person shoveling .",Some people are gathered by a mound of snow outside a house .,0.07317345904974276
136,996,8cebaf437067f967d127847f2ef264bc6b4de2fa10b10b4b94d4183bcdf4e1a7,the sky is clear and blue,a man in red shorts and no shirt is holding a surfboard in the sand.,0.002946828246749327,0.26628472873653614,A man in red swim trunks is jumping onto a bodyboard .,A man in red trunks flies through the air with a boogie board .,A man with a wake-board is diving over a surface that is not water .,A shirtless man bodysurfs .,Man is diving onto his wakeboard .,0.26333790048978684
137,898,605df41cc599e3cbae23e9def59d760e443eb03895811653d3b421764c8766b6,a little girl riding on a small wooden train,a little girl in a pink shirt is riding a yellow and blue ride.,0.4144652619689492,0.548053705645461,A little girl gets her picture taken while on the merry-go-round .,A little girl in pink clothes holding yellow rods .,A little girl on a piece of playground equipment,A little girl sitting on a playground ride .,A young girl looks up as she rides on a merry-go-round .,0.1335884436765118
138,934,3bcd33020391702ed149126dd88a5d3d881e20a9a36ab8dc28ed4e97e7ac6edb,two men in white suits,a man in a white suit and a man in a white suit are posing for a picture.,2.610437112552346,0.03889768891688841,"Two men dressed in white formal clothes and sunglasses pose , while one holds a drink .",Two men in white suits and glasses with a drink .,Two men in white suits cheer,Two men wearing white suits and sunglasses are at a party punching their hands into the air .,Two young men in sunglasses and white suits raise their arms and smile in a bar .,-2.5715394236354574
139,900,9b1009a0a89362c3ead367be13d7abe3264d1a8382c77d271385a31960f12719,two dogs playing in the grass with each other dogs,two dogs are playing in the grass.,1.01284322245101,1.904655824334712,The two greyhound dogs wearing sweaters are playing in the grass .,Two dogs play in the grass .,Two dogs wearing shirts play in the green grass .,Two dogs wearing sweaters play in a field .,Two dogs wearing sweaters play in the grass .,0.891812601883702
140,150,5d7b6267f97c4368cacc1fbb324ea597d6980d25d3b8030fe9be4cc688f187ab,two children playing in the sand,two children playing in the sand on the beach.,0.8969978332008819,1.570418929119404,A little girl and boy play in the sand on the beach .,A young boy and girl play together in the sand .,boy and girl make a sand castle,Two children build a sand castle on the beach .,two kids building a sand castle,0.6734210959185221
141,143,9626f80a6afa7b4e93b28a3d1e69114a060da4408eafee6578451df2d5035118,a group of people sitting on top of a mountain,a group of people are sitting on a mountain.,1.7613298361954315,0.9546401072778744,A few people standing on top of a mountain taking pictures .,a group of people peering over the edge of a large rocky mountain,Several people on top of a mountain look down at the ground .,The mountain are light tan in color .,Three people sitting on a cliff .,-0.8066897289175571
142,703,4ca19e90db908b38a843feccda936b2e8a6e68470923b1dea66dddfa98faf50b,a body of water,a boy in red shorts is jumping into a body of water.,0.1003846264814914,1.2502800712725262,A boy in a red suit plays in the water .,A boy in a red swimsuit jumps into the water to join two people .,A boy takes a flying leap into the water .,The boy in the red shorts jumps into the water to join other people .,The boy wearing red shorts is jumping into the river as other children swim .,1.1498954447910348
143,474,7825c8e6cee67a418cc2f5fb351d96ef9916ed7b415f5eb3c6e3de91f2e91dee,a man on a skateboard doing a trick,a skateboarder in a blue shirt is doing a trick.,0.23539921260979613,0.7876694970855459,A boy wearing a teal shirt is riding a skateboard on a sidewalk .,A man wearing a green shirt is skateboarding on a ramp beside a white fence .,A skateboarder in a light green shirt .,A young male wearing a blue shirt rides a skateboard in an outdoor park at night .,A young man skateboards at night by a fence .,0.5522702844757498
144,371,79cc03dd02305aeab5122f232c8cd8a3793e8124e098195029a2ed42856a8b5a,a woman wearing a black tank top,a woman wearing a black tank top and pink pants.,1.1736972095997278,1.6121302822766763,A woman dressed in black and pink has a large tattoo on her back .,A woman in pink pants and a black tank top displays the tattoo on her back .,a woman wearing a black tank top revealing a large fairy tattoo .,A woman with a tattoo on her back walks away from the camera .,The woman wearing pink pants has a tattoo of a butterfly on her back .,0.43843307267694853
145,551,8fab95cba66785b03714d08c79676afb8fca627120007b71c7629588b72fa712,the wave is white,a man in a black wetsuit is riding a wave on a surfboard.,0.20262809144869187,1.317887551073142,A person in a black wetsuit is surfing in the ocean with a wave coming down .,A person is surfing .,A surfer in all black is riding a wave .,A surfer rides the waves .,A woman in a black wetsuit surfs in bad weather .,1.11525945962445
146,222,ab57c1daed40f45edce44e40da634d700083b5911098222dd44f021606a4707b,a group of people standing on a field,a group of football players huddle on the field.,0.027908564855283795,0.5025853464478145,A coach talks to a football player during a timeout .,A football coach speaks with a player .,A football player in red and white is talking to a coach .,"Coach talks with football player , other players and crowd in background .",There is a football player in a red jersey on the field talking to his coach .,0.4746767815925307
147,835,4ca84e3c249f83aa27c2e38df4327bf26695c57ddfe58a558a55e473b0a2bd18,the dog is black and white,a black and white dog is running on the grass.,0.539478318636837,1.2505456357665288,a black and white dog is wearing a red collar whilst walking on the grass .,A dog is running awkwardly .,A multicolor dog in a red collar crouching on the grass .,"Black , brown and white dog crouches on three legs in the grass .","The dog with the red collar is white , black , and brown .",0.7110673171296917
148,306,07cf2b378db2c90a3ea741a89f30b5673ae56bf1cf6c30ab1f51e36e4ac71030,the water is calm,a black dog jumps into a pond.,0.02757149557458441,1.6245293895047332,A black dog jumping from a dock into water .,A black dog jumping into a lake .,A black dog jumping off of a dock .,A black lab jumps off a dock into a pond .,A large black dog is jumping off a pier into a pond .,1.5969578939301488
149,750,c8c72ce2512d82b770a694bf5fc7642c7f107c91b4966adcf6f73d796925b022,the curtains are blue,a child climbs a ladder.,0.00018631333327796443,1.0405417266562313,A little baby climbing up the ladder after someone .,A little girl is climbing a ladder .,A person on a ladder with a baby underneath .,A person stands at the top of a ladder as a young girl begins to climb .,A person stands on a ladder and a small child climbs at the bottom of the ladder .,1.0403554133229533
150,963,8be8beab3cab7888ad3e4f81b05259801a1a7cd594780e505b0754ba4be56647,a group of people sitting on a bench,a man and a woman sit on a bench in front of a statue.,1.4271328108163197,1.027911825698026,A man and a woman sitting on a bench,An older couple is resting on a bench .,An older man and woman sitting on a cement bench with frowns on their faces .,An older woman and an old man sitting down looking unhappy .,An overweight woman and man have upset faces as they sit on a bench .,-0.39922098511829374
151,340,3af78d82e94436da1201940aaa3c684eddcd4c4b70d01b2d155fdd357cbda704,a young boy sitting at a table eating food,a young boy sits at a table with a bowl of cereal in his hand.,1.2032738954613007,1.1592870684497836,A boy eating at a table .,A young boy in pajamas eats out of a red bowl at a wood table .,a young boy making a big mess on the floor and table while eating cereal,A young boy sits at a table and eats as food is spilled all around .,The boy in blue and white pajamas is sitting at the table eating .,-0.04398682701151713
152,767,d63f9b09cdbe7eb9141e27b0aee2a3da7b92d0795bffec9464e9ce993b490514,a woman is looking in the mirror,a woman in a costume is looking at herself in a mirror.,0.9059056322988668,0.9436124500818054,A costumes woman applies makeup while looking in a mirror .,"A showgirl , holding lipstick in her hand , and wearing a feather headdress , looks in a mirror .",A showgirl puts on her lipstick in the mirror .,A woman in a fancy costume is fixer her makeup in front of a mirror .,Costumed woman applying lipstick .,0.037706817782938606
153,830,8b99bed9bb1afb39dbd5a4ac5e4257b5f66f2889af076e2010accd2a50a9656e,a young girl painting on the sidewalk with chalk,a young girl is painting on the sidewalk.,0.43251610916864275,0.44015385076919483,A girl bends down to paint something underneath her .,A girl is holding a paint brush in a plastic cup and painting the ground .,a girl paints the road .,A little girl painting the sidwalk white .,A little girl paints the ground white outside .,0.007637741600552084
154,896,96936dc2c08f3020a5c72939dd6d14598a403380a7411a24f888554251700600,a person sitting on a rock in the middle of a street,a man sits on a rock in the middle of a city street.,2.0501811420531593,1.7305990801356712,A couple are sitting on a rock in front of a street .,A man and a woman sit on a rock beside a street .,Two people sit on a large rock near a city street .,Two people sitting on a rock in a city park .,Two people talk while sitting on a big rock .,-0.31958206191748806
155,387,12ea892447390ed1a77d1cf58b1ab90c575591a78f866256bf50402615f0537e,the water is calm,two people are sitting on the edge of a body of water at sunset.,0.15486813252197265,0.6491894450977107,Two boys stand in an ocean as the sun sets .,Two people are wading in the water as the sun cascades off of the water .,Two people in water .,"two people stand elbow deep in the ocean , watching the sunset .",two people swim in the water at sunset .,0.4943213125757381
156,66,239c1ba90aec85d25ab8769cde064d7af08b40e60adfb628d9faf94907eeba1f,a young boy sitting on a slide in a playground,a boy in a blue shirt is sitting on a red slide.,1.417245276991212,2.0708799045337996,A child on a red slide .,A little boy sits on a slide on the playground .,A little boy slides down a bright red corkscrew slide .,A little boy slides down a red slide .,a young boy wearing a blue outfit sliding down a red slide .,0.6536346275425875
157,297,abe37c84ebc388bc542cbb84c936f6db25c8f871c7d3dac2442eb30f73d01aaf,a group of dogs playing in a grassy field,three dogs are running on the grass.,0.44504978454498917,1.8411766704382866,The three dogs ran in the yard .,three dogs are running across the grass near to a blue industrial building .,Three dogs are running in a field .,Three dogs run away from a patch of non-grassy surface leaving one another dog behind .,Three dogs that are different shades of brown and white are running in a field .,1.3961268858932974
158,881,5620f85e41ee2cdbc5e9e9e979c5e65e54ed81e6aea237aaf3d6cac283bccaf1,a man in a yellow vest,a man in a yellow vest is standing on the street.,1.0742696013706705,0.9295923394161905,A man in a lime green vest directs traffic,A policeman wearing a green vest blows his whistle and moves his arms .,A policeman wearing a neon green vest has a whistle in his mouth while directing traffic .,A police officer in a yellow vest directs traffic .,"A traffic director wears a yellow safety suit marked , "" Seattle Police . """,-0.14467726195448005
159,814,27ba7bc9b2689109da418a168091ae6e69d21bdd764b53ab7fd8540a22cb1644,a black dog standing in a body of water,a black dog stands in shallow water.,1.1367612204125281,1.1649160429910885,A black dog in water .,A black dog standing in a shallow area of water on a rocky beach .,A dog stands in a tide pool,a small black dog in the ocean with some rocks in the background,A small black dog plays in the water .,0.02815482257856039
160,892,a7f5fbf49f2ee3d46eacac9dc3095a6a6e3445c88eb41051abc0f11b7b03b12e,the dog is brown in color,a brown dog is running with a purple toy in its mouth.,0.12507316234558616,0.8524314537456132,A brown dog holding something purple and black in its mouth .,a dog catches black Frisbee .,A large wet yellow dog retrives his toy .,Dog running with toy .,The wet dog catches a toy while playing on the sand .,0.7273582914000271
161,724,61141dde74ee72524893581d31d50cfd840702a6e7a759c84906a16dc9d06260,a group of dogs running in a race,three dogs are running in a race.,1.0055025523410448,1.1210009033262256,A dog with a muzzle is leading several other dogs in a race,A greyhound leaps in a race .,"A muzzled dog in a race , with four dogs following .",Five dogs are racing .,Five dogs are racing on a dirt track .,0.1154983509851808
162,991,90532f7bbdb09e32a6ad491360d1d3e6ad5529994ea06647586da6c3f48d13f1,a little boy playing with a hose in the yard,a young boy in a red shirt is jumping through a blue hose.,0.8762139494102423,1.0544671777679835,A boy is leaping over a blue hose pipe as a little girl watches .,A boy is leaping while his sister plays around a hose .,A young boy jumping in front of a young girl and a house .,Children are playing in and around a garden tube in the front yard of a house .,Two children playing above a blue water hose .,0.17825322835774116
163,193,767f3308a86446e675fdd940a3b2b6a0cd16d20bb32c4dd5fdb1def4af88e710,a man holding a white and black surfboard,a man in a black shirt and cap holding a white and black paddle.,0.2456127423722932,1.2974705248124305,A man in a black cap and shirt smiling while holding a white grey and black rectangular object .,A man smiles and poses with a product he appears to be trying to sell .,A man wearing a black shirt and baseball cap smiling .,The man is wearing a black shirt and hat and smiling .,There is a man with a black shirt and a black hat smiling .,1.0518577824401374
164,253,7b54114f52924b639bd887771a8fec2f114ea71972654fb3069997d53b4c8960,two girls in white kims,two girls in white martial arts uniforms are practicing martial arts in a martial arts class.,0.42968301422586297,0.43846597083849276,Two girls in karate uniforms struggle in a dojo .,Two little girls are dressed in white karate uniforms .,Two little girls practice martial arts .,Two little girls spar in a Karate bout .,Two young girls sparring in white martial arts outfits while a third person watches from the side .,0.008782956612629789
165,236,5df42e0859d471e4b7316fe7d29df6753978320d9a026871e28d012cb38783ee,the building is red,a girl in a pink shirt is on a monkey bars in a playground.,0.0005134280198925173,0.8640745898205129,A girl dismounts from a swing as high as she can and lands on the rubber tiles below .,A girl in a pink shirt jumping out of a moving swing .,A little girl wearing a pink shirt jumps off a swing .,A young girl jumps off a playground swing .,The young girl in the pink shirt and blue jeans is jumping off the tire swing .,0.8635611618006204
166,891,338734a0ce3f6cc2eae55929320f4e5f222553ea189154f28e48b8ac4884e313,two women dressed in green and white,three women dressed in green and white are posing for a picture.,1.5057983358499367,1.4864015482028115,There are women in St Patrick 's Day costumes,Three women celebrate St Patrick 's day by dressing up in green and white on a busy street .,Three women dressed in green celebrating St Patricks Day .,Three women dressed up in green and shamrocks .,Three women wearing plenty of green and shamrocks .,-0.01939678764712527
167,674,01533c6554c74105981bd21357fd34add07a267936c8accdaff3440a0df4bc98,two men walking down the street,a man in a suit and tie is walking next to a man in a suit and tie.,0.3467571425713562,0.013656297934763573,Two elderly people walk down a city sidewalk by words written in chalk .,Two men walk along a busy city street with words printed on the sidewalk .,Two men walk through a city with words on the street .,"Two older men in business attire are walking in a city , text graffiti is visible on the sidewalk .",Two people walk down a city street that has writing on it .,-0.3331008446365926
168,746,88eb811232abf404f6b376f72fdc214d2f5f15f6aa347bc6cb2cf4e1c1c07800,a group of people climbing up the side of a mountain,a group of people are climbing up a snowy mountain.,0.5829359978173924,0.7973582193271576,a woman wearing a white helmeted looking up as she is calming a huge rock wall,A woman is climbing up a steep mountain over water .,People mountain climbing .,People rock crawl up a steep obstacle .,These helmeted people are rock climbing outdoors .,0.2144222215097652
169,315,c60b6d362ba111a5c855070faf861cb5195c9946b6a1565bdc209d6bba6eb3f5,a little boy sitting on a tire,a little boy is sitting on a tire and playing with a red ball.,1.5501115575921467,1.8759381454437316,A baby sits on a tire and holds a toy .,"A little kid , with a red toy , is sitting on a tire .","Boy in pajamas , with red and yellow toy , seated on tire near plants .",Child holding plastic car sits on a tire .,The child is sitting on the street playing with a red toy .,0.3258265878515849
170,129,a41a7c03a38e6070242735a2574d2a4811895a607829da6fb0de707269ca865b,a red and blue cart,a man in a brown shirt is making something with a blue and red machine.,2.3102576994353014e-06,0.0015606018885001498,Two children standing under an awning .,Two kids are playing a game of Foosball .,Two kids in a developing nation are playing a table top game under an awning made from burlap .,Two men play a game beneath a shade .,Two young kids are in a hut .,0.0015582916308007145
171,21,aa002971fedfe49d65c5d948ecb214ecc92cb204b7cfa98c44adef81b3e4cd9f,a man riding a bike,a man in a green shirt and black shorts rides a yellow bike.,0.2666419498091482,0.5921750211342465,a biker enjoys a coffee .,A man in a bright green shirt and sunglasses is riding a bicycle through the streets whilst drinking a latte .,"A man in a bright green shirt riding a bicycle in a paved courtyard , carying a drink .",A man rides on his bike with one hand and holds a drink with the other .,A man riding a bike wearing a green shirt with a drink in his hand .,0.3255330713250983
172,673,08c6d967026aa525269bee6c34e9b2df5625afba7428ba17637a4f4e4a99e236,a group of people,a group of asian women hold up signs.,0.21679248086079522,0.14351744531827906,"A group of girls and guys hang out , one is making a sad face .","A group of women ; one serious , one frowning , and another smiling .",A woman in a pink sweater looks pensive next to a crowd of laughing women .,A young girl gazes at something in the distance as those around her talk .,There are oriental people standing together .,-0.07327503554251616
173,373,45f78ff8000347ca070037bdfe86fb0041f5327cf6eb159e474c67b7aa50c3da,a man standing in front of a brick wall,a man in a plaid shirt stands in front of a white brick wall with paintings on it.,1.0081449616504428,1.1742255594657238,A man is posing in front of a brick wall that has framed pictures on it .,A man is standing in front of an interior brick wall with pictures along the top .,a middle aged man is standing next to a white wall underneath some catholic theme pictures .,A smiling man in a check shirt stands below a row of religious pictures .,Pictures on a white brick wall with a smiling man standing in front of the wall .,0.16608059781528106
174,598,464836450df30ca5db45f1167504a2b26b765fbe0a71a017f8b7eef9dcffa4ba,a group of people playing soccer on a field,a soccer game is being played in a stadium.,0.5819340705522889,0.8809374547399336,A ball is about to enter a goal at a soccer match .,A soccer player in a white shirt kicked a goal .,A soccer player tries to kick the ball in the goal .,A soccer team scores a goal .,Goal attempt during a soccer game being played on green grass .,0.2990033841876447
175,853,309a007c2d2fe1dc92d2416ba87a35e98399c3ce40a552d589a7db7eeeda471c,a man doing a trick on a dirt bike,a man in a green shirt is doing a trick on a dirt bike.,0.3515325754191995,0.6422366812459691,a bicyclist wearing a helment riding down a steep ramp,A bike rider catches air near a ramp .,A BMX rider in midair .,A man wearing a green shirt is jumping his bicycle off a ramp .,Cyclist in green shirt doing trick on wooden ramp,0.2907041058267696
176,130,92f95d52f67cd6ef990eb4a3a5ce55ac2080affac02e3025e3aba778f9436506,the grass is green in color,a white dog is walking up a grassy hill.,0.06390497475686845,0.7692885763439866,A dog on a green hillside .,A dog standing on the side of a mountain .,A dog stands on the side of a grassy cliff .,"A fluffy white dog looks down a steep , grassy embankment .",A white dog is standing on a grassy hillside .,0.7053836015871182
177,544,3a3f3d562ba5aac687223db2e05ae16c09fdbdffec9ecbc2abd620f84712cdd4,a group of men playing a game of basketball,a group of men playing basketball.,1.9313007100420494,1.2783107426201616,Several basketball players are grabbing for the ball during a game .,The basketball player in white holds the ball .,Three basketball players leap to grab a ball .,three men are playing a game of basketball,Three men are playing basketball .,-0.6529899674218878
178,35,8cd0db65140f46b21ac6d195ddd96d76e4ec902d9ddec64bdf5c10448a05f1f4,a group of women standing next to each other women,a group of three women are standing on a bridge and looking at something in the distance.,0.24738519540559628,0.22775596857569103,three females wearing head scarves standing together,Three Muslim women are looking at a camera .,Three women in dresses and head scarves outside .,Three women in head scarves examine a camera .,Three women with head scarves and long skirts .,-0.019629226829905255
179,867,69fd44aca914c92b766d70fa3ca0af17dfea4ca414dd50d713ca9391f16eb266,a young boy sleeping on a train seat,a child sleeps on a train seat.,0.6433035217964598,0.1822870954449466,A child in a black cap sleeping across two chairs .,A small boy in a hat asleep on a padded bench .,A small child sucks his thumb while sleeping with a pink blanket on a multi-colored seat .,A young boy wearing a dark blue hat sleeps on a bench at a terminal .,Small boy sleeping on seats and sucking his thumb .,-0.4610164263515132
180,203,511f31404890c5a026609786b7766fb7959fedc2c5fc959086369a65d4876040,the man is climbing up the side of a rock,a man climbing a rock wall.,0.9769195905182306,2.3865947966738394,A dark-haired man wearing a brown shirt is free-climbing a grey stone wall .,a man holding on to a rock wall,A man scales a rock climbing wall .,A man struggles to climb a rock wall .,A man with glasses climbing a rock wall .,1.4096752061556088
181,86,b74fc85937b2c33deedd0894c7974fcecf5ccffebdacfccf4ff9cc8e36e5cfc8,a child is playing on a slide in a playground,a child slides down a slide at a playground.,1.7608106070644327,2.3400120598205225,A child is on a slide .,A child is sliding down a spiral slide on a playground .,A girl goes down a blue and yellow slide at a park .,A little girl is sliding down a slide at a park .,A small girl slides down a spiral slide at the playground .,0.5792014527560898
182,146,b686b43a21311609a8e06de936631d3a09d0acbf1b971438f7971982b4c8182c,a group of people wadi through a river,three children play in the water.,0.1518952097017371,0.3333481705986312,At least 4 people swim in shallow water that grows deeps towards a bridge .,Children are playing and swimming in a boy of water with a foot bridge in the background .,Kids playing in the water in front of a wooden bridge .,Two children playing in a lake,Two children playing in a river near a wooden bridge .,0.1814529608968941
183,433,47e5dc91587e0e35baf5031767bdc752bb8956f69b870b48d8ca23e53251d812,a young boy in a wagon,a boy in a green shirt is riding in a wagon filled with pumpkins.,1.7362997142936183,1.8214456521501714,a boy pushes a wagon full of pumpkins .,A boy pushes a wagon with two pumpkins .,"A boy smiling , leaning over a wagon filled with two large pumpkins .",A child squats behind a wagon with two pumpkins in it .,boy pushing wagon with two pumpkins in it,0.08514593785655311
184,224,20bd002bd9a1a047273d2976be89fedb1de80241cebd3114e6ab62f6a22a5b23,a group of people watching a football game,a football player is being taken off the field.,0.46429162741489727,0.8085532671430331,a football player in a red jersey getting his knee looked at by another man,A man is checking out an injured football player at a game .,An injured football player is being nursed on the field in the middle of a game .,two men examine a football players leg .,Two men help an injured player on the field .,0.34426163972813584
185,218,b9a71fb1339205fc7f3a010599da64f00dc69c58f4477ebe016b6cbc6e84fe3d,a girl in a white dress,a girl in a white dress is standing in front of a group of other girls.,0.7716567559613103,1.0874817660848284,A girl in a white dress walks next to a girl in a blue dress .,A woman in a white dress and a woman in a blue dress onstage .,A young girl with makeup and jewelry smiles .,Blonde girl in white top with stars standing beside brunette woman in blue top with stars .,Two teenage girls are wearing fancy dresses at an event .,0.31582501012351805
186,960,446b70d59ca4b05de69204eee1ec352131c50f0a360e2912067451a65cd0a767,a person climbing on a rock,a woman rock climbing.,1.1859829609642658,1.4707862376436496,A rock climber repels off a rocky wall .,A woman climbing a rock cliff .,A woman in jeans rock climbing .,The woman is holding onto a huge rock and has red string around her .,Woman goes rock climbing .,0.28480327667938377
187,417,ce29187226cf0404b2b9b45865e5c0375d4d7d61bc18d52bac0555366442f974,the water is blue,a man in a black wetsuit is surfing on a white surfboard.,0.005234281176804285,0.28393595371579194,a lone surfboarder on a white surfboard flying through the air over a wave,An surfer airborne over a wave .,A surfer is jumping a wave .,A surfer jumps a wave .,Surfer does trick in wave as seen from behind,0.27870167253898764
188,697,2679927844c49d3b407fb645e15ff722dc36d11516408d2469394ee4999ad6bf,a bride and groom on a wall,a man in a black suit is carrying a woman in a white dress.,1.2130140421001283,0.3691306716690339,A bride and groom jump towards each other with arms outstretched .,A groom leaps off of a stone wall and into his wife 's arms .,A man in a suit leaps toward his bride .,A man in a tuxedo jumps toward a woman in a wedding dress .,A man in wetsuit jumps towards a wet bride .,-0.8438833704310944
189,552,e25b73231033e527f5a2ef32eac8665d49e350aa6c8ad024a6a95a983e244fb7,the dog is brown in color,a brown dog is jumping over a log in the woods.,0.09603625004294027,0.9002527852182106,"A brown and white pitbull , with a black collar , is about to leap over a branch",A brown dog climbs over a fallen branch in a wooded area .,A brown dog hops over a fallen tree branch .,A brown dog is jumping over a tree limb in a wooded area .,Brown dog with white mark in chest and black collar going over a limb on ground .,0.8042165351752704
190,88,ed8f95e90632a12a801cc624a5ba1b5bd25aa535bfbf2d672cfbd44f09b25a24,a man on a wake board,a man waterskiing.,0.03419127128044374,0.9777377592550927,A man in swim trunks and a red life vest jet skiing .,A man waterskiing with one hand .,A man wearing a red life jacked is holding a purple rope while waterskiing .,A man wearing swimming trunks is waterskiing backwards using only one hand .,Person in red ski jacket skiing backwards,0.9435464879746489
191,624,09e001c4a8f720a56db3ed6cb2dba658c2b53fa022105bb01110ba90c5a136ce,a man riding a dirt bike in the woods,a person riding a dirt bike in the woods.,0.5821755597192342,0.6019493665489482,A dirt biker in the forest .,A dirt biker rides his motocycle through the woods .,A motocross bike is being ridden along a woodland path .,A motorcyclist navigates a forest trail .,A person rides a motorbike on a dirt path surrounded by trees .,0.01977380682971397
192,445,1d4692994469a597f837f3863b4f27aa4fecad4aa726174bbaeff8fcf598eb7e,a man playing with a dog in a yard,a man throws a ball for a black and white dog to catch.,0.5420017635662937,1.0035982723963197,A black dog leaps for a ball held by a man .,A man is playing with a black and white dog .,A man wearing glasses and his black and white dog wearing a black collar are playing with a tennis ball .,Man holding a ball while a dog jumps up for it,Man with dog who is jumping to catch tennis ball .,0.461596508830026
193,268,71aa2d7bc93c44d2cf08f539a7900ee188b4d95644e98c73937b61ee44ef78f9,a red brick wall,a man unloading a bicycle into the back of a red brick building.,0.04402976454248648,0.4141323053687915,A man fiddles with a shopping bag outside near a shopping cart .,A man gathers his belongings by the side of a building .,A man in a black cap is opening a bag beside a bicycle and a shopping cart .,A man looks in a bag near some grocery carts and a bike .,"A man outside at a red brick building with a grocery cart , a bike , and miscellaneous .",0.370102540826305
194,6,7ab5cc87355691245ff38b69b426c254df90432b58aaeaf3594e7b42bacf48f6,a small dog running in the grass,a small tan dog is running through the grass.,1.0707906190959602,1.8646355133367756,A little tan dog with large ears running through the grass .,A playful dog is running through the grass .,A small dogs ears stick up as it runs in the grass .,The small dog is running across the lawn .,this is a small beige dog running through a grassy field,0.7938448942408154
195,630,72002622f205acb0194f06d3fcd740ba419ff103fb9d62bb1c08531d9366a5a6,a crowd of people,a little girl is being thrown in the air by a crowd of people.,0.6173510623430843,0.2889646882786123,A crowd of people in the street at night .,A young girl sits atop a lady 's shoulders as they revel with the celebrating crowd .,Two woman and a child look at each other while a night party scene goes on behind them .,Two women and a child celebrating at a nighttime party .,Two women and one young girl are together in a crowded area .,-0.328386374064472
196,805,b290fc8612610a6d79c153d26ecdcf10c037e3ca58f9cb999cf83e5bea97bd57,a man riding a bull,a man is riding a bull in a rodeo.,0.5678588372161678,1.166464942062029,A man is roping a bull in a rodeo while others in cowboy hats watch .,A man is up in the air with one hand on a bull .,A rodeo rider gets tossed up into the air by a black bull as fellow cowboys look on .,man getting thrown in the air while bull riding,The man in black is flying off the full in front of a red fence .,0.5986061048458612
197,197,0edbf90502dbd3ce421a3b8b3956c5028124530134c19fe667c6f246b093bc13,a group of dogs pulling a sler in the snow,a pack of dogs pulling a sled through the snow.,0.40884286572751827,0.6678233485522527,A dog sled team seen from behind .,A group of dogs harnessed together to pull something in the snow .,A sled dog team running from the perspective of the rider .,A sled-dog team works hard on this snowy trail .,"Several dogs in the snow , all harnessed in a line .",0.2589804828247344
198,950,e5e19fdc251cacc4d10d928436cb1c13484cd0f1c29d667f51deb771b07bf90a,a woman walking down the street,a woman in a green shirt and jeans is walking down the street.,0.37329811983188954,1.4131556319236531,A blonde woman wearing a green shirt and blue jeans walks away .,a girl in a blue hoodie is carrying a brown bag,A woman in patterned blue jeans and a green sweater walks away whilst carrying a brown plastic bag .,"A woman walking , wearing a green shirt and jeans",It looks like the girl went shopping and got something from the AVEDA store .,1.0398575120917637
199,11,3e817496ac842f6b24e10499177fa940ac2023b82b76fba7d57357f7910578db,a man sitting in the passenger seat of a car,a man in a red shirt is sitting in the back of a car.,0.21398175866966768,0.579690013889422,A boy dressed in soccer attire and holding his shoes getting out of a car .,A boy in a red soccer strip is holding his boots in his hand whilst stepping out of a car .,A boy in glasses is wearing a red shirt .,A child getting out of the car wearing soccer shoes .,A young boy gets out of the van and prepares his shoes for wear during a soccer game .,0.3657082552197543
200,911,cdbecbb842467994a90f3693a15dbde78b668792b5bbdeae7930115705ff0aa9,a dog with a tooth in its mouth,a golden retriever chews on a stick.,0.12902609307246676,0.5995737892676452,A dog bites an object offered by a person .,A dog playing with a dog toy as someone tries to pull it from its mouth .,a golden retriever plays with a toy .,The photographer is playing tug-of-war with a dog .,Two dogs fighting for the same chew toy .,0.4705476961951784
201,356,4b1e755417c4920c678cc406481793cdcc375ff38bc65a470242c4fa8a2757bc,a woman walking down the street with a cell in her hand,a woman in a white dress is standing next to a man in a leather jacket.,0.19003901535347684,0.002025050639865423,A group of women walk down a street at night .,Three women out for the evening in a big city .,Two girls pass two boys by a tree in a neon lit street .,Two women walk down a city street at night .,Women are walking at night under neon lights .,-0.18801396471361143
202,388,4517b951c2e41c613d54a8d9dbfc5f6da1f87aaa2ae0f6c8a49417ef53557bb4,two boys playing in a barn,three children are playing in a barn.,0.5292549670859911,0.2671106714689261,Three boys in a building under construction .,Three boys play in an unfinished building .,Three boys playing in an unfinished space .,Three little boys are playing on the floor of an unfinished house .,Two young boys sit and one young boy stands on an unfinished wooden floor .,-0.262144295617065
203,281,c50f8f1d406c40c4b28c96bb1908f64d4f8c30cedb54220dde4ad33e60e9a254,a man doing a trick on a skateboard,a man in a brown shirt is doing a handstand.,0.07055678326639031,0.04977031799752932,A darked skinned male is standing on one palm in front of a yellow building .,a man break dances .,A man holding himself with one arm i front of a store .,A young man jumps on a table .,This black man appears to be break dancing on the pavement .,-0.020786465268860993
204,511,1f1b55670580f4b396740d54834ebb5fcdc39065150f570bcab7ef65da14ea83,a man climbing on a rock,a man climbs a rock face.,2.0265000741810053,1.8308524969809667,A man dressed in grey climbing a large brown rock .,A man in a gray shirt climbs a large rock wall .,A man in shorts climbs a rock face .,Man climbing a rock wall .,The back of a man climbing a rock .,-0.19564757720003856
205,120,4fa35dd044efb9dab8a2a40599f9a51a16148037b36ec50037ae8e2bb5a8ccb4,a woman riding a bike down a city street,a woman in a gray coat is riding her bike down the street.,0.5485818671881217,0.4572792837875044,an elderly woman is riding a bicycle in the city as a yellow taxi is about to pass by .,An elderly woman rides a bicycle along a city street .,An older woman with blond hair rides a bicycle down the street .,A woman in a grey overcoat rides her bicycle along a street .,"Older woman wearing glassses riding a bicycle with a shopping bag on the handle , yellow car is in the background .",-0.09130258340061737
206,115,d885deb81da54116027abb9fa6e7726d80c4716922e93174ee33184091201c87,a man riding a skateboard down a set of stairs,a skateboarder is doing a trick off of a brick wall.,0.5090486473487889,0.27182544231912315,A man in a black hoodie and jeans skateboards down a railing .,A man skateboards down a steep railing next to some steps .,a person is sliding down a brick rail on a snowboard .,A person walks down the brick railing near a set of steps .,A snowboarder rides down a handrail without snow .,-0.2372232050296657
207,29,b79a7f46bf2a10af294cdd8e6ebd8cb02fa2ae7cc34639dd67b8366bc418ddf6,a clear blue sky,a person is hanging from a power line above a field of dry grass.,1.0367714212366355e-06,1.001323893457909,A person hanging from a telephone pole near the mountains .,A person is hanging in the air from the power lines .,A person is hanging upside down from power lines .,Person hanging upside down from poles,Someone is suspended from electrical wires .,1.0013228566864878
208,367,12225dadfe07928e33e95e4f303719267e59fdb9b848748baa869c1843331274,a little girl sitting on a white chair,a little girl with a towel around her neck.,0.1014053652205059,1.2750836087642694,A girl is cold after coming out of the pool and is covered by a towel .,A little girl is covered in a towel at a swimming pool .,a toddler is with wet hair stands by swimming pool wrapped in a towel .,A wet child is shivering in a towel in front of a pool .,A wet child shivers under a towel at a pool .,1.1736782435437636
209,307,e08d916e96d24b853a165954dd5f8b664f1e0379334bb5459e3a9253c4550305,a dog swimming in a pool,a dog swimming in a pool.,2.3517905109842387,2.3517905109842387,A black dog paddles behind a black cat in a body of water .,A dog and a cat are swimming in a swimming pool .,Two black dogs are dog paddling in a sparkling blue pool .,Two black dogs are swimming in a pool .,Two dogs swimming in a pool .,0.0
210,206,294cd7655bd879eb01eb9e221a1d624c26c970d1a9d0ab86b8a774e95b706f04,a man doing a trick on a skateboard,a boy in a blue shirt is hanging upside down from a tree.,0.26427268996594366,0.19635451274371668,A boy wearing blue shorts is doing a back flip in the air under a tree .,A man in midair doing a flip .,a young man jumping a back flip off of a concrete wall .,Man with blue pants flipping in the air .,The boy wearing blue pants is in the midst of a back flip .,-0.06791817722222698
211,9,43b0c9fa6d8291cf766c67955fd0dd1846cb213fd43b797e6f7a3eca1391c82e,a young boy jumping on top of a bed,a little boy in a blue shirt is jumping on a bed.,2.083128753993382,2.491907930104515,A boy is jumping on a bed .,A boy jumped up from the green bed .,A boy jumps from one bed to another .,A small child is jumping on a bed .,The boy in blue shorts is bouncing on the bed .,0.40877917611113324
212,319,7fa2f0ce899203b52bf0614b176b89d6586970550e4d54fe2efd0f483f22d945,a baby in a field,a baby in a green jacket is looking at the camera.,0.7466759490770947,0.5933875627455082,A baby chews on plants .,a baby has some grass seeds in his mouth .,a baby sticking wheat grass into his mouth,A baby wearing green holds onto plants and puts them in its mouth .,Small child in green sweater with plant in mouth .,-0.15328838633158648
213,185,0ebbaf73a5232782ff21bb51d0e62d9b2ab79d24b3abf3cae23d1a79cf0fcc40,a man on a dirt bike doing a trick,a person on a dirt bike does a trick in front of a crowd.,0.3598918542977919,0.18715112253629346,A motocross rider rides in the air over a bar .,A motorbike jumping a pole .,A person is jumping a motorcycle over a pole while camera men film .,A professional dirt biker doing stunts while being videotaped,Man on a motorcycle performing a trick high in the air .,-0.17274073176149846
214,808,d057336265769b1a81db5bcc6494ccb0e42cedf586f3310c8c73140234e9403d,two dogs playing in the dirt,a black dog and a brown dog are running on a dirt path.,0.8444021170515823,0.839310863725842,A black and tan dog is running with a white and gray dog along dirt .,The two dogs are running into the woods .,Two dogs run down a dirt path in the forest .,Two dogs running away from the camera in the woods .,Two dogs run on a dirt area near a forest .,-0.005091253325740341
215,91,48a6f26695b949e5afa4f5a81cf2fd11e266eef387ffdfcf4f6ca7fd04c5a439,the dog is in the water,a black and white dog is swimming in the water.,1.0211427093381118,1.5237543939113802,A black and white dog plays in the water .,A black and white dog walking in shallow water,A dog splashes through the water .,A dog swims .,Black and white dog wearing a harness walking through water .,0.5026116845732684
216,836,fa0707618462389033b1fc6241cb6891d8de5618345cb0b9f67d7dcdeab36a77,two dogs on the road,a black and a brown dog are walking on the street.,0.30482072718568526,0.5029102175663032,A black and brown dog with a tan dog on a cement path in front of grass,A black dog and a yellow dog are walking on asphalt next to a field of grass .,A blurry photo of two dogs .,a white dog is running behind a black dog on a paved path by some grass .,Two dogs walk along a path beside the grass .,0.1980894903806179
217,815,f9d5f678a8c5e9190aa21babb169d679ed65f74a8538882f8019d7ab50297a45,a group of kids sitting in the grass,a group of children are sitting on the grass with a dog.,0.621811141418947,2.384109949826823,"Children , one with a stick , and six petting a dog with a blue leash .",A group of children are petting a white dog on the grass .,A group of children gather around a white dog on the grass outside .,a group of children playing with a dog,Group of children surround and pet white dog with blue collar on grass .,1.7622988084078761
218,479,795a82dc65f18d1476753b465697d3d9e8c0320bdee81c73ad2790539a43e9bc,white clouds in the sky,a man is riding a horse in the mountains.,0.05563279034929431,2.0142123456871723,A man in a yellow jacket is riding a horse through the mountains .,"A man rides a horse , while mountains and clouds are shown in the background .",A man riding a brown horse poses in front of a mountain scene .,A man sits on a horse with mountains in the background .,Man sitting on brown horse with mountains in background .,1.958579555337878
219,154,c793a793d1c705a09c2e39b8be3313ede81b86406df4e9809b61c65101422864,the dog is in the water,a brown dog is running through the water.,1.0188657862368131,0.9034348821967901,A dog standing in the shallow part of the ocean while the waves splash around .,A dog standing in the water .,A wrinkled dog wading in shallow water .,The large brown dog is walking through water in the ocean .,The large brown dog stands in the choppy water .,-0.11543090404002299
220,126,503a6c7d4888bccc482e834db0f6682e7d3ea7a25bc575ec0f4444c4e5e873c3,a black dog jumping into a body of water,a black dog is jumping into the water.,1.5679041008921915,1.3785663929046148,A black dog is leaping into a creek .,A black dog is leaping over a stream of running water .,A black dog jumping off a river bank near a wooded area .,A wet black dog jumping into a lake .,A wet black dog leaps across a stream .,-0.18933770798757665
221,909,8e546ac64c318550aa279eb839f6d1e51752b3dd2e80181425e0ac7d27a87882,a group of people,a man kisses a woman ' s cheek while standing in front of a group of people.,0.10309921941605472,0.08630239588842377,"A couple kiss outdoors , while another couple watch .",A man and a woman are outside kissing with a woman wearing a red scarf in the background .,The woman on the right is wearing a red scarf .,Two people in complete love are kissing in the most beautiful embrace .,Two people kissing .,-0.016796823527630955
222,455,ac31fb082ba1f30add2b5e32751b08207a2cc5f8fc6e0022a3db8897dba7c3c9,the train is white,a group of people are waiting on a subway platform.,0.71178257531498,1.213175794279269,"A crowd waits outside a subway train , ready to board .",People standing in front of a subway train .,People trackside at a subway station by a train .,People wait as the subway pulls into a subway station,several people waiting to get on a train,0.5013932189642889
223,363,7e9b7f71a3cb7c63ab0f84940b7eebacf24fcb1c56c67d0dbfc98c44b40243c5,a person on a motorcycle,a man in an orange and white uniform is riding a motorcycle on a track.,0.6419332795369525,0.886824480310334,A man racing an orange motorcycle .,A man riding an orange and white motorcycle .,A motorcyclist races around a track .,An orange and white motorcycle is being ridden on a racetrack .,Someone is driving an orange motorbike along pavement .,0.24489120077338156
224,424,7c7d3382ec3bf751f7bbe078ae808c4efca73cf93d47b81f169b79c27f043bf8,a white car on a race track,a white and blue race car is driving on a track.,0.6731605691220508,0.5262942598177626,A race cars muffler catches on fire .,A race car sparks .,A sports car with flames coming out the exhaust .,The blue and white race car has flames coming out of its tail pipe .,The white racing car has fire bursting from its exhaust pipe .,-0.14686630930428823
225,278,0fa6f03cf7f4504eaa8536ed2c9d02d311ec75f9e95a4e0904df2b2d02145b50,the dog is brown and white,a brown and white dog is jumping up to catch a frisbee.,0.6671727702215089,1.6028884869573634,A brown and white dog with a Frisbee in his mouth .,A dog with his front paws off the ground holds a white Frisbee in his mouth in an RV campground .,A white and brown dog jumps up for a white Frisbee .,Dog catching Frisbee .,The brown and white dog is catching a Frisbee in his mouth .,0.9357157167358545
226,567,0d553d1eb4748b2f24a6fc798fe1e6d0040138fa9d474452f17f0545e44328d8,a dog running in the snow with a toy in its mouth,a white dog runs through the snow with a stick in its mouth.,1.2652782774643403,1.5365485418129636,A dog running through the snow with what appears to be a chunk of wood in its mouth .,A white dog carries something in its mouth through the snow .,A white dog in the snow running with an object in its mouth,"A white dog runs over a snowy field or lawn , with a log in his jaws .",A white dog with a purple necklace on plays in the snow .,0.27127026434862334
227,43,7952e2cfe97d0b6ccc3f0992ac854ce357e0bb49d47d8b1c196353eac699d5d5,the sky is clear and blue,a little boy is standing on a dirt path in a field.,0.0010406314047700523,1.1918761421451685,a boy is playing with a camera whilst standing on a dirt track .,A child in a field .,a kid standing in the middle of a dirt road,A young child stands in a path in a field of sunflowers .,Small child with black hair standing in car track near sunflowers .,1.1908355107403985
228,243,eda91aeaa8b4e131dfb4368d1805359de33ec538d0b759dacbb6a478a9554a38,the dog is black and white,a black and white dog is walking on the pavement.,0.4914092142039738,0.9929847670380119,A black animal and a white animal in motion in close quarters .,A black dog and a white dog playing in the street .,A black dog and a white dog play in the street together .,"A black , shaggy haired dog is playing with a brown and white , fluffy dog on the gravel .",Two dogs are playing together on the pavement .,0.501575552834038
229,321,6b068d00830565c865293c5234307a38850a77243c3eb72ff79dbd3ea273d250,a man wearing a purple shirt,a man with grey hair and glasses smiles.,0.2188976093760034,0.40914482100921795,A man who has a gray beard and gray hair laughs while wearing a purple shirt .,A man with a bushy beard and pink shirt is smiling .,A man with disheveled hair and facial hair in a crowd of people is smiling .,A man with poofy gray hair laughing,An old man with white long hair and a white long beard .,0.19024721163321456
230,883,ad18b3eec540760374e4e15995e668845cf7ffacb7e8d9f3f810100af757d228,a man on a rock,a man in a blue shirt is rock climbing.,0.6117876587877786,1.3517765663261072,A man in blue rock climbing .,"A man , wearing glasses , is rock climbing .",a middle aged woman climbs a mountain .,An adult wearing a harness climbs in a rocky area .,Person in blue shirt scales wall .,0.7399889075383286
231,304,15651d7e243f41997e26364b0d77e98d782f083e4d6a886160dbbe3f2a819491,a boy wearing a hat,a little boy wearing a hat is standing in front of a playground.,0.6020953032792816,0.9139102363219211,"A boy with an orange shirt smiles , while a boy in a blue shirt looks on .",A little boy in a tan hat on the ground of a play area .,"A smiling boy in an orange shirt with a safari hat sits at the playground , while a boy in a blue shirt looks on .",Boy in tan hat laughs while sitting near playground equipment .,"Two boys , one wearing a hat , in a playground .",0.3118149330426395
232,717,a288b2804aed23c8cf7ca2e86d3831bbd858c9e8358253d97fa4c7b3423c8457,a young boy climbing on a climbing wall,a young boy climbs a climbing wall at a playground.,1.7076901715105786,1.6616839928424514,A barefoot child climbs at the jungle gym .,A little girl climbs up a rock climbing jungle gym at a park .,A young child climbing a rock wall at a playground .,Girl climbing on a climbing wall,The little girl is climbing a wall in the park barefoot .,-0.04600617866812717
233,231,08f391db19b43bd756f7dfefaa0a030b18657a941ae04f5bca48da3b4215d382,two dogs on the grass,two dogs are playing in the grass near a white bench.,0.6011210890624781,0.5106855355128042,A white dog runs past another dog who is standing beside some patio furniture .,Two dogs are outside near patio furniture .,two small brown and white dogs standing beside some white chairs,Two small dogs play on the lawn .,Two small white dogs play in the yard .,-0.09043555354967392
234,550,746ab5688f7c71fe4aa952e11502558e9af505eaed13b40f932e3bd6f45c7411,a man and a woman taking a picture,a man and a woman pose for a picture.,0.3027006269135638,0.6765127644447253,A man and a woman wearing a head covering turn the video camera on themselves .,A man and woman pose for the video camera that they are holding .,A man in a brown sweater and a woman smile for their video camera .,A smiling couple with a camcorder .,Woman standing with man holding a camcorder and smiling into lens .,0.3738121375311615
235,818,40e03fa7123393029c044ba9341f3f2686c6203579fb4cf2f3c79136cd4dd177,a group of people sitting on a bench in the woods,a family poses for a picture in the woods.,0.693257985526927,0.9953360824300264,A family poses seated on concrete steps .,A family sits for a picture on a staircase outside .,A group of people are sitting on the steps outside .,A group of people sit on the cement steps in the woods and smile .,These five people are seated on steps outdoors .,0.3020780969030994
236,776,a674c1f59566f10caf833d49ea92325a7e41cbef68c099f0290351cc9b1cf258,two boxers in a boxing ring,two men are fighting in a boxing ring.,0.9130758945399517,0.723788191891086,The taller man is trying to block the shorter man .,Two boxers fiercely attacking each other .,Two boxers with white gloves are fighting .,Two men wearing white boxing gloves are in a ring .,Two men with white gloves box in a dimly lit boxing rink .,-0.18928770264886574
237,328,a052257289b33df8fd07f0e2157567726b6cb64354a2a28158cb3244c3d343a6,a little boy sitting on the ground,a little boy in a blue shirt is sitting on the floor with a cigarette in his mouth.,0.18526103637227714,0.3256274955121885,A child puts dirt into his mouth .,A little boy who is playing outdoors is tasting dirt .,A small child squats and puts dirt into his mouth .,A toddler eats dirt .,The little boy wearing the blue shirt is putting dirt in his mouth .,0.14036645913991136
238,350,40b42a7dc70f16949869005c67d0d043cb8c6fc4f92ad93c5505e60df851ec60,a baby in a cribt,a young boy in a blue shirt is playing in a dirty bathroom.,0.0002769403743749126,0.09745790480932341,A child and floor covered in white powder .,A little boy is in the corner covered in a white powder that is all over him and the floor .,A little boy with a mess all over his face and feet stands next to a door .,A young boy is caught making a mess of his room .,A young child covered with white powder .,0.0971809644349485
239,849,c6f2387e4aa6753eb51b889e7bccf1a269dcadb1c222fca8145b3f7cf0d1a8c9,a man doing a trick on a skateboard,a skateboarder does a trick in front of a crowd.,0.5616345773681097,1.076749357195284,A man does a trick on his skateboard in front of a crowd .,A skateboarder without a shirt grabs his board in the air .,A young man shocks the audience with his skateboard tricks .,Man with no shirt and tatoos on back airborne with skateboard in hand .,The skateboarder performs a jump in front of a crowd of spectators .,0.5151147798271742
240,201,8d92dbf871fe54ec51e609c090179411eeb8c6cc3d0a486471435790deb318dc,a woman with long black hair,two asian women are smiling.,0.0012870678712103873,0.17397044096742542,A girl with dark brown hair and eyes in a blue scarf is standing next to a girl in a fur edged coat .,an Asian boy and an Asian girl are smiling in a crowd of people .,The girls were in the crowd .,Two dark haired girls are in a crowd .,Two girls are looking past each other in different directions while standing in a crowd .,0.17268337309621504
241,368,8b5434a113c6d3ffe1313d84af8cbf1bade2b7c388cef39c346e491ebf589176,a group of black dogs running in a field,a group of black dogs run through a grassy field.,2.560656815837409,2.0729928207089303,A pack of black dogs running in grass .,Five black dogs run in a field .,Five black dogs running across the grass .,Many black dogs run in a grassy area .,The black dogs are running in a grassy field,-0.4876639951284787
242,935,f4408d2daae6db3b274da8555ee5c4e9c753037e12bd88875e90c11dbd78f694,two little girls sitting on the ground eating corn,two little girls are eating corn on the cob.,2.02394361282228,3.379749704088912,Two cute little girls enjoying corn on the cob .,Two girls enjoy corn on the cob while sitting on a curb .,Two little girls sitting on the edge of a street eating corn on the cob .,Two young girls are sitting on the street eating corn .,Two young girls eating corn on the cob on a sidewalk without shoes .,1.3558060912666319
243,107,a41eed7a2b6a8de21149adede65c9757d90b028f5f26d87625f60b9fb28f3cde,two police officers walking down the street,two police officers are standing in front of a tent.,0.024166903447664714,0.028607247835808466,Men wearing sunglasses with their backs turned to the camera .,The backs of two men wearing backpacks near some tents .,Two men in black bulletproof vests watch something taking place to the right of the picture .,Two men in black outfits have backpacks .,Two men in bullet proof vests watch over a crowd by some white tents .,0.004440344388143752
244,273,ac18791fff69cb935701b6f30debc85b6fc8efe0d866cb02fc780d19215cbf01,a young boy sitting inside of a white pipe,a boy in a blue shirt is inside a white pipe.,0.23110756024631757,0.2604379527663352,A boy crawling through a cement pipeline,A boy in a tube,"A young boy dressed in a black hoodie crawling through a large , white tube .",A young boy is crawling through a white tube .,Boy crawling through a cement tunnel .,0.029330392520017623
245,331,7ad1a23712e35471f86a131bf4c88eebcec632187583e309a26246ec7583e732,a woman and a child playing with a ball in a park,a woman and a little girl are playing with a ball in a park.,1.037637621184213,1.1446522729839699,A child and her mother are playing ball in a park .,A little girl with a hat playing ball with her mom .,A young asian girl with a woman plays with a blue ball in a part setting .,A young woman and her daughter play with a blue and white beach ball in the grass .,Girl with tan dress and a hat with woman in a grey top with blue ball on ground .,0.10701465179975678
246,409,8797e19b58cf7cbbe78217a6d125b798fc6202b8ea1f91eaa75e1ca96a9bc40d,a dog running in the grass,a brown and white dog is running through the grass.,0.7715851327229772,1.1682013764868364,"a black , brown and white dog is running beside a green fence in a grassy garden .",A dog is galloping through the grass .,"A dog runs through a lush , green lawn .",A tri-colored dog is running on the green grass .,Dog running through grass in fenced in area .,0.3966162437638592
247,631,dac4b20400f4a3e18462dda2afa0c930fcce8fa79b6f6271d415399105b9b09d,a bunch of chickens laying on top of a wooden pal,a bunch of chickens are laying on a wooden floor.,0.39377183997278303,0.4624264803780088,"A group of dogs , chickens and a turkey stand by a bucket .",Five white puppies and several chickens compete for food,Many white puppies are eating food near several brown roosters .,"Puppies , chickens and a turkey examining bucket contents on dirt .","Some chicken , dogs , and a turkey are trying to get some food out of a white bucket .",0.06865464040522579
248,245,bf882fc5beb4d7d65ef682e4999b9163afaaebdccd380473d004d4190cb3e1d9,a young boy on a swing,a young boy is swinging on a swing.,1.397196997038912,2.322751278551735,a blonde boy in a white and orange t-shirt is playing on a swing .,A boy in a surfing shirt is swinging on a swing .,A child is smiling while being on a swing .,A little boy swings at the playground .,Young child swinging on a swing .,0.9255542815128228
249,783,e9ce86e12040426bba036a276731c90ed5e996c0036b6d98aafe0b1fe02cbdc7,a clear blue sky,a group of people are sitting on a bench in a rocky area.,0.4518037245293543,0.39110331476884747,A group of people on a walkway .,A group of people on a zig zagging path through the mountains,People are standing around a scenic lookout on a sunny day .,People stand at the bottom of a meandering walkway that goes uphill .,tourists are standing a mountain viewpoint beneath a clear blue sky .,-0.060700409760506835
250,448,3ae9e81b6a29a67e657e8374c4a8c8ed02ce3593fe6862c411993c564a0290a4,a man on a skateboard,a skateboarder does a trick on a wooden ramp.,0.10226843823197039,0.31895288153357193,A BMX biker performing a wall-ride on a ramp .,a bmx rider rides the ramp .,A man is doing tricks with a bicycle at a skate park .,A young man does tricks with his bike on a course .,Man on bicycle is doing tricks in an old building .,0.21668444330160153
251,888,e2d4ec08b4d8b4565192467e74ea7fd9c73ddb43b489dd1f96fa1d052f87f25a,a man standing in front of a brick building,a man wearing a black hat and a black t - shirt stands in front of a brick building.,3.000003148125824,1.0996954068578837,a man in a black hat standing in front of a brick wall and a sign,A man in a knit cap stands next to a brick wall .,A man standing in front of a brick building .,Man wearing black shirt standing in front of a red brick wall .,The man in the black hat has his back to a theater sign .,-1.9003077412679403
252,169,b5b8a9ba69787be58f003ac423f85708fc3a1a7f7c15ff888737ec079684fcd1,a man surfing in the ocean under a bridge,a surfer rides a wave under the golden gate bridge.,1.4119368881795202,3.023751903810327,A man surfs by the Golden Gate bridge on a foggy day .,A surfer rides a wave under a red bridge .,A surfer by a bridge in foggy conditions,A surfer under a bridge .,Man surfing under the Golden Gate Bridge on a foggy day .,1.6118150156308066
253,612,72a42bb0968e47cafff4215d7e9a241157129ce7ace5760d46fbfbe40f20939e,a man wearing a blue jacket,"a woman, a man, and two young girls are standing on a sidewalk.",0.024717792053016517,0.39228381458709605,A group of people stand together and look at the camera .,"A man , a woman , a girl , and a younger girl look puzzled and concerned .","A man , woman and one girl face the camera , while one girl faces away .","Oriental man , and two women facing camera and young child with back to camera .","Three people looking concerned facing us , a girl in a backback facing away .",0.36756602253407955
254,30,85f88af1a731626821ef2df5b3c2079bdec6b7cacb092726b70056ce200a1078,a young boy playing in a fountain with water,a young boy is playing in a sprinkler.,0.6385388483851748,0.12723437627999235,a boy enjoys a rain shower .,A boy in bathing trunks is standing under a water shower .,A boy in swim trunks screams while being sprayed with water .,A boy is squinting while being sprayed with water from a flat ground surface .,A boy wearing black swimming trunks is standing in a fountain .,-0.5113044721051825
255,542,4f450c3df0df55bf847ed64243231137d91b389f22e003fb8032b695d0b67147,a man in a white uniform holding a basketball ball,a man in a white uniform is shooting a basketball.,0.7497274337201809,0.707457292831496,A basketball player preparing to shoot the ball,A basketball player takes a shot .,A black man playing basketball with orange shoes,"Basketball player with 32 on jersey jumps to make a shot , crowd in background .",Miami basketball player shooting,-0.04227014088868486
256,646,9e604ff8e84fa0f671915bc576b7158086d996e9bad579b5114ab1ab089043ce,a little girl sitting on top of a snowman,a little girl in a red coat is sitting on a snowman.,0.09369355048958161,0.38430209053844744,A child dressed for the cold sits in the snow .,a child in red sits in the snow .,A little girl in a red snowsuit sits on a snowball in a backyard .,little kid in red snowsuit with hello kitty mittens,The small girl in the Hello Kitty gloves and red snowsuit smiles while sitting on a large snowball .,0.2906085400488658
257,813,77fcb6ae2dd195b6cc01df33440f93dfe971c8b52d6cc64553f9981275c2594e,a person riding a motorcycle on a race track,a man in a red and white motorcycle is riding on a racetrack.,0.4227173106782719,1.2498577373698734,A man racing on a motorbike,A motorcycle rider drives fast around a curve on a track .,A person wearing a red and white uniform is racing a motorcycle with the number 58 on it .,A red and white motorcycle is being ridden around a bend on a racetrack .,Red and white motorbike number 58 races around the track .,0.8271404266916015
258,241,e9627b633513239b0d1f434c9ad0f9f885210e0299f1b35ea51336ab42fc0789,the water is splashing,a little girl splashes in a pool.,0.10110683411055116,2.14489337287632,A child slides down a slide and into the water .,A girl sliding into a pool,A little girl in a white shirt sliding down a green slide splashing into a blue baby pool .,A little girl splashes in a pool of water .,Little girl slides down in the pool .,2.043786538765769
259,395,f692c8ea8433707afb93dac22310381b5005f90b9e6d57a16d77f034cfa447b7,the man is wearing a hat,a man wearing a black hat is shopping for green vegetables in a grocery store.,0.09588172002009382,0.11622795422819088,A ban in a grey swaetshirt picks out greens in a supermarket .,A man is taking a look at the food products .,A man looking at produce .,A man shopping for fresh lettuce in a market,An older man examines produce .,0.020346234208097058
260,119,99920cd8e323304cf8540ddd7f4222de01488d26a6d7cd2790b83595efb024b0,two women walking down the street,two women walking down the street.,2.533334277253248,2.533334277253248,Two ladies walking on the sidewalk talking to each other .,Two women are bundled up walking through town .,Two women crossing the street on a cold day,Two women walking down the street .,"Two women walking near some trees in warm , dark-colored garments , one with a hat , one with an upraised collar .",0.0
261,678,6f95825609c36740372356806fb6de474da8d97f8f9eabc6626b55fccee07ae0,a small dog playing with a tennis ball,a brown and white dog is jumping over a green and white pole.,0.872661743461667,0.7975815456493967,a dog jumps over a bar with a ball in its mouth .,A fluffy white and brown dog is jumping over an obstacle and holding a tennis ball in its mouth .,Brown and white dog jumping over a low rail with a tennis ball in his mouth .,The dog is jumping with a ball in his mouth .,The small yellow and white dog jumps over an obstacle with a tennis ball .,-0.07508019781227038
262,902,6314bce6357aeeb33bf55fe6997dcd7f9adf1852b2283f861099648e4f45b919,a man standing on a sidewalk next to a traffic light,a man in a black shirt is standing next to a traffic light.,0.6529140771063133,0.7625366623813621,A large man dressed in black on a street corner by a red brick building .,A man dressed in black is waiting at a crosswalk .,A man dressed in black stands at a street corner near a crossing light .,"A man stands at a traffic light , waiting to cross the street .",Man in black waits at crossing signal near large brick building .,0.10962258527504876
263,360,76b0edcef533ddefe7ab45e581fed36aadede0a6729efd142f547b6f79737fdf,the water is wavy,three dogs are playing in the water at the beach.,0.005896049694679039,1.270236106338727,Two boys and two dogs are playing in the sand and water at the seashore .,Two boys are playing with two dogs on the beach .,Two boys play with two dogs at the shore .,Two boys play with two dogs next to the ocean .,Two guys are playing with two dogs on the beach .,1.2643400566440481
264,645,9c65a04114a42ff7fbe4231eb4fe42358957a591aabad1dd1352e89a2b482e1c,a group of people watching a soccer game,a group of men playing soccer in a stadium.,0.6129431986567075,0.46420294085393604,A bunch of people playing soccer .,A shot-on-goal action photo of soccer players in red and black uniforms .,A soccer player jumping in air during a game .,Six soccer players on field with player in red uniform in the air and ball airborne .,The red team knocked the ball toward the goal and the black team tried to block it .,-0.1487402578027715
265,614,d3d3214008b9081ccbf3b4395ea3bf24eea089d2d11b3a77ceff456f7359679f,the dog is brown,a brown dog is carrying a stick in its mouth in the snow.,0.20932312434344097,1.9470053935844767,A brown dog holding a huge stick in its mouth running in the snow .,A brown dog holding a really big stick .,A dog in the snow carrying a tree limb in its mouth .,Brown dog runs through snow with a snow covered branch in its mouth .,"The brown dog running in the snow is carrying a large stick , also covered with snow .",1.7376822692410356
266,532,39dea75aa18de2c4cc43f39dbb666c71a653431c806fb03483e4409ba52dfba2,two girls standing next to each other,two asian girls are smiling and holding lollipops.,0.34984290823486486,0.7194020698165491,One girl is wearing a white t-shirt with red sleeves ; the other has words on hers .,two asian girls laughing together,Two girls with dark hair and white shirts .,Two girls with long hair are smiling and one is hold something white and green .,Two women in white shirts talking .,0.3695591615816842
267,799,180d62bfe69aef6005a4c77f710561edb58b58b8e6d0d0c8bd7d3c5bddb56528,a man doing a trick on a skateboard,a man in a red shirt is doing a skateboard trick.,0.5543958434168376,0.4963597990095714,A boy skateboarding,A man jumps off an orange ramp with his skateboard .,a skateboarder ollies off a ramp .,Person doing a skateboard stunt,The man in the background is watching the skateboarder complete a jump .,-0.058036044407266174
268,712,b14bae430370b6068cffa80221c24a80959a8e2a0402e477500928e1bdb21a5d,two young girls walking down the street,two asian girls are walking down the street.,0.883662870804071,0.7961997534715306,A couple is walking down the sidewalk .,A couple walks down a city street holding hands .,The Asian girl wearing a pink and black striped top is walking next to the girl in the grey top .,"Two students walk down a street , holding hands .",Two women are walking casually down the street together .,-0.08746311733254042
269,527,fb3c2c02e0d5d71ba23b6ffdab0897167f7ae7304b060c35170dc03900dc15c2,two women standing next to each other women,two women pose for a picture.,0.02770751542683164,0.5373565530605847,A smiling girl in glasses and a blue-gray scarf with a smiling girl in a black coat leaning on her shoulder .,A woman leaning her head on the shoulder of another woman .,"Two girls , one wearing glasses , dressed in cold weather clothing smile for the camera .",Two warmly dress girls posing for a picture outdoors,Two young woman hug and pose together for a picture .,0.509649037633753
270,657,09bf5c9b141123414eb74477cfadb84852e4a8b8bf4e80cbdec633b19e6b42e2,a person on a dirt bike doing a trick,a person on a dirt bike is jumping over a dirt mound.,2.4820708216526515,1.5435226582536692,A dirt bike rider is in the air pulling off a trick .,A dirt biker who is sideways in the air having come off of a dirt jump .,A motorbiker racer performs an aerial stunt as he flies over a dirt hill in the woods .,A person on a dirt bike doing a trick over a hill .,A person on a dirt bike soaring through the air sideways .,-0.9385481633989823
271,581,0556fd15f8fc83151ba893835efc176da25c6de22a259daf23b95f48b356d1cf,two greyhounds racing in a race,two greyhounds are racing on a track.,0.6541055947834739,0.9711915873503651,A group of dogs racing .,A number eight racing dog is beating a number four racing dog slightly in a race .,Several dogs wearing muzzles are racing on a track .,There are three dogs wearing numbered jerseys running a race .,Three race dogs run to finish a race .,0.3170859925668913
272,429,bc71dd2103b3f7d9b67c5759500cda6e67270153bca0d408793a9e29b4b90cf7,a man riding a dirt bike on a dirt track,a person on a dirt bike is riding on a dirt track.,1.3376665632188123,0.8746862280986807,a dirt biker turns across the dirt .,A dirt bike takes a turn .,A man riding a motorbike kicks up dirt .,A person rides a dirt bike .,The motorcycle racer is taking a curve on the dirt track .,-0.4629803351201316
273,562,23ddd92dfda7c4d2c01b2e0b312cbdc8e6b14d0375ccc7d6afde972d0da3f985,a man jumping in the air on a skateboard,a skateboarder is doing a trick on a concrete wall.,0.5313140222506211,0.2021564276535847,a boy on skateboard is making a jump from a blue bench beside a white wall .,A boy skateboarding in an urban area,A skateboarder midair with his skateboard .,Teen grinding a bench on a skateboard,The boy is skateboarding on the bench by the fence .,-0.32915759459703636
274,793,76a83373b4cd8602ed609052e5b4f45dcdf1df01e62955cbc7ec6a7ed34cd9a5,a person on a dirt bike in the air,a person on a dirt bike is in the air.,1.7026637572238794,1.4854498930329438,A man in blue jumping a dirt bike .,"A man on a dirt bike , airborne .",A man on a motorcycle is jumping over a dirt hill in front of spectators .,A motocross rider wearing a blue uniform flies through the air .,A person in blue on a bike in midair .,-0.21721386419093558
275,0,34670127c7fae0f584bc49d09b58418006519bfdf7bcec3b32302c5760b7c706,the woman is wearing a blue tank top,a woman in a blue tank top is taking a picture.,0.2102718092170246,0.28587195940792687,A blond woman in a blue shirt appears to wait for a ride .,A blond woman is on the street hailing a taxi .,"A woman is signaling is to traffic , as seen from behind .",A woman with blonde hair wearing a blue tube top is waving on the side of the street .,The woman in the blue dress is holding out her arm at oncoming traffic .,0.07560015019090227
276,677,bfe05d76bdbdaeb01ef59393b4a53762493166c172deb264bbef1a365cbcd1ca,a body of water,a group of people are playing in the water.,0.1799682654072573,1.1246075363643413,A group of friends play in a lake .,Five people are in a natural water source .,many children play in the water .,People in bathing suits bend down and reach into the water of a lake .,Several people are playing outside in the water .,0.944639270957084
277,156,3934a40c1d85b0efdee7ff8773921aab40cc96081ef52b8f895927ec103e7c34,a woman with her eyes closed,a woman with her eyes closed and her hands in the air.,0.30614355648569574,0.2671378627138299,A lady stands in the middle of a crowd wearing white gloves .,A woman tilts her face upward and lifts her white gloved hand,A woman wearing a white glove peers over the crowd .,A woman with a white glove and several others .,A woman with brown hair wearing white gloves .,-0.03900569377186586
278,28,bbf1af40441c055311f71060a206f7eec0cac7dd50f0b314d5a375653661c161,a young boy jumping off a dock into a lake,a young boy jumps off a dock into a lake.,0.6910139098836185,0.8105544232712427,A blonde boy wearing a blue life vest and camo shorts jumps off a diveboard into a blue lake .,A boy diving backward off a pier in a large lake .,A boy in a blue life jacket jumps into the water .,A boy in a blue life jacket jumps off a board into the lake .,A boy is holding his nose and jumping off a diving board backwards into a lake .,0.11954051338762417
279,768,b53f0c9b6239b3c41e62e9316424d687bcbe1755b8c21b86b611f2ef2e95205e,a woman in a green dress,a woman in a green dress and a man in a brown shirt.,0.07664144840510972,0.23546010598366385,A man checks out the beautiful necklace a woman is wearing .,A man stands across from a woman and holds her necklace while she looks at him .,A man with a shocked expression on his face is holding a beaded necklace that is around a woman 's neck .,The man in the black hat holds the brown hair woman 's necklace .,There is a man looking a girls necklace .,0.15881865757855412
280,762,adaff1cdae36b374ed28f2d4e0fd6bc87e05e614625e465e696c27b8c46e66ba,a group of people standing on top of a green field,a large group of people are standing in front of a red and white flag.,0.41799959789707586,0.16020542434846458,"A formation on a big field with people wearing red , white and blue",Many people in formation on a field .,Marching bands in formation on a field .,The crowd stood in many different lines in the open field .,The group of people make single file lines on the field .,-0.2577941735486113
281,588,27a212c1d1afb316d2308b7d21e1233ebab5eee6b2285eaeb8faff544f4de63d,people standing in the snow,a group of people stand in the snow watching a fireworks display.,0.16036086254958692,1.5680066016490941,A group of people are watching fireworks outside .,A group of people gathered to watch fireworks .,"A small crowd in winter jackets stand in a snow field , looking at fireworks .",A small crowd stands watching a fireworks display .,People watch as something lights up the sky .,1.4076457390995072
282,570,8b1d7bd5a77ca609df0a53acd2ff182d772285c1a86d9c5e0ec1ae81fec7201a,a woman holding a baby wrapped in a blanket,a woman holds a baby wrapped in a blanket.,0.22340585629836235,0.1314640284782233,A mother is holding a child .,An adult is nuzzling a child that is looking into the distance .,A woman in a headdress is holding a little boy wearing blue .,A woman in a scarf looks sideways at the camera and holds a small child .,A woman wearing a head covering holding an infant,-0.09194182782013904
283,501,c5d424803b0bdb016ae59572c5c499fb8fbaf4949be4c2cd074c13cab7126b89,a group of men playing a game of basketball,a group of men playing basketball.,0.8036603944048182,1.3978661802685366,A player from the white and green highschool team dribbles down court defended by a player from the other team .,Four basketball players in action .,"Four men playing basketball , two from each team .",Two boys in green and white uniforms play basketball with two boys in blue and white uniforms .,Young men playing basketball in a competition .,0.5942057858637184
284,944,db29150a4211b1c9ad0ac0a14f910b44a4178eeb95dd609c725f5cde7182fa37,the water is calm,a man is fishing in a river.,0.05580173537086558,1.1870787801008917,A man fly fishes in a large river .,A man stands on the edge of the water and holds a fishing pole .,A man with a tan hat and jacket is fishing in green waters .,one lone fisherman with his line cast out into the river .,The man is fishing at the water 's edge .,1.1312770447300262
285,584,93c8d090a6d2eb2427b8111a5b4200bb6eedc80d0be6e3a56d83fdf6dcf0097b,a group of children sitting around a computer,a group of children are sitting in front of a computer.,0.9845516943962527,1.3079147389174723,A teacher is instructing two boys how to use the computer in a class .,A woman helps boys on a computer .,Children sit in front of a computer while their teacher instructs them .,Kids work at computers with a teacher 's help .,Two boys are getting help on a computer from a teacher .,0.32336304452121967
286,274,1b067a43d8c87784261a5b89dda6b40709fd94fbef08190e49bf48b24e8833d5,two dogs playing in the grass,a black dog and a brown dog are playing with a blue frisbee.,0.587920032345898,1.3889303948703655,A dog with a Frisbee in front of a brown dog .,A large black dog is catching a Frisbee while a large brown dog follows shortly after .,Two dark colored dogs romp in the grass with a blue Frisbee .,Two dogs are catching blue Frisbees in grass .,Two dogs are playing ; one is catching a Frisbee .,0.8010103625244676
287,887,dd1e79dab83a27e28275702ed6c8c6946d71caf795c1491f80eb86affde677a6,a group of people,a group of people are standing in front of a building.,0.04479862258431366,0.11624127314158633,A dark-skinned man in a green shirt with a green scarf looking at an electronic device .,A man in a green shirt and sweater looks at his cellphone .,A man wearing a green shirt looks down at a cellphone .,A teenager standing in a crowd of people texting on his phone .,Man with green shirt looks at phone .,0.07144265055727267
288,101,8d0f225ec1a8a275f95cdec210f6265f03e430b3c012619d0626d11714fee2f1,a group of people standing in a field,a group of people gather in a field.,0.038722801977020424,0.02612480225171087,Children participate in a sport involving swine among spectators .,Children playing with a pig,People are gathered around watching children with a pig .,Several children pet a pig while a crowd watches .,the young children are petting a piglet,-0.012597999725309554
289,71,03912ef822fc105aa89e5cac3f6227ff5156715fbb19b005ba251ffb4ee9a4f5,a dog running with a tennis ball in its mouth,a black and white dog running with a tennis ball in its mouth.,1.3118590386469635,2.065324725787301,A dog is running with a yellow tennis ball and wearing a red harness .,a small black and white dog running through the grass with a tennis ball in his mouth,Small black and white dog wearing a red harness is running around with a ball in its mouth .,Small dog with red harness fetching a ball .,The dog wearing the red collar is running across the grass with a ball in its mouth .,0.7534656871403373
290,464,e19b1e38223fc6239e75592df57f64bf50ea94fad26f792ba52ddcba202d54e6,a police car parked in front of a house,a white dog is standing in front of a police car.,0.9840433059807792,1.5239614512102913,A dog corners a little girl next to a police cruiser .,A girl playing with a dog near a police car .,"A large white dog , a girl , and a police car in a driveway and an SUV in a garage .","A little girl is playing with a large , white poodle in the driveway next to a police car .",The girl is playing with her dog in her driveway .,0.5399181452295121
291,77,2617a964ae75cd1b11d673ab25977270d2ad67cff436efa080098c5225008811,two boys running on the beach,three boys running on the beach.,1.0632401202654986,1.3392422703567406,children playing at the beach,"A little boy in red shorts , a boy in a black Speedo , and a boy in grey shorts are all running on the beach .",Three boys are running on the beach playing a game .,Three boys play tag on the beach .,Two young boys and one young man run on a beach with water behind them .,0.27600215009124196
292,940,561fd19be7d5843a0b32376cd5f7dd687593765a52feff11590085a691486200,two children in pirate hats playing with rocks,two children dressed in pirate costumes play in a tree.,1.1897558460220439,1.0693924665218968,Two children are dressed as pirates .,Two children dressed as pirates,Two children kneeling down with pirate hats on,Two young boys are kneeling in the bushes wearing pirate costumes .,Two young boys wearing pirate hats are crouching down .,-0.12036337950014708
293,937,937a914c290599abeac419fadfef52b833b3f0e56a92fff663f5c7f7b0176956,a boy doing a handstant on a skateboard,a boy doing a handstand in front of a building.,0.06625801160067514,0.1465367514351813,A boy in a white tracksuit is break dancing on the ground in front of a colorful wall .,A city break dancer starts to spin .,A man balances on his forearms while a child watches in front of a colorful background .,Children watch a man doing dance moves .,The break dancer is wearing a white shirt and grey pants .,0.08027873983450616
294,512,7de9c0a379b8bd35c48c59c72fc2cee37c46bb2b1a8d74211e4a99169329fc58,a group of people sitting at a table in front of a building,a group of people sit outside a building.,2.0445063056700743,0.7648659714994831,A group of people sit at a table in front of a large building .,People are drinking and walking in front of a brick building .,People are enjoying drinks at a table outside a large brick building .,Two people are seated at a table with drinks,Two people are sitting at an outdoor cafe in front of an old building .,-1.2796403341705913
295,352,81881dee7e843768e40c2c85f2e17d52a2255d43e8d9683440b18504cfef700b,two boys on a bench,two boys play tug - of - war in the woods.,0.3264365209552008,0.37897522512666215,Two boys wearing brown shirts tug at a rope on a wooden platform .,Two boys with red hair and glasses stand on a table and fight .,Two redheaded boys in brown shirts stand on a table and are fighting with sticks .,"Two redheaded boys with glasses stand on bench , play swordfight with sticks .",Two twin pre-teen boys dueling with sticks,0.05253870417146134
296,693,0a0c45bacef1ae6042ec58fc6a63181aab38eb95566cd0d9478ea5a40276c964,a man surfing on a wave in the ocean,a man surfs on a green wave.,1.4635916080870572,0.7876464619188629,A man in colorful shorts is surfing under a wave .,A man in colorful trunks surfing a wave on a white surfboard .,A surfer rides a wave in a clear blue ocean .,a surfer surfs a wave .,Man in multicolor trunks riding a surfboard on a wave .,-0.6759451461681943
297,92,c3ff520b0f8655f97ef04e67129e3160ca73bfa0681f4c8646214ff57207c9e8,a dog jumping over a blue and orange obstacle,a brown dog jumps over a blue and orange obstacle.,0.3375983063626963,0.3781530092521443,A crowd is watching a dog climb up a staircase .,A dog is running through an obstacle course in front of a group of people .,A dog performs a trick on a ladder in front of a crowd observing his talent .,Large brown dog walks up a blue staircase .,Onlookers watch a German Shephard climb steps on an obstacle course .,0.04055470288944801
298,394,16d6a11b83eb91531d77b8d3feaec7c1df6a51685ebcd1ba522bafab736fc798,the dog is brown,a brown dog and a brown dog are playing on a black mat.,0.03803720019543153,0.19980679162955617,A black and a blonde dog are either playing or fighting with each other .,A white and a black dog fighting in a fenced in room .,Two dogs are jumping up at each other .,"Two dogs fighting , one is black , the other beige .",Two dogs in a kennel on their hind legs facing one another .,0.16176959143412464
299,259,18a7fb51df66f79455ca96c5e95db91f407ee8d77d678dd8a8a3758ba0f0f693,a little girl sitting on a counter in a kitchen,a little girl in a pink shirt and blue hat is washing her feet in a kitchen sink.,0.40769069786489043,0.6501163099739042,A little girl is sitting on the counter dangling one foot in the sink whilst holding a dish jet washer .,A little girl plays with a faucet .,A little girl wearing sunglasses puts her feet into the kitchen sink .,"A young , barefoot girl in red sunglasses plays in a sink .",A young girl wearing red sunglasses sits near a sink and holds the faucet .,0.2424256121090138
300,868,9049d2774986461e30610701f9a40246b3e8672159540e6b0d76108896a96f23,two boys playing in a pile of dirt,two little boys are playing in a pile of dirt.,0.5209673388457927,0.8391995658309513,There are two kids in swimmies playing outside next to some trees .,Two boys with long blond hair are climbing on a hillside .,Two boys with water wings climb a tree .,Two children posing for a picture wearing water wings and sitting on a rock .,Two little boys are sitting on a clump of dirt .,0.31823222698515863
301,798,b3d47e4e1259baff577f80da90a7a762d6e3a5f1da0f9f91a1842a75684c1d7f,a group of young men playing basketball on a court,two men playing basketball.,0.9688080060344788,1.5848948133629341,A group of boys play basketball together .,Basketball player makes a shot as other players to try to intercept .,Some teenagers are scrambling for a basketball underneath the net .,These people are playing basketball outdoors .,two men playing basketball under a blue sky,0.6160868073284553
302,164,1540331277407da454620e84798d818b7c37880497b013afa7c4a8f8f0cbad5d,a man taking a picture,a man in a blue shirt is taking a picture.,1.1403613885881492,1.287717122308078,A man in a tropical enviorment holding a camera to his face .,A man in blue takes a photo of the person taking a photo of him .,A man taking a picture with a silver camera .,Man in a blue shirt with a camera .,"The man is outdoors , holding a camera .",0.14735573371992894
303,244,9f7cecd1577864406efd66dd5be06fed88d2724e8de59c365d8dbf76877c81ce,the water is blue,two girls play in a fountain.,0.12514892024115998,0.7260591576528607,Two girls running through pool while water sprays over them,Two girls run through a sprinkler in a pool .,Two smiling little girls playing in a fountain with other people .,Two young girls are running through shallow water at a pool .,Two young girls run through a pool while water sprays them .,0.6009102374117007
304,829,4dad3768e75b4b0c1f4a85f3cea2ab504b2b5c2732c11503fb8cb6e11de5981b,a man flying through the air while riding a bike,a bmx biker does a trick in the air.,0.560979210072923,0.2702913575814174,A man rides his blue bike high in the air over a park .,a man wearing blue and riding a blue bike jumping in midair,Someone is airborne on a turquoise bicycle .,"The boy is doing a stunt , through the air , on his bicycle .",The man is performing a trick high in the air with a bicycle .,-0.2906878524915055
305,684,1aea6f22a5a0dbd8072a9d5e36535375c4419c29cd007578527a3cc9292b35de,the water is chop,a black dog is running on the beach.,0.004330048136077966,1.277401225273708,A black dog chases birds on the shoreline,A black dog is chasing two birds on the shore of the ocean .,A dog is running along the beach beside the ocean .,Black dog running behind three birds on shore with waves in the background .,There is a dog running along the beach .,1.27307117713763
306,796,ac76a08476cf5ddb1769c1317c21c64e1ae15b9b13ad66d5b979f61cddb5b708,two dogs playing in a field,a black and a brown and white dog are playing in the dirt.,1.3471399590437274,0.5240184953367424,A black dog and two brown and white dogs are romping in the mud .,The three dogs play in the sand .,Three dogs are playing in a field .,Three dogs are playing rough in a sandy field .,Three dogs chase and wrestle together on a dirt field .,-0.823121463706985
307,444,ac284199d958fdc57fbf6537510279025479b36295848ed282d7e88b7eed5bcb,a skateboarder doing a trick at a skate park,a skateboarder does a trick on a ramp.,1.003691921458252,0.565410051655273,A man going skating down a slide while two kids look on .,"A skateboarder in the air at a big , outdoor ramp .",A skateboarder is skating down a very steep ramp in a skate park .,Kids play on a skateboarding ramp in front of some trees .,Two young males watch another male skateboarding at a skate park .,-0.438281869802979
308,354,37221d9fd2cda1268985166b5dbbf96abd6bd7d5ef6d9d83bd27df3acaf49542,a woman in the water,a woman in a blue bathing suit is walking out of the ocean.,0.5618743454908132,0.7247859251360709,A girl in a blue swimsuit walks into the ocean .,A woman running into surf .,A woman walking into the waves .,Girl is wading through the gray ocean .,woman in blue bathing suit going into the water,0.1629115796452577
309,775,7cc47ff05bc89338127ffddc8042c0403b72fecc4177f6a59eb1c27883462d54,two boxers in a boxing ring,two men are fighting in a boxing ring.,0.38261030283916764,0.45682564917915913,A boxer in black trunks taking a swing at a boxer in white trunks .,a man in black shorts is boxing against and man in white shorts .,A man wearing black boxing shorts and white boxing gloves and a man in white boxing shorts and white boxing gloves are fighting in the ring .,Two boxers fight in a well-lit ring surrounded by poorly-lit seating .,Two men battle it out in a boxing match with white gloves .,0.0742153463399915
310,330,c7e4073b8039f5dccfee30b22af7cc0e0613480ee2385209cc3f908970a26871,the horse is running,"a greyhound dog wearing a red, white, and black jersey is running on a track.",0.03303347075424737,0.8841494193108177,A brown and white greyhound wearing a red number five is caught in midair racing .,A greyhound with the number 5 on it is running along a dirt racing track .,A muzzled animal jumps over a metal bar and splashes through the mud .,a muzzled greyhound wearing the number five is running on a dog track .,Dog with muzzle and sweater marked 5 runs on dirt track .,0.8511159485565704
311,382,0f8f0ce247602e9c2c2b12aab6753b4e6b54f2684b58fb6a2a0f9d7f56e1c4db,a dog running on a dirt road,a white dog running down a dirt path.,1.107245162671522,1.1041434340847247,A small white dog has on a leash and is walking next to a fence .,A white dog is walking down a dirt road .,"A white dog runs along a path , trailing a leash .",A white dog with a loose leash is on a dirt road,A white puppy walks down a dirt path trailing his leash on the ground behind him .,-0.0031017285867973587
312,62,18f53384d4151001bd54c9f91782dd6af03e0f3295a61ab8991d66b4bb961568,a yellow and red playground structure,a little girl in a pink shirt is sitting on a yellow monkey bars.,0.5713059463336012,0.28068567149547485,The two girls are playing on a yellow and red jungle gym .,Two girls play at a park .,"Two little girls , both dressed in pink , play on the jungle gym .",Two little girls in pink are in a playground .,two young girls wearing pink playing on a playground,-0.29062027483812636
313,878,3221c45d3753438db65693dd4c1722f2c43cc05cec4b81c39716eea8af6c91d1,the child is holding a toothbrush,a little boy in a striped sweater is playing with a yellow toy.,0.05587929773149221,0.22217496798789482,One child reaches up for something while another stands beside him .,One child with a colourful toy and another child reaching up .,Two babies in sweaters playing with a toy .,Two children have expressions of happiness as they reach for something out of sight .,Two kids playing on a street,0.16629567025640263
314,842,812c435e638789dd0c03bb0587838ee0b151bdb77bef9bce308338ac0d8cf161,a person on a dirt bike in the air,a person on a dirt bike is in the air.,0.7047777943542126,0.6713886016123434,A BMX rider in a red and black outfit is jumping on his motorcycle .,A dirt biker flies through the air .,A guy in red on a bike in midair .,A man in a red outfit jumps his motocross bike down the hill .,Someone in red on a bike is moving in midair .,-0.033389192741869245
315,344,bb9e5536b1c952efd6edc9cf4c33818239fca30024b63b2e14d4145684d70bad,a small child playing in the dirt with a shovel,a toddler plays in the sand.,1.306506714712449,0.3784392506960959,A baby is in a sandpit playing with a bucket .,A baby playing in the dirt with a bucket and shovel .,A blonde baby playing in the sand .,A toddler in a diaper is playing in a sandbox near a shovel and other sand toys .,The cute baby in a diaper and shirt plays in the dirt .,-0.9280674640163531
316,745,c8bae6f1fbcc010c85786a243f9b4abbdc9e6f248c3bda9dca26ed1aaa04ab85,a group of people riding skates down a road,a group of people rollerblading down a road.,0.35088104124233016,1.063547144155929,A group of rollerbladers is lined up on the street .,A group of rollerblading on a sloping road .,A line of rollerbladers crouch down aerodynamically,Many people are rollerblading down the street .,Rollerbladers roll in formation down a hill .,0.7126661029135988
317,336,c379f64ce8ab2f03598c0ca771796f0ea19d68403e2e9578aca03bf1068d428d,a woman laying on a rock next to a body of water,a woman in a bikini is laying on the ground next to a body of water.,0.26328684336677116,0.11317584099100256,There are two women tanning in bikinis .,Two people sunbathe beside water .,Two women are laying on a concrete structure beside the ocean .,Two women sunbathe by the water .,Two women sunbathe on a concrete terrace .,-0.1501110023757686
318,44,687e787530eba29e6013df2668df4c6c761a25de0f935b173d9e8ab3548e4a28,two people sitting by a river,two girls sit on the shore of a river with their bikes.,0.5019500724066945,1.1587961473022939,Two bicycles are standing behind two people sitting on the grass near a body of water .,Two blonde women sit beside their bicycles in the grass beside a body of water .,Two girls are sitting on a path by a river with their bicycles parked beside them .,"Two people are sitting by a pond , next to their bikes .",Two women sitting in the grass with their bikes behind them .,0.6568460748955993
319,163,d310a0488f53a76b0eefc77b7a81e7441f5595326443cf034ebdd2f5d3639f79,a man sitting on the ground,a man sitting on the ground smoking a cigarette.,0.2133284136495001,0.19960245935406362,A man is sitting on the floor outside a door and his head on his chin .,A man sits against a yellow wall wearing all black .,A man wearing a dark blue hat sits on the ground and leans against a building .,"Man with black hat , coat , and pants sitting next to the door of a building .",The man in the black hat is sitting on the floor beside the green door .,-0.013725954295436466
320,890,19a0cfeb5a7d53a405f7d8ef2b1fa09d2125249505e2ad62b2c8628199ca1ec0,a dog jumping in the air,a black dog jumps in the air to catch a ball.,1.0541589351509213,0.3500326918928467,A black dog jumping .,A brown dog is jumping on its hind legs .,a brown dog is leaping into the air in front of a wooden structure in a pine forest .,a brown dog jumping off the ground in the woods,The dog leaps into the air in a field .,-0.7041262432580746
321,936,196d288b854660b31215d912735520e2353ff9d61d5f64f2007264920d29c173,a small dog playing with a ball in the grass,a brown and white dog is playing with a ball in the grass.,1.546537854280154,2.170673212343056,a brown and white dog chasing a ball on some grass .,a brown and white dog has is playing with a white ball on the grass .,A collie plays with a white ball in a field of green grass .,A orange dog playing with a white ball on green grass .,A small brown dog paws at a white ball,0.6241353580629019
322,153,2f4cef05e4ead1c513f418f0b5608d725cb15673555dbca519a64cf940b4b1ea,a group of men playing bagpipes in a parade,a man in a black suit is playing the bagpipes while another man in a black suit is playing the bagpipes.,0.5013921730551628,0.2783197747015481,A man grabs the end of a set of bagpipes while another man plays .,A man is playing blowing into bagpipes whilst another man tests the tone with an electronic tuner .,A man plays a bagpipe while another checks on the instrument .,Two men are wearing black hats and carrying bagpipes .,"Two men , one playing a bagpipe and one adjusting the bagpipe .",-0.2230723983536147
323,219,f0d132df8375c6ac0fbe0bbc8308dd37c6a631467f55dea27dc3d7e9856fdafe,two dogs playing in the snow,two dogs play in the snow.,2.7859920140591417,2.3050191272257603,A black dog and a brown dog in snow .,The small dogs play in the snow .,Two long-haired puppy dogs have a romp in the snow .,Two Pomeranian dogs playing in the snow .,Two small dogs playing in the snow together .,-0.48097288683338135
324,213,3144eed7bfd87dc385eb5b3e28d8a974f6bca1cb74a00977e9018863d11de926,two dogs playing in the snow,two dogs play in the snow.,0.6542434071996197,0.6007278957645071,A big white dog and a small black dog sit in the snow .,A large white dog watching a little black dog run in the snow .,A small dog and a large dog in the snow .,A tall white dog sits and watches a small black dog run around him in the snow .,A white dog looks at a black puppy in the snow .,-0.05351551143511257
325,591,f714636b4151d3ba714ec6483bc593d233e25ce4651a66a9fd7a3de4ad1c7543,the court is made of wood,a basketball player dribbles the ball.,0.0007080937373910091,1.0057183184540104,A basketball player wearing a black and white uniform dribbles the ball .,"At a women 's basketball game , a white skinned woman dribbles against the Chicago defense .",Basketball players in action .,The basketball player in white is dribbling the ball towards the player in black .,Woman in white dribbling basketball .,1.0050102247166193
326,12,ac8c738dc68415b6309d6741110baa01e9472ea189423c73f811bec113b584b1,a group of people standing on a snow covered field,a group of mountain climbers are preparing to climb a snowy mountain.,0.22538580925788215,0.16706897010160568,Three men are setting up a sledge on a snowy plain .,Three men loading items on a sled .,Three people and a sled .,Three people are standing in the snow preparing an ice fishing boat .,Three people in the snow put their gear in order .,-0.05831683915627647
327,56,6cef7dcbfa3933209c8f5d70d17b034f7599200268d98fae81d5bfdfb900b3a2,a white wall with graffiti on it,a man is walking in a parking lot with a white wall in the background.,0.1516449028585628,1.1347805603424812,A man in the near distance is pointing to a silver sedan near him .,A man is playing tennis with himself against a large wall in a parking lot .,A man walks toward a car in a parking lot .,Man stands outside against wall with tennis racket in dark .,The man is playing tennis against the building .,0.9831356574839184
328,133,c6c877e02e05c1365f8aa4e22169aea6f469d1657ee976fb8d435edc5db335a8,the mountain is rocky,a mountain goat and a goat graze on a grassy hillside.,0.13103290312350924,0.2412634103555789,A dog and a cow are on a rocky slope .,A dog and a cow are standing on a hillside .,A white dog looks at a nervous cow in a mountain setting .,A white dog stands in front of a cow that has its head down and horns directed at the dog .,Two dogs are in a grassy area .,0.11023050723206967
329,572,a233fe9ae741ede9744789ec6ed6609581c4159a546958a39fb642351e8e56d1,a man holding a knife,a man in a red shirt is holding a knife over a poster of a man with a face on it.,0.009944730336695073,0.10156910717636454,A masked man helps burn a flag .,I man with a covered face burning an israei flag in front of a crowd .,Men burn an Israeli flag .,Some middle eastern people have set an Israeli flag on fire .,The man is wearing a red shirt and red flannel handkerchief while watching a flag burn .,0.09162437683966947
330,305,de20e3ede138cae61ddc36d4e0c46e16913118039cb19c9404496b13b5268c42,two dogs in a field,two brown dogs are playing in a field.,1.555452087743878,1.791236416936738,A dog hops in a field while another dog stands next to it .,One dog is jumping up at another dog in a grassy field .,"The two tan colored dogs are in a field , and one is jumping in the air .",Two brown dogs in a field .,Two brown dogs play with one another in the field .,0.23578432919286008
331,955,677a2c4c893b5d6169652ea891e55e0cf79e773563114078b10e0803187fb6f0,a little girl holding a sign in front of a crowd,"a young girl in a yellow dress holds a sign that says, ' stop '.",0.23808459698415566,0.8975482021705137,A girl blows a whistle .,A little girl in a yellow dress with red flowers blows a whistle .,A little girl with a yellow dress blows the whistle .,A small girl blows a whistle .,A young girl in a yellow flowered sundress holds something in her right hand to her mouth .,0.659463605186358
332,785,f79a613959853f341a02501ecbb986d5e39bb6ef2cac5549679051aec0412b0f,a man jumping into a swimming pool,two men jumping into a swimming pool.,2.0631595989013753,1.9696036341402967,Two boys are in midair jumping into an inground pool .,Two boys are jumping into a pool .,Two guys jumping into a pool .,Two teenage boys are leaping into a swimming pool .,Two teenage boys jump flailing into a hotel pool .,-0.09355596476107864
333,334,582102cc1996e57f6513ab87f6547d1c756d018abc413ab6fc45c6dfa1597b8c,a boy in a swimming pool,a boy in a swimming pool is covered in water.,2.2171270760828197,1.7836628040163367,A boy is making a splash in a swimming pool .,A child is splashed by water in an indoor swimming pool .,A little boy is jumping out of the pool .,A redheaded boy has just come up from under the water in a pool .,A young boy playing in a swimming pool .,-0.43346427206648297
334,288,36f08e9820f35cdf7f8ac2954de75333113f27c55d4ccd5c01e8ee4c15f3e29e,a dog playing in a pool,a wet dog is jumping into a pool of water.,1.0925824903116743,0.4315517236997186,A beige and dark brown dog plays in the swimming pool with his mouth open .,a black and white dog trying to bite a stream of water,a dog is making a splash in a blue paddling pool .,A dog is splashing through water trying to catch ice in its mouth .,A dog playing in some water .,-0.6610307666119557
335,326,3348c5aacf0a8e8e7cfd53f72a76428e1cfc9d193fcce71bb85a271a1ff1c5b2,a little girl jumping in the air,a little girl in a flowered shirt is jumping in the air.,0.24184989420809438,0.817875456544478,A boy in an open Hawaiian shirt is making the Longhorns symbol with his hand .,A boy wearing a flowered shirt raises his arm and jumps .,A child in Hawaiian clothing jumps and poses in a low cut yard nearby a fence and building .,A child jumping in the air with his or her shirt flying open .,The boy with his shirt undone is stretching his arm in the air .,0.5760255623363837
336,225,c8e3a98afe8d1465630619b9708b4c6ddd603d351b2037cfe63ae14250f5d1d7,a group of people watching a football game,a football player runs with the ball.,1.4217069734451993,0.5888220506350219,A group of football players running down the field .,The crowd is watching a football game .,"The football players in red are attempting a play against those in purple , white , and gold .","The man in red has the football , and the team in white is nearby .","Three Oklahoma Sooners playing football against another team , one of the sooners with the ball in their possession .",-0.8328849228101773
337,707,9cf3dd593486c6a49861c66be2bd96c80923caa4e734bdfef78d34bb33757c81,a dog running down a dirt path in the woods,a dog runs down a dirt path.,1.5631973207568481,1.5730468991287143,A dog runs along a forest lane .,A pale dog is running along a dirt path .,A shaggy dog runs down a dirt trail in a lush forest .,A white and brown shaggy dog is running down a dirt path in a park .,The curly haired white dog is running down a wooded path .,0.009849578371866174
338,576,e0b21d55b4be45d1798d11ac92f48f9d4c3cd21f0b692bef85a08b648910f198,a woman in a red jacket,a woman in a red jacket smiles for the camera.,1.5354095022054688,1.5887075657896972,"A girl in a red jacket , surrounded by people .",A woman in a puffy red jacket poses for a picture at an ice skating rink .,"A woman in a red coat is smiling , while people in the background are walking around in winter clothing .",A woman wearing a red coat smiles down at the camera .,The woman in a red jacket is smiling at the camera .,0.053298063584228395
339,380,9d4ddc4e1a019ae8849013a065756c421e536305b7964983d205043344669eb0,a man doing a trick on a skateboard,a man in a blue shirt is doing a trick on his bike.,0.06785215368245687,0.30791574031153296,A man is doing tricks on a bicycle on ramps in front of a crowd .,A man on a bike executes a jump as part of a competition while the crowd watches .,A man rides a yellow bike over a ramp while others watch .,Bike rider jumping obstacles .,Bmx biker Jumps off of ramp,0.2400635866290761
340,998,efc8cf66d8f49440b6c7efda322656d5a7f4918b03d89809729d9240e20c8b04,a group of children sitting at a table,a group of children are sitting at a table.,1.8892355653826767,1.5660694367536778,A group of six children sit at a wooden table .,A group of young asian children pose for a picture at a table .,"Six children , all with black hair , sit at a table for a picture .",Six children at a table .,Six small children sitting at a desk .,-0.32316612862899885
341,803,ca1316a90f0a41699717831ccb159cc77d4ba78512da39e2bb00b7b8c994a32e,a little boy on a swing,a little boy is playing on a playground.,0.04945667416701879,0.3712004618723855,A child plays on playground equipment .,A girl is hanging on a metal bar in a park .,A happy child dangling from playground equipment smiles at the camera .,A little girl in a sweatshirt jacket holding on to a bar .,Child in grey sweatshirt hanging from metal bar,0.3217437877053667
342,420,05d6648df23d7b4607b85237b31dfa9c9e097e05a943925453a01abbe4928794,a woman in a field,a girl in a pink dress is holding a yellow frisbee in a field.,0.7620960158734118,0.6525002567764239,A girl in a field with a yellow scarf .,a girl in along grass field is spinning some yellow material around her .,A woman in a field enjoys her clothing being blown by the wind .,A young woman in a sunny meadow watches her yellow scarf blow in the wind .,Woman in a field of tall grass and wildflowers holding up a yellow scarf,-0.10959575909698793
343,299,35699b8d00b324867218279e6ccff4fddd468861efdfb566595841a1ad37acbf,a little girl standing in the grass,a little girl in a pink shirt is standing in the grass.,0.4107338868153372,1.076675584955109,A girl making a sad face standing in front of her tricycle,A little girl in a pink shirt about to cry,A little girl with mud on her face cries .,A young girl with dirt on her face and a red child 's bike is in the background .,The girl in a pink top is standing next to a red tricycle looking like she is about to cry .,0.6659416981397719
344,447,1a9cbbe1361b5e9bd3ae22cc813cb9edade58484e887cb772975f3d421e6ee4b,a white house,a dog jumps to catch a frisbee in front of a house.,2.1960210512893825e-06,1.8249016130501117,A dog is jumping in the air trying to catch a red Frisbee .,A dog jumps to catch an orange Frisbee .,A yellow dog chases a red Frisbee next to a black pot .,Grayish dog is playing Frisbee in the yard .,The yellow dog is trying to catch a red Frisbee .,1.8248994170290604
345,875,d720f754842d204e09c15801d36c493093f8722805d917c1c67df2ff1e8088e0,a dog and a cat playing in the grass,a golden retriever is playing with a black and white dog.,0.4330673647242872,0.2529899855705855,a brown dog about to jump on a smaller black and tan dog,Large dog playing with smaller dog,Two dogs are playing together outside .,Two dogs playing in the grass with an adult nearby .,Two dogs playing with each other .,-0.1800773791537017
346,788,2d69f8ce80335f2fd1c6a4b361285e513dde3bdfc4ae9a80c9dcc7d1c3f9596d,a man performing a trick on a skateboard,a man in a blue kimono is jumping over a red rope.,0.02035298732379276,0.20333102767211936,A Japanese swordsman jumps into the air .,A man in a blue outfit is swinging a sword in the air .,An actor dressed as a pirate performs in an outdoor park .,"A person wearing a blue robe is in the air , holding a sword .",Man in martial arts-style costume jumping in midair .,0.1829780403483266
347,872,08a466cfd489c48db14889449f461ab698c183043e94af9ff22c3c04e75ff90c,a woman in a yellow jacket skiing down a hill,a woman in a yellow jacket is skiing down a snowy hill.,1.8100679588287578,1.7884145466272345,A woman in a yellow and black outfit is skiing .,A woman skier in yellow and black races down the slope in front of the snow-covered trees .,A woman skiing down a slope .,A woman snow skiing in a yellow jacket and black pants .,The woman in the yellow jacket is riding on snow skates .,-0.02165341220152328
348,402,6eca8e5ddec11430dc219b52992b45bc0cb3217e396f9c2af4d7cab9e574c0cb,a group of people sitting on the front porch of a house,a group of people sitting on a porch.,1.5483504549651212,1.0270853331908782,A group of people are gathered on a white pillared porch for a photo .,A group of people are sitting in front of a red brick and white trim building .,A group of people are sitting on the porch of a brick building .,A group of people gather in front of a red house .,A group of ten people posing outside of a classic-style building,-0.521265121774243
349,536,aee73687a2def5b9a23e7be8427ae05eb9016778194639a027920790ba20bbde,a man doing a trick on a skateboard,a skateboarder in a red shirt is doing a trick.,1.1860538347431084,2.37703242226644,A man in a red shirt is doing a trick with his skateboard .,A man wearing a red shirt is skateboarding .,A skateboarder is performing a trick in the air .,A skateboarder jumps in the air .,Person doing a skateboard trick in midair .,1.1909785875233314
350,761,6b770affda6ece1f745bc7255999f4d4425a9901ab12867b944611e61632fd23,a man wearing a blue shirt,a man in a blue shirt is standing in front of a building.,1.1455701960770415,1.3464701477261825,a man holding a digital camera standing outside of a huge building .,A man in a blue shirt holding a camera .,"A man in a blue t-shirt holds a camera ,",a man wearing blue holds a camera .,The man in a blue shirt is holding a camera near to a boy wearing a backpack .,0.20089995164914098
351,312,f36f904810e8c5e10cea18523419ddc8913c6da614c5daa3f7fc278b549cb3ab,a group of people walking down a sidewalk next to a body of water,a group of people are walking along the shore of a body of water.,1.4289162854878117,0.6582757690749861,A couple walking alongside a waterfront next to a city .,A group of people are walking down a sidewalk beside the beach .,People walking down a sidewalk on a beach .,People walking down trail beside water,The man in shorts and the woman with a dress are walking on the beachfront path .,-0.7706405164128256
352,204,df4f24200e4a0373fa9878984b425c38f596cc7ec451f450d98e361b3864d068,the dog is brown,a brown dog is standing in the water with its mouth open.,0.40452370929197656,0.4570809820557842,A brown dog shakes himself dry .,A brown dog shakes off water after exiting a natural pond .,A brown dog shaking off water .,A dog shakes off after getting out of the water .,A gray dog is shaking water from its body .,0.052557272763807616
353,217,f56114da07b311f05255637dbda5f0b8decbb8dab67f875537d012c333fef744,a person winds surfing on a wave in the ocean,a person windsurfing in the ocean.,0.3512816544521026,0.3340839430650375,"A man parasails in the waves ,",A man rides large waves on a wind sail .,A man windsurfs in the ocean .,A person parasails on the crest of a wave .,A windsurfer in the waves of the ocean .,-0.01719771138706505
354,48,9d39a3e2832501957aafe154a3f8493c95aa6de2ec4c0c12f3557ed15845c138,a pug dog standing on the ground,a pug dog is standing in front of a pile of trash.,0.5104605460188875,0.6898875936778335,A dog waits as his owner rummages through a collection of stuff .,A man holding the leash of a pug bends down to look in a bin at an outdoor rummage sale .,A man with a pug dog bends over to pick something off the sidewalk .,A man with a pug on a leash bending down to examine merchandise .,A person holding a small dog on a leash is bending over and looking through items .,0.17942704765894602
355,695,91c35e2397c5186a2cc8cf898c55e32a31b38582c30d36f4be9004392d896ab8,a young boy riding a skate board on a playground,a boy in a red shirt is riding on a yellow slide.,0.16229751044508814,0.13679382856361838,A boy spinning on a blue and yellow merry-go-round .,a child on a spinning wheel holding on for dear life,A young boy rides a blue and yellow merry-go-round with an adult male hand in the foreground .,A young kid is standing up on the merry go round .,The boy is standing on the playground equipment in the blue triangle .,-0.02550368188146976
356,496,7416c556daf111ef754dfe33cb010c3887f31ec2d1f7d19d90cddc4eaea3594d,a wave in the ocean,a man in a black wetsuit is surfing on a white surfboard.,0.95925983288023,0.2898165536290879,A man surfing a wave .,A surfer in a wetsuite jumps waves .,a surfer is riding his board over a wave .,A surfer on a white board catches a wave .,The man turns with the wave on his surfboard .,-0.669443279251142
357,14,9db4c9e64fc4f01044f69dc91f6b5d2cacf8b8f276eee0ae320609c15ae0746f,a person jumping in the air on a beach,a girl in a blue shirt is jumping on the beach.,0.960845128858894,1.1762287380999399,A girl in blue is jumping on the shore as small waves approach her .,A girl leaps into the air while standing by the ocean .,"A young , long-haired , girl on the beach , is jumping in the air .",The girl is running into the ocean from the shore .,The girls is jumping into the air on the beach .,0.21538360924104594
358,833,027f481ed868ff60c60566604568d5738eeae11c7988ccfd21cfa2b5c9d44a6a,a person winds surfing in a river,a man windsurfing in a river.,0.0028489086731135534,0.050975869304801025,A kite surfer begins to fall in the ocean .,A man parasails in the choppy water .,A man wakeboards on choppy water .,A man windsurfs in a wetsuit .,A windsurfer is balancing on choppy water .,0.04812696063168747
359,616,2a4778b66a347ec2b5c9c1546ef77ca1eee4377a750d3302d668972f899d2f0b,a person skiing down a snowy slope,a skier is skiing down a snowy hill.,1.4714721346921662,2.36215395949979,A man is skiing down a mountain .,A person dressed in red and grey is skiing down a snowy slope .,a skier is throwing up snow as he skis off piste .,A skier skiing downhill in a cloud of snow .,A skier wearing white sunglasses is skiing down a snowy mountain very fast .,0.8906818248076238
360,659,a903ad4af3fda7796e1af2c0a40ff75713c4751725aa3cabb7ef0cd910dc604f,a young boy playing with a baseball bat,a boy in a black shirt is throwing a baseball.,0.6173689418427806,0.18814078650454502,A boy in a dusty alley playing stickball .,A boy swings a piece of wood .,A child swings a bat next to a stone wall .,A young boy wearing a blue visor swings a bat .,A young boy with a visor on plays ball with his bat in the street .,-0.42922815533823555
361,379,f345955ef4dee2d9b518c6734e1f707c5f75e2981724a65d7593e387feca4c35,a dog jumping in the air to catch a tennis ball,a black and white dog jumps to catch a tennis ball.,2.086800746802391,2.687902470899907,A black and white dog jumping for a ball .,A black and white dog jumps for a tennis ball .,A white and black dog is jumping in the air trying to catch a tennis ball .,A white and black dog is playing with a tennis ball near flowers .,There is a white and black dog jumping off the ground trying to catch a ball .,0.601101724097516
362,176,99669b7397f8b58a89f4dad99f1ff1ab10f48a3e33ce6475ecaa6d621297ad43,the water is blue,a man is hanging from a cliff above the ocean.,0.16047441987517014,1.6319176019861987,A man in blue pants repels off a cliff over water .,A man is hanging by a line off a cliff above water .,An individual rappelling down a cliff towards the water,A person hangs from a rope on a cliff,Someone dangles on a rope from a rocky cliff over the ocean .,1.4714431821110285
363,539,0250a3d3be4c4445313b9eb28572bc12d3fce2362a1c687ccde9a4f7984c57ab,a man in a white shirt and a woman in a black dress,a man in a white shirt is hugging a woman in a black dress.,2.0385392000866145,1.4101509927162834,A couple in an embrace looking at each other .,A man and woman are dancing nearby others who are doing the same .,A man in a white print shirt and a woman in a black dress dancing .,A man in a white shirt is dancing with a woman in black .,The red haired woman in the black dress has her arms around a man in white .,-0.6283882073703311
364,173,5c84d5656f78ade05c1fa4cd160d169e0abb516b5a0a75bd2a113a9861c7a5e2,a man and a dog on a frozen lake,a man and a dog are walking on a frozen lake.,0.7576778810788367,0.7815944137163904,A man and a dog running across shallow water on a beach .,A man and his dog walk on the ice of a frozen pond .,A man dressed in winter clothes is on the beach wiht a dog .,a man in a brown jacket is running on a sandy bay towards a dog that is in turn running towards him .,The backview of a man dressed up in a jacket and a dog running towards him .,0.023916532637553667
365,666,a04e46fb22c5e777a9f262c14979d1fba79aec3ece9c9996e6c76c734ddb300a,a snowboarder in the air,a snowboarder in the air.,0.8601678936821702,0.8601678936821702,A group of people watching a snowboarder perform a trick .,a person snowboarding over a large hump with onlookers in front of him,People are watching a snowboarder perform a trick in the air .,Several people are watching a snowboarder with a blue jacket jump .,Spectators watch a snowboarder in mid-flight amid a snowy landscape .,0.0
366,556,d22ecd8657dd496649a6e872de2b5d83d161533e285870b8951550cb78d6a9ab,a man sleeping on the sidewalk,a man is sleeping on the sidewalk.,0.38861367754116705,0.520784058690399,A homeless man living on the street,A man covered with a blanket is asleep on the sidewalk .,A man sleeps under a blanket on a city street .,A man takes a nap on the sidewalk in a busy city .,The man is sleeping under a blanket in the street as the crowds pass by .,0.13217038114923196
367,546,8abc0e6d3a175c3aa3dd01e5fbcb1764d83ab1cf140c7dcbb84b5e58e9e4a697,two people are taking a picture on their cell phones,two men are taking a picture of themselves in front of a building.,0.12347371045350003,0.7486457030004239,These men are smoking outside a grey building .,"Two men are standing by a railing , while posing for a picture .",Two men in black jackets behind a white handrail .,Two men smoking behind a railing .,Two men smoking while standing by a rail in front of a building,0.6251719925469239
368,983,48cf5fca7ce0c516cbc8c21bbfb372171f724e5344743fddadb31b66ce95e040,a cow standing in a field next to a car,a black cow stands next to a red car.,1.6626348053383984,1.5880358738736267,"A bull stands in a field , next to a red car .",A red car is parked next to a black bull in a grassy field .,A red car parked next to a cow in a field .,Large black animal is as large as small red car,There is a small red car with a black bull standing beside it in the middle of a field .,-0.0745989314647717
369,691,82cf6649da309cde42590498cf063145d8463965792e643d8546e8cf244e683d,a dog in the snow,a tan dog is walking through the snow.,3.807613733389868,1.3421682380404403,A dog in the snow,A dog walks through the snow .,A golden dog looks alert as he stands in snow .,A yellow dog in the snow .,There is a medium sized tan colored dog out in the snow .,-2.4654454953494276
370,159,69e293824d4d3d7afe1dbe051db821a3d84d139a78f9d8fadc12aeed6d0ded9c,shadow of a person,a little girl is climbing a rock wall.,0.061245209119028365,1.2966294185819427,A girl is climbing a rock while someone is filming her .,A little girl is climbing up a rock as her mom 's shadow is casting over the rock .,A small child climbs a large rock while someone casting a shadow takes her picture .,A young girl is rock climbing .,The long black shadow casts a image on the rock while the young girl climbs the rock .,1.2353842094629144
371,50,5d13fcff520071a56bbd3f964b5770020fb46aa8aba22d710954d6339cbf3c19,the water is splashing,a shirtless man is being splashed with water.,0.2164606512841865,0.2537585909710142,a man in a harness being dragged across the water,A man in a harness lands in the water .,A man on a tag line going into the water .,A man on a zip line being propelled through the water .,A man wearing bathing trunks is parasailing in the water .,0.03729793968682771
372,8,3af8f071d9429ecb0eb601eb496a24d8e0224ba16ac5e0d10c8e46b6e05b3c82,the dog is wet,a brown and white dog is standing in the water.,0.12207287279172835,1.1773603613091306,A brown and white dog stands outside while it snows .,A dog is looking at something near the water .,A furry dog attempts to dry itself by shaking the water off its coat .,A white and brown dog shaking its self dry .,The large brown and white dog shakes off water .,1.0552874885174022
373,541,8957f961293d0000437823b5d02f4707f588dac4a58b9e7200b90baad1ba52a8,a man wearing a red beanie,a man in a red beanie stands next to a man in a black jacket.,0.2543935478344099,0.4418600922765269,A man in a black hoodie watching a man in a red cap .,A man standing on a street with a suitcase in front of him while another man bends down to look at what is displayed on top of it .,A man wearing a red hat looks down as another man watches .,Two men are standing on the street covered in graffiti .,"Two people on a street , one person looking down .",0.18746654444211697
374,298,f242905627eec6d1cd6721ab766ecdca12f6b25982650bbe34a87162e8eed204,a group of people sitting in a room,a group of people are sitting in a room with pictures on the wall.,0.31358621845546725,0.5615127009233337,A few people are sitting inside of a building with lots of photography on the walls .,Four people in a dimmly lit room with pictures all over the walls and two bright lights are engaging in conversations .,People gathered in an artist 's studio .,Several people are sitting inside a dark art gallery .,Some people are mingling in a room that has photographs all over the walls .,0.24792648246786647
375,365,7e1eb296a6f47b1e5fb7f58f85196d300b8b07611a5075b384c6935baff2ab59,a little boy in a blue shirt,a little boy in a blue shirt and khaki pants is running on the grass.,0.4811020968911037,0.3507780940152754,"A child plays outdoors , near a group of people who are mostly seated .",A little blond boy is running around in the grass behind a row of benches,A little boy is running towards a group of people .,A little boy runs around while others look at a stage .,A small child wearing blue smiles as he stands behind a group of people .,-0.13032400287582835
376,198,59bcd1a962ddcd1b498312a8d8cac68a7da7629c33982a1b69c8aad62e7efc05,the dog is brown,a brown dog is being petted by a person.,0.20027019728662115,0.2337434676069382,A brown dog looks up while a person 's fingers are in its mouth .,A dog bites someone 's finger .,A dog is chewing on someone 's finger .,A person has his or her hands in a dog 's mouth .,A person touches a dog 's tooth .,0.03347327032031705
377,60,1baf76d0aee12715e0d3c5bddfa69c36b77982d2f838d5ec5991e7df0951b89d,a man is doing a handstant on the beach,a boy is doing a handstand on the beach.,0.9548521605689086,5.132677736922493,A boy doing a handstand on the beach .,A child does a handstand on the sand at the beach .,A child doing a handstand on the beach .,A little boy does a cartwheel on the beach .,A little boy doing a handstand on the beach .,4.177825576353584
378,361,a13eee93ea27c35cadcfb3caebc64db6cee6957238ae7b60ec419a620374f62d,a man holding a child on his shoulders,a man and a child are standing in front of a tent.,0.47808174042048857,0.05136759012601859,"A boy held by a man points his arm towards the sky , as another boy peers through his hands into the air .",A boy in a blue and white shirt is pointing up and a second boy in a white shirt shields his eyes .,a man holding a young boy on his shoulder .,One child is pointing to the sky and another is trying to block the sun to look,One man looks into the distance next to another who has his hand in the air .,-0.42671415029446996
379,289,eb4bf4b851943e57f8d280fe3a4523e5e6a2f5dbf60c5814dfe3e33076679b80,a young boy riding a bike down a street,a child in a helmet rides a bike down the street.,0.9647420642156548,1.368362055548332,A little boy with a blue shirt is wearing a helmet and riding a two wheeled bike .,a young boy rides a purple bike .,A young child is riding a purple bike .,A young child rides a small purple bike while wearing a red helmet .,A young child wearing a bike helmet rides a two wheel bike .,0.40361999133267723
380,975,3e5203f9e8d5b20b292b18ec8ba192f8bf7e867cda03b6d4432072f1c36214e6,a little girl standing next to a bucket,a little girl in a pink dress is pouring water into a bucket.,0.9690684251520433,1.0006474658821132,A girl wets her head in a white bucket .,A little girl dips her hair into a bucket filled with water .,A little girl has dunked her head in a bowl of water .,A little girl in a dress lifts her soaked head from a bucket .,a young girl lifting her wet hair out of a white bucket,0.031579040730069896
381,905,4745c52e3887bcdd49b253d286215f1de493e7ee42711c5bec04b6e07410ee93,a man on a rock,a rock climber is hanging from a cliff above the ocean.,0.3383500562104807,1.7210129274062502,A man repels down a cliff over water .,A mountain climber hangs from a cliff above the ocean .,A person descends a rope from a cliff into the ocean .,"A person is climbing a cliff wall , over a rocky shore , using a rope .",The man is climbing up the rock .,1.3826628711957696
382,817,40ed783b2ec67a248b7f15a935c8694e7d3222db12dae9442e676aa32561d96a,a man riding a dirt bike on a rocky trail,a motorcyclist is riding on a rocky trail.,0.7813128160620422,0.21263135294476698,a dirt bike rider rides across the rock .,A dirt bike rider takes an unconventional trail in a rocky area .,A motocross bike is being ridden over rocks .,A motorcycle rider on a path of rocks with a person holding a camera in the background with trees all around .,"A rider on motorcycle , riding over rocks .",-0.5686814631172752
383,748,8c397383954325d9dd168f01de391dccff388242eb252dfb9f8af256aa2a7f45,a woman wearing a red hat and a blue jacket,a man with dreadlocks and a red bandanna.,1.1449609885888254,1.0048313629971093,A man in a crowd wears a red hat and a red bandanna over his face .,A person with dreadlocks and a red hat with their face covered by a red bandanna,A woman wearing a hat and red scarf stands among others wearing similar clothes .,A woman wearing a red hat and red bandanna followed by a man in a red bandanna .,The lady is wearing a bandanna around her face to protect her from dust .,-0.14012962559171616
384,565,cf864ef21a7444e314ca9da5bf38ffe0ac0bf6887b4642a85a61e1e545d17886,a boy on a skateboard,a boy in a blue helmet is riding a bike.,0.1173320042997415,1.6496996639806643,A boy wearing a blue helmet rides a bike with his feet on the handlebars .,A boy with a blue helmet plays on his bicycle .,A little boy with a blue helmet rides his bike with his feet on the handlebars .,Boy in blue helmet riding bike with feet on handlebars .,Boy with a helmet resting his feet on the handlebars of his bike .,1.5323676596809228
385,734,ebb0f1d975e5db098d5ea26360e58d97f39c74d135c679cb587c7794e156e1e0,two dogs running on the beach,two dogs running on the beach.,2.538599602478062,2.538599602478062,A black dog with his pink tongue sticking out running on the beach with a white dog wearing a red collar .,A white dog is following a black dog along the beach .,Two dogs run across the barren ground .,Two dogs running on the beach .,Two terrier dogs frolic on the beach .,0.0
386,237,43d901ee358716204a0dd2182f9153527d61a39c5573f72680e56c98ef675d60,a boy holding a baseball bat,a boy in a yellow shirt swings a bat at a ball.,0.7084443495321713,0.8247319574689317,A child in an orange shirt holding a baseball bat watches the ball thrown at him .,A little league game in action .,A young boy is getting ready to hit a baseball .,a young man wearing a yellow shirt and baseball helemt swinging a bat,Boy in yellow shirt getting ready to hit orange ball with baseball bat,0.1162876079367604
387,774,18d8d756b4e179c8bde2ea5ed1e4b5a175d1661898dd3d9e3c03345aff38b77e,a man swinging a baseball bat on a field,a man in a white uniform is playing cricket.,0.49158653728807444,0.6461474923305979,"A man playing cricket , his bat pointed to the sky .",Man dressed in white playing sports .,The cricketer is swinging a bat in the air .,The man wearing knee protectors swings a cricket club .,The man wearing white clothes and white leg padding is practicing a sport .,0.15456095504252343
388,894,4270a8de5f895097010d6f5d3cde0f272593a0e61553258e3eee8b4921bba2f1,a large red sculpture,a man and a woman pose in front of a red sculpture.,1.610032927238351,2.1086846329105824,A couple looking at a red sculpture,A man and a woman looking at a red sculpture .,A man and woman look back at the camera while standing in front of a red art structure .,A man and woman stand in front of a large red modern statue .,A man and woman stand near a large red sculpture outdoors .,0.4986517056722315
389,988,a22d79907415a567e606bd4e70805e8c2fc855d7ccf9274802a05afb0e2fd824,the sky is blue,a man is rock climbing.,0.003334562692816871,0.6483123437922971,A man climbing a mountain .,A man climbs a mountain .,A man is climbing the side of a mountain .,A shirtless man climbs up a steep mountain .,A young white man is climbing a mountain with a rope as a guide .,0.6449777810994802
390,825,ccd5dc0b444047ccd0035fdf27f831a37320802377233477dc14b730bbee4744,a young girl holding a pink frc in her hand,a young girl with a pink headband smiles for the camera.,0.5147474039989515,2.205065727385699,A child with a pink headband and blue shirt smiling .,A girl in a purple shirt and pink headband posing,A young girl is wearing a purple shirt and pink headband .,A young girl with a purple shirt and a pink hair band standing near the woods .,Smiling young girl wearing pink headband and lavender shirt,1.6903183233867476
391,20,6651dc42d544a9ffc502b66eb59510b07da7b74f022472b60b1cf1af3dbab841,"a red, white, and blue building",two people sit at a table outside a restaurant with flowers hanging from the roof.,0.03600443499502369,0.8134160728452942,A couple of people sit outdoors at a table with an umbrella and talk .,Three people are sitting at an outside picnic bench with an umbrella .,Three people sit at an outdoor cafe .,Three people sit at an outdoor table in front of a building painted like the Union Jack .,Three people sit at a picnic table outside of a building painted like a union jack .,0.7774116378502705
392,480,f0004afcec93282dd953bae67db7abd01591b3ce0efe11409bfba1c23f04b7c0,two killer whales jumping out of the water,two black and white dolphins jumping out of the water in front of a crowd.,1.0438215251064762,0.7787226670565182,Killer whales perform for a crowd .,Three dolphins are jumping out of a pool in front of a crowd of people .,Three Orca whales jump in a pool at seaworld .,Three whales are jumping into the air at the same time in front of a very large crowd .,Three whales are jumping in the air while people watch .,-0.26509885804995803
393,271,b69cc82a1f169992de37a41788f901b095ab0348d245903244b780316cf4e3a9,a man and his dog on the beach,a man and a dog on the beach.,1.311723410785792,1.0229488519595136,A black and white dog looks at a man about to throw something .,A dog waits for a man to throw a ball into the ocean .,A man playing with his dog on a beach,A man with a toy in his hand on a beach playing with his dog .,Man on rocky beach playing with black and white dog .,-0.28877455882627845
394,476,65c5a498fdcf9b920a266adf2bb6a686ff29ea68da1faa6935d9931399a09522,a group of kids sitting at a bar,a group of children sit at a bar.,0.6850576337229081,0.9369497371149629,Four children on stools in a diner .,Four children sit on tall bar stools at a yellow and grey bar .,Four small children sit on tall stools at a restaurant bar .,Four young children sitting on large bar stools next to a counter .,Four young kids are sitting on large stools at a bar waiting for drinks,0.2518921033920548
395,834,73630b9327fa57c892a8d2bb05658940b1a45fafc835379fbd9c1d9946982d14,rocks on the beach,a black dog stands on a rocky beach.,0.5609791686918485,1.879606226675929,A black dog on a rocky beach .,A black dog walks along an ocean front .,A black dog walks on the beach near the rocks .,a black dog walks on the sand .,Black dog walking on the beach after swimming in the ocean .,1.3186270579840804
396,530,e62f4b3c66a673d67e6cea14f2061e8904121915fe8a8e57f934640117361e79,a group of men playing a game of rugby,a group of men are playing a game of rugby.,0.6268098172601161,0.6483884255678353,A group of men hold up a man to get a rugby ball .,A soccer team is holding up on player in victory .,rugby match,"The team of soccer players is competing while wearing red , white , and green .",Two opposing players are in the air during a rugby match .,0.021578608307719183
397,780,de7e4800453944bcade24807d4e33fc5cc5c22c3ff010376b7281ec7de910f40,a group of people,a man in a yellow suit is playing the saxophone.,0.06393782565270958,0.38683467267033256,A crowd of people are standing around a yellow-suited musician .,A man in yellow set up a band next to a crowd .,A musician and a crowd next to stage full of musical instruments .,Man in yellow-gold suit and hat leaning forward with musical instruments to his right .,The man in the yellow suit stands near musical instruments and a crowd .,0.322896847017623
398,986,8fededbf37f3e67cbbc8d5321a58ea787020989df340b90868511ca9b8df3505,two young children playing with balloons in a tent,two children playing with colorful balls.,0.4738530040315245,1.6072147041992337,Two babies look up while they are playing in a playpen with a lot of balls .,"Two boys in tent-like area , with colorful balls on floor .",Two children look up .,Two kids are in a pen playing with colorful balls .,Two young children play with colored balls .,1.1333617001677092
399,183,697d9b5f1d1d42496fdce2fb4aeb4dd835e092d08014e91d3d6be3a13620e690,a person skiing down a snowy mountain,a man in a green jacket is skiing down a snowy hill.,0.329321185438073,0.9191567709193196,A cross-country skier has left a trail behind him as he makes his way through the snow .,a lone skier walking cross a snowy bank with trees in the background,A man is hiking on a snow-covered trail .,A man is skiing down a snowy hill while he casts a long shadow .,The skier moves down the hill on a beautiful day .,0.5898355854812466
400,140,85cb9f4b948f11e40958cd260c8327e1b1603e58a3624bc3c210a66a3f8813db,a man standing on a rocky beach next to a body of water,a shirtless man stands on a rocky beach.,0.8448866092541369,1.4628459492955819,A man stands at the edge of the water near the rocks .,A shirtless man in a pink hat is standing on a rocky shore .,A shirtless man in a pink hat stands on a rocky shore .,A shirtless man with a backpack and a hat is standing on a rocky shoreline .,The man in shorts and a hat is standing in the bay beside the ocean .,0.6179593400414449
401,393,b1e464880944cad9585c2814321bba538b89a47f1e556e3905c6ad5c87494f5b,a group of people playing soccer in a park,a group of men are playing soccer in a park.,1.1883527590991998,1.7425637441961634,A group of men are standing around during a sports game in a park .,Men in the park .,Men playing soccer in a field,Men standing on a grass field with trees in the background .,"Nine men are playing a game in the park , shirts versus skins .",0.5542109850969636
402,202,383a0cd65be7d526720f1c94e3af141c490e9f1eb66f4190f63df8bc7a2ea3b1,two dogs playing in the snow,two dogs play in the snow.,2.427855681335422,1.4350086245839022,A group of dogs look at each other while standing in the snow .,three dogs come face to face with each other in a snowy field .,Three dogs in the snow .,Three dogs meet in the snow .,Three dogs playing in the snow .,-0.9928470567515197
403,725,72a41ef21791d2802dc6a47649fc6794fd108a9235fd75bd1417cc8dedad6b21,a crowd of people,a group of people are standing in front of a stage with their arms in the air.,0.11010882676963224,0.3894508899128649,A group of people sing and dance at a concert .,A group of people singing in front of a DJ at his station .,A group of performers dancing in front of two DJs .,A group of performers sing and work to entertain the audience .,Group of kids singing on a stage .,0.2793420631432327
404,743,cdc49891e5533797ca8e366eff81e0848acac9e8cae83073315b6e7681f9ff3a,a football player is tackled by another player,a football player is being tackled by another player.,1.3380886427820349,2.0116171691678826,A football player in blue grabs a football player in white for a tackle .,A football player is being tackled by the rival team .,A football player is tackling the player with the football as the crowd watches .,Football players on a feild the one on the left in a blue uniform the one on the right in a white one with the fans in the back .,Two football player from the opposite team are holding back the one with the ball .,0.6735285263858477
405,124,ed85caf63999db7910d4c753b8130888bf1ddbe528f03cbf304623a259106672,two people standing on a rocky beach,two men are looking into the distance with binoculars in their hands.,0.28823332910922367,1.0314609022181644,a man looks through his binoculars while another man holds a drink .,A man with a thermos is standing next to a man who is gazing through binoculars .,Two men are standing together while one looks through binoculars .,Two men look out as one is holding binoculars .,two people standing next to each other with mountains in the distance .,0.7432275731089408
406,951,eb3811183645ec93c7c6449abcdca011aece02f0744c3248b613155c20691bc6,a man in a blue jacket holding a newspaper,a man in a blue hat is holding a newspaper.,1.4786474952653508,1.331364979562125,"A person wearing a blue jacket , blue jacket and black earmuffs is holding up a newspaper .",A woman holding a newspaper .,"A woman holds a newspaper that says "" Real change "" .","A woman with ear muffs holds a paper that says "" real change "" on the cover .","A woman in holding up a newspaper headline reading "" Real Change . """,-0.1472825157032258
407,59,c666a6baab56f142b2fc15a4f12faedf5ccdb7afbbf8e67e2c3384477184e363,two girls playing soccer,two girls are playing soccer on a field.,0.5507267718114863,0.9503931994671808,Children participate in a sport on a green field while in uniforms .,The young soccer player enjoys the game .,Two girls in soccer strips are playing on a sports field .,Two girls play on a fenced in field .,Two girls wearing black and white uniforms run down a grassy field .,0.3996664276556945
408,823,00f9edfe7bb5b8c92029e31e213bcc794d75dbbb9b460774d382341f1b1f9d85,a dog jumping in the water,a white dog jumps into the water to catch a tennis ball.,0.4915353682489175,4.960225052975337,A white dog catches a green ball while standing in shallow water .,a white dog is jumping up out of the water to catch a ball .,A white dog jumps in the water to catch a tennis ball .,a white dog jumps out of the water to catch a ball .,A white dog jumps out of the water to catch a tennis ball .,4.46868968472642
409,716,6f815ff6edbb0dedb1f2e2b0941e4d3df330b02ccfbcd560a93b4062b4845b1e,two children playing on a tire swing,two children playing on a tire swing.,3.5124701657875286,3.5124701657875286,two children are playing on a swing made out of a tire .,Two children swing around in a tire swing at a park .,Two children swinging on a tire swing .,two small children happily playing on a tire swing .,Two small children wearing blue jeans enjoy swinging in a tire swing .,0.0
410,766,ff91d9ced99417fe69f7d9b15b2a315866c10d63925b37c24e7ef2535e25bafd,the man is wearing a white hat,a man in a white hat and a woman in a red scarf pose for a picture.,0.06729223248299432,0.3282301820575503,A couple practice different ways to wear sunglasses in front of a red car .,A girl and boy with sunglasses and a red car behind them .,A man with sunglasses and a woman with a hat are in front of a car .,a man with sunglasses on his head is looking at the woman with a white hat and red scarf next to him whilst standing in front of a red sports car .,A woman in a crochet hat and sunglasses smiles while the man beside her in a plaid short and sunglasses looks behind her .,0.26093794957455596
411,688,502ce235d7ce071be8e5f6b85fda0c1623e700f9901e9a8682eb7125139d2f37,a dog standing in the snow,a man and a dog in the snow.,1.0695143143518764,1.660317730185761,A golden retreiver standing outside in the snow with a person standing with skis and poles .,A man and a dog outside in a snow storm .,A person is standing on skis in the snow with a dog .,Person with skis and a dog are standing in the snow .,The man is skiing in the snow with a large brown dog .,0.5908034158338846
412,690,37993e97c1b2a37b9e66072b6f435993a9d50d2947e83ab6b3d1b875baf901c2,a child on a swing,a woman and a child are playing on a swing.,2.81244323834215,1.6002921593327726,A child on a kiddie swing being pushed by a woman,An adult smiles with a child on a swing .,A young woman watches as a young blond boy swings in a chair swing with buildings visible in the background .,"The woman stands outdoors , next to a child in a swing .","Woman standing , with a child on a swing .",-1.2121510790093775
413,472,5b2b23340fd535b0fc54fd24fdda4655f7d0521337ba54d274a0c4a32fce1b69,a man standing on top of a mountain,a man in a white outfit is standing on a rock overlooking a mountain.,0.18883062361304315,0.25337483420825285,A man leaping into the air with a mountain vista behind him .,A man poses as he jumps from rock to rock in a forest .,A man steps off of a boulder .,A young man leaps through the air from a rocky mountaintop .,A young man poses as he jumps in midair between two rocks in a highland .,0.0645442105952097
414,64,19f76074dd457c987f4eeac422c89d1d081b6bb4e6c7917daf99d56eeaf29398,shadows on the snow,a group of people are skiing down a snowy hill.,0.19149160051224223,0.3140038410517655,a group of skiers going up a mountain,Four cross-country skiers climb uphill .,Four people climbing a hill in the snow .,Four skiers walking up a snow covered hill .,four skiers climbing snow drapped mountain .,0.12251224053952325
415,234,8390dea975a8693eb22e5cdbacbba84e5c5e561afb4962ffd0ac72f3326e0838,a young girl on a slide,a little girl in a white shirt is sliding down a colorful slide.,0.21158535917081023,0.26330038400430245,A girl bouncing on a colorful sheet .,A girl in a bounce house .,A girl playing on a parachute .,The little girl is playing with her shoes off .,"This girl is playing on an object which is yellow , green , red , and blue .",0.05171502483349222
416,873,c9b01a0fcc004e69f2b87946e8a9c57f88272807a107acea9e8b0d5394dc0183,a little boy playing with a water gun,a little boy in an orange shirt is playing in a sprinkler.,0.055739679753702046,1.4625182765594882,A baby girl in an orange dress gets wet as she stands next to a water sprinkler .,A blonde toddler wearing an orange dress is wet and standing beside a sprinkler in a yard .,A child in a dress is looking at a sprinkler,A little girl in an orange dress is running through the sprinkler in the yard .,"On wet grass , little blond girl in orange dress plays in sprinkler .",1.4067785968057862
417,719,ce44f9c38677707df56a487bb381c4257241648865de523917ed356458db9151,a group of people standing in a field,a group of people are standing in a field.,0.4958828129218474,0.43979878058974897,A crowd watching a dirt bike race,A group of people on the sidelines of an ATV race .,A line of people staring at the vehicles on the dirt track,A line of spectators at a race .,People standing at fence watching motor vehicles in field,-0.05608403233209841
418,585,efe2518ee095c4d80f6f7ecb87e8ad152a151d40f36da84be520067a634f6698,a man wearing a white jersey,a basketball player dribbles the ball.,1.4353553786605527e-06,1.0311342085961535,A basketball player dribbles the ball while another blocks him and an official looks on .,A basketball player in a whit outfit is dribbling the ball around a player in a red outfit as the referee looks on .,A Miami basketball player dribbles by an Arizona State player .,A referee watches two basketball players playing basketball .,The guard drives towards the basket during a college basketball game .,1.031132773240775
419,461,89a992959eedaaaf395b7af6841c01bd40eb36f92f8660d41b545880c2533db5,a man wearing an orange jersey,a basketball player wearing an orange jersey.,0.5803015333374485,1.0347697961815805,A man in a Miami basketball uniform looking to the right,a man wears a orange jersey .,A Miami basketball player looks off in the distance .,The mans shirt is orange and has a United States flag patch on the shoulder .,The Miami basketball player is looking .,0.454468262844132
420,40,eb77e070d59a1b434c255fbac99054a5a42e8448d08c601abb5773c4645adf62,a person on a bike doing a trick in the air,a person on a bike is jumping over a rock in the woods.,0.3688308100504861,0.883279211330408,A helmeted man jumping off a rock on a mountain bike .,A man jumping on his bmx with another bmxer watching .,A mountain biker is jumping his bike over a rock as another cyclist stands on the trail watching .,A person taking a jump off a rock on a dirt bike .,The bike rider jumps off a rock .,0.5144484012799219
421,977,18698e4de4a05cb3b38e4545917b9b8ea3d2d01c1ec69c647dbc38b974810405,a man wearing a hat,a man wearing a blue hat and sunglasses.,0.26719740320280105,0.9011619123998958,A man with a baseball cap and shiny sunglasses looks down while another bald man looks down .,Man in denim cap and sunglasses amid a crowd .,Man in denim hat wearing dark sunglasses .,Two men in sunglasses look at something in front of them .,Two men wearing sunglasses .,0.6339645091970948
422,601,125a7d5e2e63028f6df1885ba717e43afbf2c768822e92c14d99cbfe2bbdd64a,a man standing on a rock,a boy in a red and white bathing suit is standing on a rock near a stream.,0.1354196141841794,0.1712050574723589,A man in swimming trunks is standing against some rocks .,A man wearing flowered swimming trunks is standing near large mossy rocks .,A man wearing red shorts is holding onto the rocks beside the water .,Man in red shoes and red and white print shorts posing in front of rocks by water .,Man posing by a natural pool .,0.03578544328817951
423,478,bdef9c3e6f68179b58e3d645b57e8d87d12869199d87f5112571f568a8cd76da,a dog wearing an orange vest running in the grass,a white dog wearing an orange vest is running in the grass.,2.293828559536495,1.932423387190651,A beige dog with orange vest running on withering grass .,A dog wearing an orange vest scampers playfully across the grass .,A golden retriever running on short grass wearing an orange outfit .,A light-colored dog wearing orange plays in the grass .,The white dog is wearing orange clothing and running through the grass .,-0.3614051723458438
424,589,ed037737a78a493ec89bc8d62774c2e132c593b57d46bcc0ef5fb92936386283,a man doing a trick on a skateboard,a man in a white shirt is doing a trick on his skateboard.,0.8785042794013016,0.6743253504996617,A man performing a skateboard jump off the top of a ramp .,A skateboarder becomes airborne at the top of a black and yellow ramp .,A skateboarder does a trick on a black and yellow striped ramp .,Skateboarder flying over ramp outside .,This man is doing a stunt on a skateboard outdoors .,-0.2041789289016399
425,694,602c7faa57cf51a9c19ee7f15149a48eac57ba31cde6378282bce21cd77307bf,a man in a white shirt,a man in a white shirt is talking to a group of people.,0.2587978755211766,0.256416932197327,A blonde haired man is doing a demonstration in front of a small crowd of people .,A man demonstrates his product to an audience .,A man in a striped shirt is demonstrating a product .,A man is standing behind and desk and there is part of a red car hanging above his head .,a man shows off his exibit to many people .,-0.002380943323849638
426,915,a9b4fcd487dda1aeb3fb5b8c4b94d24fb13edaf9efeb07d2f3fe05b9e5acd877,a man holding a sign,a man in a green shirt holds up a sign that says free hugs.,0.8003126984610214,3.092106560254683,a man carrying a sign that says free hug along the sidewalk .,"A man holds up a "" free hugs "" sign above his head .","A man is holding a sign that says "" Free Hugs "" .",A young man in a black shirt is holding a Free Hugs sign .,The man is wearing a green shirt and blue jeans and carrying a free hugs sign .,2.2917938617936615
427,132,cd57d284eefaec5ed026f6d2c3ada43aa13dda12d961e76d8bb4a81c37d5bd09,a little girl in a green shirt and shorts,a little girl in a green outfit is holding a watering can.,0.7460268210228349,1.011359885159155,A girl wrings out a wet shirt .,A girl wearing green twists something in her hands .,A little girl in a green outfit wringing out an orange rag .,A young girl plays outside .,The little girl in the green outfit is playing with a piece of orange material .,0.2653330641363201
428,72,390741adf8bc46d3ff683f804d921748ba6eaefc9a496b796dc3c56ca475e69b,crowd of people at a music festival,a large crowd of people are watching a concert.,0.8901005741449847,1.0125771193123887,"A boxy building , A group of trees , a church at sunset .",A crowd of people are gathered with a sky scene in the background .,A crowd of people at an outdoor event,A very large group of people stand outdoors under the beautiful clouds .,Large crowd of people gathered together .,0.12247654516740403
429,138,3304eef6f47586918de8c8a109985a1897458b3af0c2aa4b1a7d756a39635dad,the water is calm,two people in a boat on a lake.,0.00012067313155233409,1.3106443760834026,A boat with two fishermen sits peacefully on the lake .,A silhouette of two men in a boat on a misty lake,Two men in a fishing boat on a river enjoy a pleasant morning .,Two people are in a canoe on a river in misty conditions .,Two people drift in a small boat on a foggy lake with trees in the background .,1.3105237029518502
430,121,cd7077db23068f6fa80300cd554ec0eeb02c617a6aa06e6d658faf4c3e83dd6f,a woman riding a bike,a woman in a blue jacket and helmet is riding a bike.,2.3711436717091994,2.2947139325106978,"A person in a blue jacket , wearing a bicycle helmet is riding a bike",A woman is riding her bicycle .,A woman riding a bike in a park,A woman with a blue jacket wears a helmet as she rides a bike .,A woman with a helmet riding a bike .,-0.0764297391985016
431,46,0b9f9a946a2316833c6e9821264818f92b61d02c4846b528583512f7fb711917,a group of women walking down a sidewalk,a woman in a black and pink outfit is talking to a woman in a black and pink outfit.,0.22142959752169805,0.03564604796352371,A girl with pink streaked hair and fur uggs looks back while the girl walking next to her looks at her .,"Two girls facing each other one has a skull face bag wearing a red and black shirt , the other is wearing a beaded belt .",Two girls walking down the street .,Two girls wearing goth trendy clothing while one looks back at the camera .,Two young girls wearing goth clothes .,-0.18578354955817433
432,482,ff9e00eb62680ac3e666a00f88a3a28537b9e8e6d76cb048e6902a2ecf79e274,a dog jumping into a body of water,a brown dog jumps into the water.,1.4316883564782579,1.2463091917409175,A brown dog jumping off a rock into a lake .,A brown dog leaps into water from a rock .,A dog is taking a dive into a body of water .,A dog leaps over the water from a rock .,The dog is leaping into the water .,-0.1853791647373404
433,184,0202fb5002724c224943ee3d4a8c269b2540932d95766824e2e9596b80d301c7,a group of people skating on a frozen lake,a group of children are skating on a frozen lake.,0.3647260708329264,0.5732448896047687,Children skating while people watch on the side .,Two boys ice skate with other people .,Two boys on ice skates race on an outdoor ice rink .,Two boys race on ice skates while others watch .,Two children are skating quickly on ice .,0.2085188187718423
434,53,294d1a7de6daf7fc3e8e1b142f0063c7eb9a039b682172f68197fb31a3dd9f6b,a red and white fire tower,a group of people are climbing a red and white structure.,2.116728905875935e-06,0.08705117420491792,A person is laughing on a roller coaster ride .,A photo of a ride at an amusement park on an overcast day .,People are in a ride that drops you from a great height .,People on an amusement park ride .,People on a ride at a fair .,0.08704905747601205
435,715,3bef52594643c1720a71c188c345dab045e8e067dbb96a631761a9c1e95682cc,the dog is brown,a brown dog wearing a yellow harness is jumping over an obstacle.,0.39829083510561364,1.7230934978320338,A brown dog jumping over a obstacle .,A dark brown dog wearing a yellow harness is jumping over a hurdle in an agility competition .,A dark dog is competing in a dog show competition .,Brown dog with yellow harness jumping over white obstacle,Dog jumping a hurdle in a sporting event .,1.3248026627264202
436,33,baa78551e36b0a9edbdce3b190ab50f8bc77800a63f2a1cdf0bb7ff38f3f8c06,the sky is dark,a man stands in front of a grocery store.,0.0002848895567061092,0.21630731249679142,"People stand on a street corner at dusk , with a pharmacy in the background .",People stand outside of the Rite Aid pharmacy on Broadway .,People waiting to cross the street in front of a pharmacy with lit up sign .,Some people look to cross the street in front of a drug store .,This is a picture of a Broadway Rite Aid Pharmacy that has a bright neon sign and people are prepared to cross the street in front of it .,0.2160224229400853
437,966,5bdbe4d4154d10c4f30a214fa7aa6fbc734601584334acebc03f912532e5db23,a tent on the ground,a tent in the mountains.,1.4016313996954382,0.9976650094781321,A hiker in a tent on a mountain .,A hiker pokes his head out of a tent high in the mountains .,A man sits in his tent on a mountain .,A person sticks their head out of a tent at the top of a mountain .,Someone is peaking out of a dome tent pitched near a snowy mountain .,-0.40396639021730607
438,794,09e3a95a1df43426f8c61d7534b792be982433b509d30c775eeaf245c41860b9,dirt is on the ground,a red and white car is driving on a dirt track.,0.10253325830318237,0.9670272276694009,A car is driven on a dusty track .,A race car kicks up dust as it speeds down a gravel racetrack .,a red and white race car racing on a dirt racetrack .,a red and white rally car throws up dust behind it as drives away down the trail .,The car leaves a dust trail as it goes around the dirt track .,0.8644939693662185
439,26,fadd4f205687bd028b4119edc01e9983c52872781409df9eefa7182f6a2b1efa,a man and two dogs in the snow,a man is pulling a sled pulled by four dogs in the snow.,0.4422851663863395,1.0858683228948283,A group of dogs pull a person on a dog sled up a hill .,Dogsled rider pulled past flags on snowy hill .,Dogs pulling a sled in a sled race .,"Five sled dogs are pulling a person on a sled , through the snow .",The man is mushing his dogs on a snow trail,0.6435831565084887
440,415,668e4717e0daf0bb7c8637e2a8c7e6d8356321dadfcd01e319381f8bf34251d5,the sun is setting,a group of people are standing on a boat in the water at sunset.,0.0017148826535797732,0.6643500335631369,A body of water at sunset .,A sunset over a lake .,A sunset sky over rippling water .,A water scene with a sunset in the background .,This is a beautiful sunset on the water .,0.6626351509095572
441,509,180ac7679ea69a2961ac9b21fd48166d5200f8cac4e6b1454d510a674f549bc3,the water is splashing,a man in a black and white wetsuit is jumping into the air with a white surfboard.,0.004256235318670103,0.5032269544294353,a lone surfboarder jumping a wave on a white surfboard .,A man flies into the air with his surfboard .,A person in a wetsuit is in midair while surfing .,A surfer is in the air above the ocean .,A surfer performs a trick .,0.49897071911076524
442,772,9782b85b466cc7756e0f9f76a7582c31fa56f4bf37778c4241d98b267345c765,a dog running in the grass,a white dog is running through the grass with a toy in its mouth.,0.6337901235399791,0.6763997549893215,A dog chases a stuffed animal attached to a string .,A white and black dog chases after a decoy-animal on a string .,A white dog is chasing a stuffed animal being pulled on a string .,The white dog is chasing a toy that is attached to a string across the grass .,The white dog is running in the green grass .,0.04260963144934238
443,374,6b0839593dfd9261669fa38f9ea59668cfcdc4a176e9c2e9fb19212ba6107e04,graffiti on the wall,a skateboarder does a trick on a ramp.,0.37496955032567014,0.6534074569255268,A man rides his skateboard with his shadow falling on a wall covered in graffiti .,A skateboarder grinding a lip .,A skateboarder is jumping through the air in front of a graffiti covered wall .,A skateboarder performs a skateboard trick against a graffiti wall .,A skateboarder performs tricks on a ramp in front of a wall with graffiti .,0.2784379065998567
444,431,053f9a6c27ab9b3aa4c86b4b50b174c7638b9e77fca9de697ebbc5f651dfe5ab,a group of men playing a game of basketball,a basketball player in a green uniform attempts to block a player in a yellow uniform.,0.8852663707854234,0.3196338161525507,A group of basketball players wearing yellow and green reach for a ball .,Basketball players shoot for a goal during a game .,Four men jumping in a basketball game,In this picture all men from both basketball teams with red and green jerseys are jumping .,The man on the yellow basketball team tries to score while the men on the opposing team try to block his shot .,-0.5656325546328727
445,742,2d0e88d70dfbc56855cfd566f5061c83e23a97750a1c3739514973ae859e0c99,the water is brown,a dog splashes in the water.,0.13366670253698976,0.22071270856475644,A dog is fetching a stick from a lake .,A dog swimming with a stick in its mouth .,a grey dog swimming through a river with a stick in his mouth,Dog carries stick in mouth while in water .,Dog swimming through water carrying stick in its mouth,0.08704600602776669
446,168,31fb448ce030abe805d730c33eccdea3ae489d305f223afd653cb468eed3ed9b,the sun is setting on the mountain,a person is standing on a snowy mountain.,0.19644109023227277,0.7341426607717043,A man among steep and snowy mountains .,"Someone hikes down a steep , frozen mountainside .",The grass has ice on it and there is a mountain in the background .,The man is climbing up a steep snowy mountain .,The person is high on a mountain during sunset .,0.5377015705394316
447,531,81253badc2e112c4f3ea23074fd8eaad155c6c733f28f5315a1beefd26151dfb,two dogs playing on the beach,two dogs play on the beach.,1.0643855672853246,0.6221726704093955,Dogs chase each other .,Two brown and white dogs wrestle while running across the wet sand .,"Two dogs , identical white with brown spots wrestle on jet black sand .",Two white and brown dogs playing on a beach .,Two white dogs with brown markings playing .,-0.44221289687592913
448,399,11133684d08b70decbaa3deab822386492e891bef9fc8853c48bb7fb8661cc0a,two dogs playing in the grass,two black and brown dogs are playing in the grass.,1.266741530839122,0.7054639410696383,Two Dobermans fighting or playing together on a lawn .,Two dogs fight on the grass .,two dogs play together .,Two dogs wrestle in the grass .,Two large dogs are fighting with teeth bared near some trees .,-0.5612775897694838
449,471,ecf9254f003c68de2ace46f5d7e3bd2fa6124201393d9c62eb1dc17a9c9596dc,a man bending his knees on a skateboard,a man in a white shirt bends down to look at a bowling ball.,0.12601058254650477,0.889896670788197,A man in a flower patterned shirt is bowling .,A person bending over to pick up a ball at a bowling alley,People at the bowling alley .,The person in the white flowered shirt is bending down at the ball return in the bowling alley .,Two people at the bowling alley .,0.7638860882416922
450,172,a60248eb56d712b04742e242b508dd0284b21f9aaf3c6810a0b5089c2138d6b9,a little girl standing in front of a fountain,a little girl in a pink dress is standing in front of a fountain.,3.2532270160953276,2.8079980682924885,A little blonde girl is standing in front of a water fountain .,a young blond girl standing in front of a large fenced in fountain,A young girl standing in front of a fountain,A young in a white dress standing in front of a fence and fountain .,The little girl in a white dress is standing in front of the large park fountain .,-0.44522894780283906
451,269,0edd7b976aa45937f202cc2a73726fc5e61e856b671ec3b20cc0462aeaac666b,two girls sitting on a swing,three children are sitting on a swing.,0.49168055830597357,1.0261609330160137,Three children are pulling faces on a purple bench .,Three little girls are sitting on a purple bench and making funny faces .,Three little girls make silly faces on a wooden swing in an over saturated photo .,Three young girls are sitting on a bench swing in a park .,Three young girls pose together outside .,0.5344803747100402
452,596,be9e65701211a9cba17560ce0deedcd03842a8f86cc7bc02d09fd0f8190d44cb,a white bird flying over a body of water,a white bird is flying over the water.,2.2140346283107095,2.215695296380901,A bird flies above the water .,A heron is flying through the air near foliage .,A large white bird flying over water .,A large white bird swoops over water .,A white bird with yellow feet is flying over water .,0.0016606680701913845
453,258,62d49fbcb246db20d08dd934ca06623dfb571a709d7c40b51d68e3d92c8cf3ca,a dog walking down a dirt road next to a mountain,a white dog is walking on a rocky path with a hiker in the background.,0.5598246655596948,0.2530080283011367,A dog walks down the dirt road as a person follows .,A tan dog walks ahead of a man in a dry area .,A white dog is going for a walk through the desert with its owner .,A yellow dog is walking along a mountain trail,Dog in desert area with distant man in background .,-0.30681663725855807
454,731,4cde2a15c03a40417e6788780eb191a802f7e8b4faab1df8c933c52d80a7a492,two people in a room,a girl in a black shirt and plaid pants is holding a paper while another girl in a blue shirt looks on.,0.05582045361252574,0.11049588448341763,One girl wearing pajamas stands near to a girl who is holding a flyer .,Two girls are dancing and one has paper in her hand .,Two girls are in pajama pants and appear to be dancing .,Two girls in pajamas indoors .,"Two teenage girls dance in pajama bottoms , one holding a paper .",0.05467543087089189
455,879,18d6aebc48600957092822a176c507a3f2041f7e48bdc471a34ca6d125b67ae6,the sky is cloudy,a man in a red jacket is walking up a snowy hill.,0.0014815465484970202,0.23527433627882727,A man is shoveling snow during a sunrise .,A man stands in the snow as the sun sets .,A mist overshadows a man in winter gear and the winter landscape in front of him .,A person stands in a snowy area looking down .,Man walking through the deep snow at dusk .,0.23379278973033024
456,714,208cb2d55503f1da5ddbafa48dee3a16cd2e1fe650a726b938c4d195f769d35b,a person on a ski board in the air,a man in a red jacket is skiing down a snowy hill.,0.7459035790490786,0.08734758708733208,A man rides a ski lift up a mountain .,The man and woman ride the ski lift up the snowy mountain .,two men sit on a chairlift .,Two people ride up the mountain on a ski life .,two people wearing skis on chairlift,-0.6585559919617465
457,144,350b4c454653ebbdbf8aeee078bf2792f1d6cb84eecc696c1b79981f41f811d8,a woman in a black leather jacket,a woman in a black leather jacket and white shirt is walking down the street.,0.22667125540221264,0.4391502520954718,A city street with two ladies that have shopping bags in their hands with a crowd behind them .,A woman in a hat holding a handbag smiles away from another woman wearing sunglasses and holding a shopping bag .,People are standing on the Hollywood walk of fame .,two older women walking down the busy street with shopping bags,Two women dressed in leather are standing on a city street .,0.21247899669325918
458,463,14c028d1866032978a11478b755d741a10de35ee54c2984e3ef8804326c902e2,the water is splashing,a man in a black wetsuit is wakeboarding.,0.0237557412323738,0.02422433002099348,A man gets lots of air time as he wakeboards .,A man is waterskiing on one ski and jumping out of the water .,A wakeboarder leaps in the air .,A waterskier is jumping through the air whilst holding onto the line .,The man on the board uses the wave to jump high into the air .,0.0004685887886196789
459,220,51333754680cabaf8ba86d8127f9867b164c22b4fd9064375d1ff11b1f6f8e81,a man in a white shirt and black shorts,a man in a white shirt and black shorts is walking through the jungle.,1.1783427483895474,1.526231269200697,a bearded man in a white shirt and black shorts is hiking on a woodland path .,A man in a white shirt is standing on a trail in the woods .,A man wearing a water pack and shorts on an outdoor trail .,A short stubby man with a backpack is standing in a forest,"This man , wearing a white t-shirt and black shorts , is standing on a path in the forest .",0.3478885208111495
460,740,999024c08b80b47130eeb099bfeabed1f623c74e767c8fac2d00aaca275cca25,a man with a beard,a man with a beard and a red jacket is standing in front of a building.,0.2596132411857396,0.4166916699164985,A closeup of an elderly man .,A man poses outdoors .,A man with a red collar and gray beard looks at the camera .,An older man wearing a black jacket standing outside .,"Bearded man in fleece jacket smiles for a picture , the background is blurry",0.1570784287307589
461,85,219359263e0ad8ce0e8768b70c1a3fe9dce2c65bdaa429306e3936be578bc316,a little girl on a swing,a little girl in a pink shirt is swinging on a swing.,1.8366577383058158,1.169034872642329,A little girl on a kid swing .,A little girl shouts for joy as she swings on the swing .,A toddler girl in a swing is laughing .,A toddler in a pink shirt in a bucket swing .,A young girl making a wide mouthed expression while swinging .,-0.6676228656634868
462,852,1eec0e68bc67abc0dcfde257c3bc3455c38fe431843ca5194729783f44dad078,a man with long hair,a man with long hair is playing a drum.,0.7516275809581443,1.1848361503980367,A long haired drummer plays music outdoors .,A man with long hair and tattoos plays a drum outdoors .,"A musician plays a drum while his hair covers his face , and tattoos dot his arms .",A tatooed person shakes their hair and beats a drum .,The drummer beats the drums at an outdoor concert .,0.4332085694398924
463,704,c9737825e948694368e3c3e891824d3087b110c0a8c4b1fbeef55948cdf360cb,a black dog walking across a lush green field,a black dog is running on the grass.,0.385000037138716,1.0254436170200614,A black dog approaches the camera with his hind legs raised and his ears forward .,A black dog in the backyard .,A black dog running in a backyard,A black dog running in a grassy fenced in yard .,a black great Dane running toward the camera in a backyard,0.6404435798813454
464,627,2fa35b54701eef278c2d9d08a6223855b735d677fbff3cad39ebaf0d46d6e6d7,a man jumping into a body of water,a man in a swimming suit is jumping into a lake.,0.6687332423592871,0.49980133498861723,A man dives into a lake .,A man dives into the water surrounded by rocks and pine trees .,A man is diving into water near a shore .,A young man dives into water .,The man is diving into the water .,-0.16893190737066988
465,723,00648c16b14a251ce1bbe14182af411ca0964b2b3f9a1df1da23803625a3382d,the grass is green and brown,three dogs are walking in a field.,0.19940618249297548,1.025723140537354,A group of dogs runs beside a pond through a field .,several multicolored dogs running through the grass .,"Three black dogs , two with tan markings , are running along grass .",Three dogs running through a field .,"Three dogs run on scrubby grass , a lake and picnic table nearby .",0.8263169580443784
466,807,94fb7d631df028964f032b0f50aa9f7663cdefd6c8de3400063d37e478e71118,a man holding a baseball bat in a field,a man in a white shirt is holding a baseball bat in a field.,0.3567973542894703,0.7949427021988034,A man in a white shirt swinging a stick,A man in a white shirt walks in the tall grass holding a stick .,A man is walking in a field carrying a stick .,A man with a stick in his left hand in a field,Man near golf course preparing to throw a stick,0.43814534790933307
467,226,9b58f031c11ecc624e8eb4a2ac8d55c3a1d841ab08fa3c8b7efbf624401953be,a large crowd of people watching a football game,a football player in a red and white uniform kicks the ball.,0.5768283848684242,0.8635737596371656,A football player in blue and one in red play in a game .,A Sooners football player moves quickly on the field as another player runs .,"The guy in the blue and white jersey is running , and the guy in the red and white jersey is falling .","The two players , on opposite teams , are in the middle of a football game , while others watch .",Two men play football .,0.2867453747687414
468,110,d25f3add5a87a3aa83d5445b34346fc595193f325987832391a33c6d1efaf47c,a woman sitting on the beach,a woman in a black hat and scarf sits on a rock.,0.09644214670753726,1.1177511845674097,A girl in a black jacket and hat is covered in a pink blanket,"A woman derssed in a black sweater , gloves , hat , and a scarf sits on the beach near a boulder .",A woman in a black cap and outfit sits in the sand .,A woman wearing a black hat sits on the sand with a rock behind her .,"The girl sitting by a rock is wearing a black coat , black hat , black gloves but is covered by a pink blanket .",1.0213090378598726
469,869,b723038cd139bcbca79bd47fb18fb62c920d3a42bdf0372a6287c0e062aee760,a little girl sitting at a table with a glass of milk,a little girl in a pink shirt is sitting at a table with a glass of milk.,0.4744476320233786,1.0601669340126867,A little girl wearing a pink shirt is sitting at the table and drinking a milkshake,A small young girl in a pink shirt drinking a large chocolate milkshake .,A young girl dressed in pink with a hair barrette pursing her lips at a big chocolate milkshake .,A young girl is staring at a large milkshake in a glass .,A young girl looks excitedly at a large milkshake .,0.5857193019893081
470,984,0a6233832f323f6e83bd4709e3c50d4764258877e297349b15346a2e848302ad,the girl is holding a surfboard,a young girl in a yellow wetsuit is holding a rope on the beach.,0.6104277703093862,0.5431667855931862,A child is waiting on the beach holding a boogie board .,A girl looks out into the ocean as she stands on the sand with her yellow boogie board .,A young girl holding a boogie board at the beach,A young girl standing on the beach with her body board looks out on the ocean .,A young woman holding a surfboard contemplates the ocean .,-0.06726098471620001
471,663,59d74c8fff0c30b09cc07932afd497088ae7bea8b2578bc1e2ecc29de082bd69,a dog running in the snow,a white poodle is running in the snow.,1.0051710134922556,1.3420492221389284,A dog runs in the snow .,An off-white dog has his mouth open as he bounds through the fenced-in snowy area .,A white dog runs past a fence on a snowy day .,A white dog with a black collar runs in the snow .,"A white poodle is running in the snow , near a chain link fence .",0.33687820864667284
472,561,ebdb51697b46d7985deb806f600e80ea7ec3a60d42bab7bf4e5854560f1e43e7,a group of women playing a game of rugby,a group of women are playing rugby.,0.15085457319271117,0.14781945162118662,A group of woman hold each other up to catch a ball .,"A women 's sports squad performs some tricks , including lifting members high and tossing a ball .",Team members being lifted up high to catch a flying ball .,three young woman jumping into the air to catch a ball .,Woman being lifted by other women play volleyball .,-0.0030351215715245516
473,802,72857e336c5052802119be38fa700da7f789b004ff7f2eef975674547ecc919f,a white tent,a group of people dressed in native american costumes play instruments.,7.343172057052042e-07,0.3426677177727019,"a man dressed as an Indian , speaking into a microphone",A native american stands at a microphone ready to play his instrument .,An Indian chief in full dress .,Indian wearing headgear speaks,The man dressed liked an indian wearing feathers is standing in front of the microphone .,0.3426669834554962
474,729,4646b716bbf687f40ade33264d60c458465c03ee16014b28f3d1897e59107ead,a group of paintball players,a group of paintball players in protective gear.,1.2038875933407727,0.8439723388047,A bunch of guys in black play paintball .,a group of people wearing body Armour while fighting with paintball guns .,A paintball team shoots,Some people playing paintball .,Speed ball paintball team starting the first round .,-0.35991525453607265
475,952,8d5cb003c5dac497fee49bc37c126128ac76d52ea729784f4fe139abf79d492b,a blue metal pole,a girl is upside down on a blue monkey bars.,0.016274777126752103,2.074320587663211,A child playing on the monkey bars at a playground with an adult present .,a girl hangs on the bars .,A kid hangs upside down on the monkey bars at a playground .,a young children hanging upside at the playground,girl hanging upside down on blue monkey bars,2.058045810536459
476,377,5f3a5eec19a0d117652616a898c92faae8b2438d59ab5bc607e57b566c2ed556,a man flying a kite on top of a hill,a man in a red and black striped shirt is standing on a grassy hill.,0.5579081924195664,1.8669944708084758,A person in a red striped hooded sweatshirt and jeans shorts walking on a grassy hill .,A person wearing a striped shirt is walking on a hill .,A woman in a striped sweater is standing on a hill .,A woman walking across a hill with dark clouds in the background .,One person with a pink and black striped shirt and white shorts walking up a hill .,1.3090862783889095
477,351,ccdd31e52b65c03cf4ca2039fa24df80e417f202a1dea9aac3326e0311086e93,a dog running in the grass with a frc ball in its mouth,a tan dog runs through the grass with a ball in its mouth.,2.04980506354998,2.1930902363162375,A dog with a blue ball running in a field .,a small tan dog running on the grass with a ball in his mouth,Dog running towards camera with a ball in its mouth .,small dog running in the grass with a toy in its mouth,The dog is running with a colorful ball .,0.1432851727662574
478,174,2af175ff4f7ba4bc8fa78849a2915b2ee54b96f6b7c37a951f7f36a81eccbfc3,a man and a woman walking down the street,a man and a woman are standing in front of a red scooter.,0.6931205609790012,0.7854044918918932,A man and a woman wait to cross a street .,a man talks on his cellphone and another man rides a wheelchair .,"A woman crosses the street near a man , who is on his cellphone .",A woman in a coat and a man in a tracksuit talking on a phone cross the street .,A woman tries to cross the road before a man on a red scooter .,0.092283930912892
479,784,b58b692782fc18a109ba7c11ac51db8dca595d422d056768973fdeaab09f117e,a girl in the water,a girl in a pink bathing suit is in the water.,0.27840292210599493,0.7406956689037908,A closeup of a young child wearing a pink bathing suit laying in shallow water at the beach .,A little girl smiles as she lays on her side in the water .,a smiling toddler in a pink swimsuit is laying in the water .,A young dark haired girl in a pink and white swimsuit smiles as she lies in three inch deep water .,"Little girl in swimsuit lies on stomach in water , smiles at camera .",0.46229274679779586
480,155,15db23980c1f2dd766b9a6e0f673516f739655bac3e974cfd5aee4b23063864b,a little girl riding a red scer,a young girl in a pink outfit is riding a red scooter.,0.5088982943375047,1.691934816490483,A child riding a scooter indoors .,A girl plays on a red scooter .,Little girl playing on a scooter in her house .,The girl is on a red scooter,The little girl is riding her red scooter .,1.1830365221529784
481,795,9b8ba914673d8efa348051f00672b6b49cac229a5c54528ac8657c0e729c337e,two dogs playing in the grass by the water,a black dog and a brown dog are playing in the grass by the water.,0.5710254077602515,0.12149561804651371,Two dogs are fighting over something .,two dogs doing a tug of war on a black object,"Two dogs fight over a stick on a grassy field , a lake in the background .",Two dogs meeting near the water 's edge,"Two dogs , one tan and one black , play tug-o-war on the grass near the pond .",-0.44952978971373775
482,709,58db2b4af54e4cfa86925074d3c4c92da2fcfda880c2faed0f6f83bf8b9d7094,two people on dirt bikes,two motorcyclists race on a dirt track.,0.3977462183678756,1.4979008706470098,Two bmx riders racing on a track,Two motocross bikes are being raced around a dirt track .,Two motocross riders next to each other on a dirt track .,Two motorcyclists are on a dirt track .,Two people wearing racing uniforms are riding racing motorcycles .,1.1001546522791341
483,816,f9df682d1473d0baf94b2dc055fcebc63be4fdec2ae22cf39d3749fb468ce2c1,two children in a pool,two children play in a kiddie pool.,0.741202052541289,0.75496201311668,A boy with a beach ball behind him playing in a pool,A young boy plays around in a jacuzzi .,Children play in an inflatable pool .,The boy laughed as he swam in the pool .,Two children are in a pool with a beach ball floating nearby .,0.013759960575390973
484,964,afa34e73e18b831b798023b9db6c111556ee222c426d212227e6fd5a2a3e2e09,the mountains are rocky,a group of people with backpacks are walking through a grassy field with mountains in the background.,0.14414633063856966,0.1032236078388546,A boy is leading donkeys on a path .,A man and two pack mules walk across a field in front of a mountain .,A man is walking in a field behind two donkeys .,A man travels with two donkeys in the mountains,A person in a blue jacket follows two donkeys along a mountain trail .,-0.04092272279971505
485,47,0e0d657e73b77683cf6e0d991c46bf769d3eead4e0776e559ecd4801a0547981,a black dog in the water,a black dog with a stick in its mouth is running through the water.,0.6564336122128417,1.419423167208787,A black dog carrying an object out of the water .,A black dog carrying some seaweed out of the water .,A black dog is coming out of the ocean water on the beach with something in its mouth .,A black dog with a stick in its mouth is walking out of the water onto a beach .,A dog retrieves a branch from on a beach .,0.7629895549959452
486,670,f3b298f18f2d214595d5004fe9d78502dc5a6e84c5987cf4d4a019f5fc0e7da4,a dog running on the beach,a black and white dog is running on the sand.,1.6627986983800236,4.1813551361962,A black and white dog is running on the beach .,A dog runs on the beach .,Black and white dog on wet sand .,The black and white dog is running in the damp sand .,This large black and white dog is running on the sand .,2.5185564378161764
487,400,cbd42d5aa680de4a691b2f6716a7dc0525182354cee332094750026bdbaf99e4,a dog swimming in the water,a dog swims in the water.,2.0054018506037457,0.341293141461003,A dog swimming along the ocean with a bark in its mouth .,A dog swimming though water holding a stick .,A dog swimming with a stick in its mouth .,A dog swims holding a large stick in his mouth in front of a city skyline .,Dog swimming in the water with a stick in its mouth .,-1.6641087091427427
488,97,a6b705db172d47b0e7a57209be37a5be483fb7aa8e21d76bd9ecfd7605bfee9e,a man holding a light saber,a man in a brown jacket is holding a light saber.,1.612463166303264,1.676379806950829,A man dressed in brown holding a light saber .,a man wearing a black outfit holding on to a glowing sword .,Man dressed up in black and brown and holding a white light saber .,The man holds a light Sabre .,The man is playing with his Star Wars light sword .,0.06391664064756508
489,840,e41547b10051ba6a2b585ac8336a3e7fa6161b38b093a8189a83282ea377d3fd,a child playing in a water park,a little girl plays in a water park with a sprinkler.,0.40902153996279156,0.6150112884805654,A child at a water park is sprayed from all sides by a ring of water .,A child in a pink and black bathing suit walks through water mist from colored rings .,A young girl stands under three large rings that shoot water in a water park .,Colorful rings spraying water at little girl wearing swimsuit .,The little girl in her bathing suit stands near the sprinkers and squeals .,0.20598974851777385
490,778,be5ff97e3c3ba1421d340f705e45476ca4e2df2256447ef814a51f8d676a5429,the water is clear,a man swims in a pool in front of a waterfall.,0.054874363967764,2.13399906839872,A person floats in water near rocks and a waterfall .,a person swimming in a pretty lake with a waterfall in the background,A person swimming in water nearby rocks and a small waterfall .,A person swims in a body of water with a waterfall .,A person swims in a pool by a waterfall .,2.079124704430956
491,211,b750276e655ab03a4eef3b579c1ba0ba159fa5a0aea471c9047003f82b447f5f,a group of children playing soccer on a field,a group of children play soccer on a field.,1.285610477003985,1.3895899366704572,A group of young boys playing soccer .,A little boy in green is kicking a soccer ball and 6 boys in referee shirts are following him .,A young boy kicks a soccer ball while six others play but are dressed as referee .,Little boys play soccer on the field .,Small children kick a soccer ball on a soccer field .,0.10397945966647226
492,309,f881c8daeb1c46e3cedba0fa11229d4fb17527bbb6120e2615d73b01b12ba536,a woman covered in mud,a woman is covered in mud.,2.9385967261063572,2.757841856317625,A naked woman covered in mud in front of a crowd,A naked woman covered in paint,A topless woman is covered in mud .,Naked woman covered in mud in crowd,"Topless woman smeared with brown substance , blurry crowd in background .",-0.18075486978873245
493,619,5cbac00a463a45708bfb1d1180c6b79b9862dcfbf4f1a198254172334fc7efea,the dog is running,a greyhound dog wearing a yellow and black jersey is running on a track.,0.14305701083985245,1.2348184121828583,"A dog , wearing a number 8 , running in a race .",A greyhound dog wearing a yellow and black shirt runs along a dirt racetrack .,"A greyhound runs in a race , bee striped jacket , number eight .",Grey dog with muzzle and with the # 8 yellow striped identification is running .,Racedog has the number 8 .,1.091761401343006
494,845,cd01864b4298bbab7c7674e41db7b5709d33ea10a376f5f5651c56533e078f08,a man in a green outfit,a man in green shorts and a silver headdress is standing in front of a crowd.,0.4049755202929377,0.24923984987376796,A dark man in a white and green feathered mask with green jewelry and pants .,A man in a costume participates in a parade .,A man in a green and silver Mardi Gras costume in a parade .,"A man is wearing a mask , green beads and green pants .",Man dresses up in Hawaiian garb at a local parade .,-0.15573567041916975
495,3,9a372ecab06928e2ee11e161aef0b466bef525f220819a55d069f6457d9e892d,the dog is white,a white dog is laying on the floor.,0.3160326511140982,0.9569926801399433,A closeup of a white dog that is laying its head on its paws .,a large white dog lying on the floor .,A white dog has its head on the ground .,A white dog is resting its head on a tiled floor with its eyes open .,A white dog rests its head on the patio bricks .,0.6409600290258451
496,971,0cd5ee2482cf16a0c535d556c33baa76a84d474805b2f121d709655f6b7eb51b,a white surfboard in the air,a person is in the air on a surfboard.,0.22811391333058748,0.3238428639429981,A kite surfer is doing a flip over the waves .,a man jumps over a wave on his surfboard .,A person on a parasail jumps off a wave .,A silver craft rides the waves .,A windsurfer angles over a wave .,0.09572895061241063
497,683,cac1179821d057c77399525534a46143e3796c611209015cea855564754f8ed2,a man is sitting at a table with many items on it,a man is sitting at a table covered with items.,1.0271271655819385,1.058178789700024,A large man sits in a military accessories store .,A man in glasses is sitting behind a table laden with military memorabilia .,A man is sitting at a table full of military items and clothing .,A man sits at a table crowded with military merchandise .,Veteran shows off different things from a war .,0.031051624118085597
498,192,6932b27be0deda9e0f33b2b5db8d2da341cb4aead2069ce836f3c88a553b14c5,a man doing a trick on a skateboard,a skateboarder in a blue shirt is doing a trick on some steps.,0.3344850347051841,0.5072097445610854,A boy in a blue shirt jumps down stairs on a skateboard .,A man flies through the air on his skateboard above a white staircase .,A skateboarder jumps his board down a flight of stairs .,A skateboarder sails over white steps .,Skateboarder jumping down stairs of building .,0.17272470985590127
499,406,49c16124bfb8b07692b150870a4b60a3d9adddffd33881d53052cca08653be41,the bird is in the water,a black and white dog is splashing in a blue pool.,0.07548627143828296,1.5116776318893317,A dog comes out of a blue baby pool with a ball in his mouth .,A dog is in the paddling pool playing with a ball .,A dog plays with a ball in a kiddie pool .,A dog splashing in a small pool with a small football .,The white and black dog plays in a blue pool with a ball .,1.4361913604510488
500,738,8de885877af74db174c20070725c7a11860a75709bf450670025093c26da5914,a woman riding a bike with a man on the back,a man and a woman are riding a bicycle.,0.5868258983061517,0.18366446378923348,A male and female on a one seat bike ride along a tree lined road,A man rides a bicycle while a young girl holds onto the back of him .,A young girl is standing on the back of a man 's bicycle while the man peddles forward .,Man on bike with female standing on rear of back with arms around his neck .,One kid is towing another on his bike,-0.4031614345169182
501,80,097656f3de899660a99890f6f1f88d1b26908689c6f64544fc2131816501941f,the dog is black and white,a black and white dog is running on the grass with a frisbee in its mouth.,0.6595595709378175,0.9994403120142523,A black and white dog is going after an orange Frisbee .,A black and white dog leaps to catch an orange Frisbee .,A black and white dog prepares to catch a Frisbee .,a dog about to jump to catch a Frisbee,dog jumping for Frisbee,0.33988074107643484
502,744,6298aa19ad1452135aa4b5af6dfeb6159de5b35e6c9219743ac50033673a38ee,a man on a sidewalk with a bike and a sign,a man in a black jacket is standing on a sidewalk.,0.06755820587085182,0.08216908848594215,A dark skinned man plays a blue guitar on the street .,"A man playing his guitar on the street , surrounded by buildings and street lights .",A man plays a blue guitar on the an empty urban street .,a man walking the streets while playing the guitar .,The man plays his guitar on the local streets .,0.014610882615090331
503,419,7554d02476322734f6fcc00dd9b7494ac78caf6984e81a1c65f4b982b91d94d2,a young boy on a swing,a little boy and a little girl ride on a blue swing.,1.0015590454542165,1.187242382791664,"A couple of smiling little boys ride together in a plastic chair-swing , one on the other 's lap .",Children swinging on a blue swing in the park .,The two children swinging together on a swing .,Two little kids laugh on a blue swing .,"Two smiling , small children , one child holding the other on a swing .",0.18568333733744757
504,357,8034f0505c83a791862e60db023493a988dc7919b5092350d21d2beb4de74b6d,a little boy jumping in the air,a little boy in a yellow shirt is jumping in the air.,0.46914922052952385,0.6555660194944526,A boy in a blue bathing suit jumps with his arms in the air in a backyard setting .,A little boy is jumping into the kiddie pool in the backyard .,A little boy is leaping in the air onto a water slide .,A young boy plays outside on a sunny day on his slip and slide .,The boy in the swimming trunks is playing in the yard .,0.18641679896492874
505,644,455b93662088162753638ae3accaf80029d434212a091fb31b0fd01badc140b9,a man riding a bike,a man in a red shirt and helmet is riding a bike.,0.4894852580438531,0.5518947838906809,A biker races .,A guy on a bmx bike .,A man rides a bike through a course .,Stop action frame of a racer in a bicycle race .,The bike rider is wearing a silver helmet and red shirt .,0.062409525846827796
506,422,3f4507eb7638120e1d9bf798af1f409ff480f2623b1faca46ef78d42c92ffa89,a woman and a child walking down the street,a man and a woman are looking at a red bus.,0.39362610788408914,0.1566663677848028,A couple are walking along a street while the man carries a toddler over one shoulder .,A couple is walking away while an infant sleeps on the father 's shoulders .,A man carries a child while he walks with a woman .,A man holding a sleeping child walks with a woman .,The man walking next to the woman up the steps has a sleeping child on his shoulder .,-0.23695974009928633
507,923,ecc8550aa16ea832d647f0c9011b58be3eb4dc25996703da1afd58835ba1fb2f,a little girl laying on a bed with her head on a pillow,a young girl with long brown hair is covering her head with a colorful blanket.,0.5844865601795192,0.3033218665837384,A girl poses with her head upside down .,A little girl hangs her head upside down .,A small girl is doing a handstand while smiling,A upside down girl 's face .,a young girl smiling with her head upside down,-0.2811646935957808
508,929,2c15dfae611ad610cad47ff020acfbc0c7230875b0f7edb0ff1950037182b584,a young boy playing on a wooden swing set,a boy in a white t - shirt and blue shorts is swinging on a swing.,0.9344860356427814,0.6663257474022513,a boy jumping off a swing,A boy jumps off a swing on the swing set when its high enough .,A child in a white shirt coming out of a swing in midair .,A young boy leaps off a swing .,The boy wearing white is leaping from the swing .,-0.2681602882405302
509,603,f262d409430bd8d131362660801fc14d3a022333d37e892e219cb19af5db97d6,two people sitting on a bench,a man and a woman sit on a bench outside a book store.,1.4354789373453303,0.5999906149707529,An older man is sitting on a red bench with a younger man .,An older person is sitting on a red bench next to a black man with a children 's bookstore behind them both .,A person sits on a red bench to eat while another watches .,two men sit on a bench .,Two people sitting on a red bench in front of books .,-0.8354883223745774
510,208,fbda20d78ed950b772e0a86c22bc97d65d277f60419b3cedc9bf91ab0e1d362a,a young boy sitting on a slide in a park,a young boy in a black coat is sliding down a red slide.,0.9471733905360882,0.6861813538529893,A child is happily playing on the slide .,A child is holding on to the top of a playground slide .,A child is preparing to slide down a piece of playground equipment .,A toddler all bundled up getting ready to go down a slide .,Child getting ready to go down a slide .,-0.2609920366830989
511,345,ae1aaff977c1b9c58ef3004377233aec2dab38766aa935831a0af1bd76ac98fa,two little girls standing in front of a white door,three girls in swimsuits are standing in front of a white door.,0.15226830706378047,0.5597722370455087,little girls in swimsuits are laughing,A girl in a yellow bathing suit laughs and points at a girl in an orange suit while another girls looks on .,Girl in bathing suit pointing and laughing at child in orange bathing bottoms while another girl looks on,The girl in yellow is laughing at the girl wearing orange whilst being watched by the girl in blue .,Three children in swimsuites are having fun outside near a white building .,0.40750392998172824
512,256,3ee7e2bfebfc13b777ac08fad7efa7804eb76b1d14a9fc90d3110069217b1527,a man and a woman standing on the beach,a man and a woman are standing on the beach near a body of water.,0.897617954976099,0.5434392823543431,A man and a woman at the waterfront .,A woman and a man is standing beside water in front of buildings .,A woman holding a black leash and a man looking down .,A woman wearing a scarf looks down .,A woman wearing a scarf stands near the water and looks down .,-0.35417867262175584
513,145,063bb5baa755a4c9bfc7315b7ea15e9ff5fbee4aa705a2e680d138aa97e5975f,the sky is cloudy,a dog walks on the beach at sunset.,0.0006893343352895136,1.1391761606840767,A child playing in the beach sand during a sunset .,A child playing in the sand of a beach with the sun low on the horizon .,A person on the beach beside the ocean at sunset .,Image of a sunset at the beach with a kid in the foreground .,Someone paddles a small boat across a still lake at sunset .,1.138486826348787
514,854,dca8dc5a5f48bd787f23a0e5f5e02196efaa28b586f26ed1332efb279d548007,a young boy sitting in a car seat,a young boy in a car seat.,2.5845069546560113,1.961882640659426,A boy is sitting in a car seat in the backseat of a car .,A boy making a face while sitting in his car seat,A boy sitting in a car making a surprised face,A young boy is buckled into a car seat making a silly face .,The young boy with a silly face is buckled in a car seat .,-0.6226243139965852
515,488,a26fd6d2d626f2038d4703281666260708584d2c9632e84ecec83f257d5bea00,a man wearing a black jacket,a man and a woman are dressed up for halloween.,0.033748574791257306,0.42061377541908707,A girl and guy dressed up in costumes,"A man dressed as "" Teen Wolf "" hugs a woman made up like a vampire .",A man in a werewolf mask is with a woman wearing elf ears .,The man wearing the mask and sunglasses has his arm around the woman who is wearing fake pointed ears .,Two individuals dressed up like animals are posing for the camera .,0.38686520062782975
516,713,729825ca684d5c9794cfba52fefb86b05ca96572b8a06858fce91af8c92d1328,a group of children sitting at a table,a group of children are sitting at a table.,0.925682136072925,0.5422878461756707,Children sit in a classroom holding slates .,Five of the six children have their own chalkboard .,Six African children sitting at two tables .,Six children are sitting in two rows with plastic bags on the desk in front of them .,Three children sitting at desks .,-0.3833942898972543
517,90,6926c2f5876fb9d52ef0689e8a7116a522657ead6c4f7459eb8e69207949c6cd,a man with a mohawk on his head,a man with a mohawk and a red shirt.,0.7954751137736651,1.2812963525305516,"A girl with a nose ring , earring , and Mohawk .",A person with spiky hair looks to the left .,A profile of a young person with a punk hairstyle and pierced ear and nose in a cowboy shirt .,A young person with a Mohawk and a nose piercing in a plaid shirt .,The person is posing in a red flannel shirt with a Mohawk .,0.48582123875688654
518,469,1efef866ac7e1899a5559ca67120ec62aed1db45f3a91fef5951ac69327565d6,a man and his dog on the beach,a man and a dog on the beach.,3.195467886398281,2.66167541590679,"A black man and a large , golden dog are on the beach .",A black man and his dog on the beach .,A man kneels in the wet sand at a beach near a dog .,A man playing with his brown dog on the beach .,Man and dog standing on the beach .,-0.5337924704914907
519,800,60032ba7b9b89240165c638a39ac522e0daa4a8be00a7dfb256ef7fd2ae21d40,two dogs playing on the beach,two dogs running on the beach.,2.335477203867667,1.0000114385029286,Two collies are barking as they play on the edge of the ocean,Two dogs are jumping on an empty beach with waves .,Two dogs playing on the beach .,Two white and brown dogs barking on the shoreline while waves roll in behind them .,two white dogs are running and jumping along a beach with the ocean behind them .,-1.3354657653647386
520,441,f12624ed5f3642d16a7aac556e87addc63969c64b83a2ad1f8e96c0ca0e18902,the fence is made of metal,a brown dog jumps over a fence.,0.19798102062804018,1.206814816559672,A brown dog is jumping over a fence and another dog is chasing it .,A brown dog jumps over a wire fence and another dog follows him .,A dog jumping off a fence and another dog on the grass in the background .,A dog jumping over a gate followed by another dog .,A small tan dog is jumping over a chain linked fence .,1.0088337959316318
521,108,a1eef37b0957496de2dda17dc2748983c9fb441bdc21d0cc3c52a4f6d751d2ee,a young boy playing basketball in a gymnasium,a boy in a white t - shirt and red shorts is playing basketball.,1.0476522926274288,0.719601414253527,A boy dribbles a basketball in the gymnasium .,A boy dribbling a basketball in a gym .,A boy wearing a Steve Nash shirt dribbles a basketball on an indoor court .,A child in a gray t-shirt is bouncing a basketball on a basketball court .,One little boy dribbles his basketball .,-0.3280508783739018
522,404,bcf33bf820a30220001b95be81bb06e618238bfcf63e67e93108d2491ddbcf53,two dogs playing in the water,two dogs play on a log in the water.,1.3512437276183231,0.6795227556291257,A dog chases a ball that has dropped in the water .,A dog on a log looks at a splash in the water as another dog looks on .,dogs playing in a stream,Two dogs are staring at a splash in the water,Two dogs look at something splashing in the water .,-0.6717209719891974
523,338,1b99ecfb5ab39c82f28659ae3f58171c43e2da5ee8d6f1494fd902838d0e1630,a little girl holding a toy in her hand,a little girl in a white shirt is holding a green toy in front of a crowd of people.,0.07516077972948375,0.4861385999498758,A child is holding a colorful object and overlooking a crowd of people while sitting on the shoulders of an older person .,A girl in a blue sweater sits on a person 's shoulders and carries a pinwheel .,A girls in a blue shirt holds a flower while sitting on a man 's shoulders .,A young oriential girl is standing above the crowd playing with a pinwheel,Girl in blue sweater and holding a multicolor toy sitting on the shoulders of a man with grey hair .,0.41097782022039203
524,68,50fd6ef20b52f4eee81ba89f2d4a43ba65fe15bac1433b307a28538d88203b17,a man riding a dirt bike on a rocky trail,a man in camouflage gear is riding a dirt bike down a rocky hill.,1.243512304405901,1.2749827478720914,A man dressed in camouflage riding a motorbike,A man is going between two red flag markers on a dirt bike .,A man is riding a dirt bike over some rocks .,A man wearing camouflage steers a motorcycle across some stones .,The man waeribng a helmet is riding a dirt bike over rocks .,0.03147044346619032
525,575,6c0bcddabb2806b2223ad01242f53050aec18a99b96dbdee354d9798524cd59a,a person standing on top of a mountain,a woman is standing on top of a mountain with her arms in the air.,1.6940809207991832,2.563046388224963,A man stands atop a mountain with arms extended .,A person on top of a mountain with arms over head .,A person stands at the top of a mountain and raises his arms .,Man on top of a mountain with his arms in the air .,The man is standing on the rocks above the river with his arms in the air .,0.8689654674257796
526,741,9095d9f0d75226d6ff1da4e30dbb41f2a308653fe53b5c28cbc0101a6dee8daf,a group of people standing in a room,a woman in a white shirt and red shorts is standing in front of a group of people.,0.03863932506235149,0.6267282452942677,A woman in red shorts is writing on a tablet .,A woman wearing a white shirt and red pants is writing something down at a museum .,A woman writing while standing by men .,The lady is taking notes .,The lady is wearing a white shirt with red pants and writing on a note pad .,0.5880889202319163
527,700,2b9999f2af75feeb85065fd38ee67ed76c6e39939ede41089a5bf0e5800d7a9b,man wearing a brown shirt,a man and a boy are standing in front of a painting.,0.08995632286422692,0.3502231594406059,A grown man and a topless girl are dancing .,A shirtless child dances with an adult man .,A shirtless child plays with an adult indoors .,Man and child dancing .,The man in the brown shirt is holding the hand of the long haired child in front of a painting .,0.26026683657637895
528,705,c49d5a89898162731556c4e7508e5af95829b8978d2d0080855d8ac23e7e7826,a man on a skateboard,a skateboarder is jumping over a pipe.,0.06168746097598238,0.0825976404662211,A boy standing on railing,A boy stands on a rail with his arms outstretched .,An in-line skater is attempting a trick in a long metal rail behind a large structure .,A skateboarder is riding a skateboard along a metal railing in front of a concrete building .,The boy is doing a trick on a rail next to an overpass .,0.020910179490238726
529,728,b97c22d01365a1195a0f8c9bcca9756bc926619a18cfe6d1f21347d616ba871c,a dog running on the beach,a black dog is running on the beach.,2.4993267375991515,2.15670077840456,A dog plays on the beach .,A dog running on a beach .,a large dog runs on the beach with something hanging out of its mouth .,The dog ran across the beach .,The large black dog is running on the sand near the beach .,-0.34262595919459127
530,747,31faf476ffd3011b8fdce6373ff2eff701a5a6be3719583b0fca61ade39b96e0,a person riding a bike on a road,a bicyclist wearing a yellow vest is riding on the road.,0.43078408791308254,0.3453046078506027,A bike rider in green jersey races along a road .,A biker looks back at the camera for a photo .,A cyclist in a helmet and yellow jersey .,A man in a safety vest riding a bicycle on the highway .,A man in a yellow shirt riding a blue bicycle moving very fast .,-0.08547948006247985
531,194,65b0083d5e0de9a8dcb2b1cec6a91d05e0c214d280fe77ea86f5e7baf6528f25,two dogs playing in a pond of water,two dogs are playing in the water.,1.485974267912023,1.120727345604351,A grey dog chasing a brown dog in shallow water .,A small black dog chasing a small fluffy brown dog just above water .,Two dogs moving through water close to the shore .,Two dogs playing in a lake .,Two dogs playing on the shore .,-0.365246922307672
532,925,77abf46375dd155a571061ec88d30dd0c0ded10efa07c615e4e5724ef2caa184,a dog jumping into the water from a boat,a brown dog jumps into the water.,0.8724208638863645,1.019082887866572,A brown dog leaps into the water .,A dog leaping off a boat,A dog wearing a collar jumping from a platform .,a grey and brown dog jumps off a dock into a lake,A light brown dog with his tail in the air jumps of a pontoon toward the water .,0.14666202398020756
533,569,55d67eac6f1a8e0109ea9e1f3fd13bb2d9a2f296a56688904b213db93ed1dfd6,a group of people riding ski boards down a hill,a ski jumper is in the air above a ski jump.,0.41261708679565057,0.5195769590614117,A snowboarder is jumping in the air next to the ski lift .,a snowboarder jumping in the air with a person riding a ski lift in the background,One person is on a ski lift while another snowboards .,People on a ski lift .,snowboarders sit on a chairlift .,0.10695987226576109
534,855,7ca2a1944a25d12bf252e4e48fa85a8743238e31df33a3d872b4b6792ad64667,two people are walking by a body of water,two children are walking along the shore of a lake at dusk.,1.4875633017547787,1.0558156648920556,A boy and a girl are standing on the edge of a lake at sunset .,Two children are walking by a pond,Two figures are walking by a pond .,Two people are silhouetted against a lake reflecting a painted sky .,Two people silhouetted against a lake at sunset .,-0.4317476368627231
535,58,693e2f0256e726b2dbb44a707efafa8bf9313576b483beeb1d2ae876ba5a9501,a man on a rope,a man in a white shirt and purple shorts is rock climbing.,0.08189293970630797,1.576717472885962,a man in a harness climbing a rock wall,A man with a white shirt and helmet is climbing a mountain .,A man in a white shirt and helmet is using climbing equipment .,a young man wearing a white helmet climbing up a rock wall,Man rock climbing looking up the rock,1.4948245331796541
536,462,6284cabaa72ac524efe339c8ffe72752ede1a2abbb1febe31e767d616817de9f,the leaves on the ground,two dogs play in the leaves.,1.0380135684104168,1.8849262086442722,Two dogs jumping on one another on a grassy area covered in leaves .,Two dogs play with each other in the leaves .,Two puppies are playing in the leaves .,two puppies playing with each other surrounded by a bunch of leaves,"Two small dogs , light and dark colored , fighting on leaves .",0.8469126402338554
537,901,7ed4e80e96950b0fa13cf8c2fff839730061c0eac657f075cacb3511443a2a3f,a man sitting on the side of a dirt road,a boy sits on the side of a dirt road.,1.0530581374232557,1.1501204788220825,A boy pointing in a direction on a dirt road .,A boy with a backpack sits on a trail and points .,A man points his finger to the path ahead as he sits on the dirt path .,A man with a backpack is sitting in a dirt road and pointing toward the horizon .,a young man sitting in the middle of a dirt road pointing up the road .,0.09706234139882675
538,261,ab6395a03ba62d45fed270dd493b7e998a140176f91143eb7cdb4129d1d0fd87,a man in a bear costume playing with a frc,a man in a brown outfit is throwing a ball in a yard.,0.0005056749222990686,0.02900813486914744,A boy is kicking up dust as he runs in the dirt by a tree .,A boy wearing brown running in dirt .,a dirty boy runs through the dirt .,A dusty boy runs along a dirt path through the grass .,A teenage boy runs through the dirt near a house in the country .,0.02850245994684837
539,398,bfafbcfe869be980717a5951cd51c87f64a123d3e982e89c9d98c14587684645,a boy doing a trick on a skateboard,a boy in a red shirt is doing a trick on a skateboard.,0.34357985596566376,0.9866103144267753,A man in an orange shirt flips his skateboard on a suburban street .,A man in a red shirt is performing an aerial trick with a skateboard on a sidewalk .,A skateboarder in the air above his board on a residential street .,A young man jumps up off his skateboard on the street in front of a house .,The guy is wearing a red shirt and doing a aerial flip with his skateboard .,0.6430304584611115
540,755,a905eebd5766d5e8e130794c074e4b49e4aaf8b55c6dfffe94ba88febb153b95,the dog is jumping,a dog jumps over a hurdle.,0.3171457454088521,2.3897308589452457,a black and brown dog jumping over two white and purple stiped poles,A dog jumps over a hurdle in the grass .,A dog jumps over an obstacle .,Black and brown dog jumping over hurdle with white supports .,Dog performing during an outdoor dog show .,2.0725851135363937
541,871,e2255f64c7c7ccc656d335144911a773b3bd2d37f9404866413bf41c7d64cd82,a clear blue sky,a man is skiing down a snowy hill.,0.12888198585036698,0.617567273364932,A hiker ascends a snowy hill .,A man reaches the top of a tall sand dune .,A person is hiking to the top of a hill .,A person walks up a white sandy hill against the blue sky .,The person is wearing shorts and climbing a gray sand hill under a blue sky .,0.488685287514565
542,459,a1d143be1d1c9394b7d4e1122dcc84e99863feac02713f42819b80e39443387e,two little girls dressed as pirates,two young girls dressed in pirate costumes pose for a picture.,0.46063157233514124,1.0798480620861093,A girl dressed in a red dress and another girl dressed as a pirate are playing around .,Girls dressed in red and black costumes hold a wrestling pose .,two girls dress up for halloween .,Two girls in red costumes play together .,Two little girls in red and black costumes are posing for a picture .,0.619216489750968
543,632,d0df23cc87836dbae0feef8858c1edb39303704d9fd85d16c3a281dbc3ee4f22,a small dog running down a dirt road,a black dog is running down a dirt path.,0.9478833871395735,2.794944432134055,A black dog is running along a muddy stream surrounded by fall foliage .,A black dog is running down a path .,A curly clack dog is running down a natural path .,Dark colored dog leaping down a path .,Fuzzy dark gray dog running along a dirt path with weeds on the sides .,1.8470610449944813
544,647,05c4262a0aa2c689e0ff8f6a26578b154bb6a325d20944b69beb873e27080678,a large rock in the woods,a man climbs a rock in the woods.,1.1421585283713844,2.8464185494620162,a man climbs a rock .,A man in green climbs a rock in a darkened forest .,A man scales a rock in the forest .,man climbing a rock,The man in the blue shirt climbs a large rock in a wooded area .,1.7042600210906318
545,580,a62702a029a21435b7519629a99e8d14457d960857b10ea6ee6bf0b3c973b93b,the dog is running,a brown and black dog is running with a blue toy in its mouth.,0.3834088119522877,2.1828682226694793,A brown and black dog fetching a blue toy .,A dog carrying something blue and running .,A dog running with a blue toy in its mouth .,A dog runs towards the camera with a blue ball in his mouth .,A young German Shepherd runs with a toy in his mouth .,1.7994594107171915
546,954,ca09e8a3a3e3f47757fac38ffc7ccd80267e16bd16cab41510a76b382161d684,a baby in a pool,a little boy is playing in a blue kiddie pool.,0.44184531885000883,1.9104895033037432,A toddler is making a splash inside a blue paddling pool .,A young boy wearing blue shorts is splashing is a blue kiddie pool .,Child in blue trunks splashing in blue kiddie pool,"Child in kiddie pool splashes water , sticks out tongue .",The child is splashing water in a small blue pool .,1.4686441844537343
547,235,b661bb8e6e2f580e8f3f87ff74b3e5d4c054e54f4fd9e8abe4f777035d7b7b9d,a woman sitting on a rock,a woman in a red hat sits on a rock.,0.8673973426422392,0.6732536465698412,"A girl wearing a brown cap , red sneakers , and a dark green coat sits on a rock bench .",A hiker in a jacket and knit cap sits with a backpack on atop a stone with a cloudy sky in the background .,"A woman in a knit cap and green coat its on a stone block , looking out .",A woman with her backpack sits on a large rock and looks down over the mountains .,The lady is sitting on a rock .,-0.194143696072398
548,280,153c46c45d889c10d1b34547878be32e9e9374fa9d5e7ccc3e91f12b6bfe983a,three people in a boat,a group of people in a boat with a dog.,0.456987879123884,0.8832540004170414,A group of men in a yellow boat with their dogs .,The men shake hands while another man and dogs look on .,The three men and three dogs floated in the yellow boat .,Three men in team uniforms are surrounding a yellow dog in a boat .,two men huddle around a dog .,0.4262661212931574
549,922,2ff6930a6934b5a8caa2279c589cde48be8e5976939afb5b74f798fe7ae7efae,two men on the beach,two men are fishing on a rocky beach with a boat in the background.,0.5232487828860074,0.7939478443536216,Men standing on shore with fishing pole and boat in water,Two fisherman looking at the water .,Two men holding their fishing poles .,Two men stand near the water with their fishing poles .,Two men with fishing rods are standing on a shore,0.27069906146761424
550,618,023af03c7f0c7b889d41bcedc8c9e6a59f9d7b8224f396066113a32bfd63de94,a person jumping off a ramp on a skateboard,a girl in a black shirt is jumping over a wooden beam.,0.43293067304935495,0.40934072844884617,A man in black shorts is jumping off planks of wood .,A man is diving off logs while wearing all black gear .,A man jumping off of some logs .,A man jumps off a wooden structure .,A man with a black shirt jumps from a wooden plank on a cloudy day .,-0.023589944600508783
551,573,2dccd1fa48240394ffb41c3002eff1455e2f1330c08e185f0120762ab11bafca,the sky is clear and blue,a group of people are standing in front of a building with a red ribbon in the air.,0.0,0.03160337359157376,An Asian girl performs a routine with two red flags in a square .,a person waving long red flags,A woman plays with long red ribbons in an empty square .,Lady waving two long red streamers around,Two people work with long ribbons in a Chinese courtyard .,0.03160337359157376
552,293,1bbf1ba2d4d35df126ca9cd8101c1ea46147f4494dfc3fd158487a7b710741af,a man in a yellow shirt,a man in a yellow shirt and white hardhat is climbing a rock face.,0.0900025655622356,0.7956891399194921,a climber is between two large red rocks .,A man squeezes between two rock formations .,a man wearing a yellow shirt and white hardhat stands inside a crevice between two rock faces .,A rock climber standing in a crevasse .,The rock climber appears to be stuck between a rock and a hard place .,0.7056865743572565
553,538,5bafcd3134783308f61f54384dbcb681ad297ee2c0fe8a12f68e0110606c38be,a baby sitting on a couch,a little girl in a pink striped shirt is sitting on a brown couch with a black dog.,0.6501495519266467,0.4348941533978119,"A baby in pink , striped clothing is sitting near an older lady wearing red and black .",A baby sitting next to a very old woman .,"A baby with a pink outfit on has a pacifier , and she is on a chair with another woman .",A woman in a red shirt is holding a black dog on a brown sofa with a little girl wearing a striped onsie with a pacifier in her mouth .,The baby sitting next to the black dog is sucking a pacifier .,-0.2152553985288348
554,178,82be3cb1a0b93e2d3120f5dbe5ee2b7e9b538f3acc03119b992d2f9d170379cf,a fish jumping out of the water,a fish is jumping out of the water.,2.6515314754196417,3.791612177197705,A green fish is jumping out of water .,A large fish breaching the water 's surface .,A large green and blue fish leaps from the water .,a large green fish jumps out of the water .,The large green fish is jumping out of the water .,1.1400807017780634
555,516,fd725ac2a9164dbdd277a642f8965bc770de2a19e05ba7f2b1afc9c4d5540223,a group of children,a group of children raise their hands in the air.,0.5036820467214991,3.42479989097355,A group of children are raising their hands in the air .,A group of kids singing and putting their hands in the air,Little kids stand together and raise their hands in the air .,Little kids with their hands in the air,Some children are raising their hands and clapping .,2.921117844252051
556,680,b2ef50305e40a8d66f6c9744fee3ccadc51dc3d2ecd98f88bd28d5ed087c68b6,two dogs playing in the snow,two dogs play in the snow.,3.3868754505149097,2.222979521557645,The dogs are in the snow in front of a fence .,The dogs play on the snow .,Two brown dogs playfully fight in the snow .,Two brown dogs wrestle in the snow .,Two dogs playing in the snow .,-1.1638959289572646
557,981,33433e61bf63a8434fe7a48638abaedbaf38b54bcc31abcd0df1c9671a344286,the people are enjoying the day,a woman in an orange dress is sitting on a carnival ride.,0.0006592506013787134,2.4934724788670275,A lady in an orange dress rides a ride at the fair .,A woman in an orange dress riding a carnival ride .,A woman sits alone at a carnival in a lift .,A woman wearing an orange dress makes a face while riding above the fair .,The woman is wearing an orange dress riding on the ferris wheel .,2.492813228265649
558,229,a8bfaacc571e7189d1e08a85fcf3a260ef5abf15a626061cd6858c23e565433c,the dog is brown and white,a black and white dog and a brown and white dog are playing with a tennis ball.,0.18190038537456293,0.2822489415211592,A little white and black dog is leaping over a big brown dog 's head in a field of green grass .,A small dog lands on a big dog trying to get a disc .,A small white dogs leaps over the back of a larger dog to chase his toy .,Two dogs are playing in a field of tall grass .,White and black dog jumping over red haired dog in grass .,0.10034855614659627
559,353,654827ddc2c375ab8f08bcd51795c58570efbd545648fcaf3faff84471dcbe90,mountains in the background,a man is riding a horse in a field with mountains in the background.,0.20583626471367703,1.4714125089529806,A man on horseback on a grassy field in front of mountains .,A person on a brown horse in a prairie in front of tall mountains .,A person riding a horse with a mountain range in the far background .,A rider on a horse in front of a mountain range,Distant horse rider on plain in the middle of brown mountains .,1.2655762442393035
560,84,9592065bdc721f3e4291d7d63cbda3f10bfb010e48e389582e3c40bbad375a9c,a dog is tied to a yellow car,a black and white dog is tied to a yellow car.,1.136105099757204,1.7528123279011494,A basset hound is leashed to the rearview mirror of a yellow and white vehicle,a black and white dog tied to a yellow and white van,"A dog , lying down , tethered to the side mirror of a yellow VW bus .","a dog with black , white , and brown coloring is leashed up to a mirror",The black and white dog is tethered next to a yellow car .,0.6167072281439454
561,607,44d957742ec6592cc4be3381527877ac4911d4ceb40481083a61ed28d6f24149,the boy is running,a boy in a black shirt is running.,0.43110231319012177,1.421454774249611,A boy in a blue shirt runs while smiling .,"A child in a black shirt , running .",A little boy in navy blue is running very fast .,A young boy in a dark blue shirt runs as the grassy background blurs .,A young boy in dark clothing with a smile sprints .,0.9903524610594894
562,668,cc45e4ac3dca8b103f4ed90b1c0b76f228758f9185f37bc5a57b0d10d2023b70,soccer player jumping in the air,a soccer player in a black and red uniform jumps to catch the ball.,0.5629910134887168,1.1973392776177745,A man in a red striped soccer shirt heads a ball .,A man in red and black is hitting a soccer ball with his head .,A soccer ball is above the head of a man wearing black shorts and red and black striped shirt .,A soccer player in black shorts is jumping into the air .,The person in the red and black uniform has a ball above her head .,0.6343482641290576
563,559,acfdbbd031654e60e25e47ba2477bdbf4bb389d22d15dbc62dc1ac897c428037,a little girl running on the beach,a little girl runs on the beach.,1.3117913246971984,2.3502037969719396,A little boy runs away from the approaching waves of the ocean .,A little girl runs across the wet beach .,A little girl runs on the wet sand near the ocean .,A young girl runs across a wet beach with the ocean in the background .,Child running on the beach .,1.0384124722747412
564,870,2772f31f0332466e877898190179fa847dd1bd4a0ba3afd0d1587725e0bc7097,a boy on a surfboard,a boy in a green shirt is sliding down a blue slide.,0.16790673073181628,0.8874566352944385,A boy in a green shirt above something blue .,a small boy getting tossed into the air,A young boy jumps around on a blue mat with a half-smile on his face .,A young boy plays in front of a blue object .,The boy wearing the green shirt is climbing on a blue inflatable .,0.7195499045626222
565,686,818755284547d715587db815f7c6afc38dd77be8063edce20ad343294c383a91,the dog is brown and white,a brown and white dog is standing on a trampoline.,0.4269344524132045,3.1976023017530277,A brown and white dog on a trampoline with a forest in the background .,a brown and white dog with a red collar getting on a trampoline,A dog gets on a trampoline .,dog with a red collar on a trampoline,The brown and white dog is standing on a trampoline with its tongue hanging out .,2.7706678493398234
566,282,44b94631418408c22d646410e9eeb822bd709e776769c7ab8a7027dc82a141e8,a white car on the road,a white race car with smoke coming out of it.,0.30167151035066003,1.20327754334751,A race car blows smoke while it drives .,A race car drives on a track while several people watch from behind rope .,A race car screeches through a turn as spectators watch .,A sponsored race car is spinning its tires on a track while being watched by spectators .,Onlookers watch a white stock car that has smoke coming out of the back .,0.90160603299685
567,522,3f796644423f1b9d3e8f3b91240a6acef17db1a43b850d1cd644d36c60a8e090,a group of people sitting in chairs in a room,a little girl in a red dress is sitting in a crowd of people.,0.3673396170082944,0.6779774251068015,a girl in a red shirt looks at her mom in a crowd of people sitting in white plastic chairs,A group of people are facing away from the camera .,A group of people with their backs to the camera and a little girl facing a lady .,A little girl looking into a females face in the midst of a crowd .,A young girl wearing red faces the opposite direction from the rest of a seated audience .,0.3106378080985071
568,438,a9e80004693eb9af41760b972c6ecc887731c1b01c50547cafd092cda8a84a2c,the man is wearing a white shirt,a man in a white shirt is fighting with a man in a red mask.,0.02784478125104276,0.15607381277791652,A boxer is being examined in his corner by a member of his support team .,A boxer with a red helmet has water sprayed into his mouth by his coach in the boxing ring .,A man in a red helmet has water squirted in his mouth by another man in a boxing ring .,A trainer giving water to a boxer in the corner .,Man spraying water into boxer 's mouth .,0.12822903152687376
569,160,32f68812c1c7863e353f6c48bc884b7a9d0d856912ecb6e2ecb654a2b20b0586,the boy is wearing a plaid shirt,a woman kisses a boy ' s cheek.,0.021867627108961778,0.08415861734504045,a boy is kissing a woman on the cheek next to a girl who is wide eyed and sticking out her tongue .,A mother and two children are posing with funny faces .,"An adult with two kids , one child making a face and the other kissing the adult 's cheek .",Boy kissing woman and girl sticking out her tongue,"Mother with two boys , one acting goofy and the other giving her a kiss .",0.06229099023607867
570,74,a3a056bdae66342cb1c5bebc0d6ce912d2cf9ea1bc6140a64511f72cd5c02713,the sky is blue and white,two children are playing in a park.,0.0004646117446650506,0.1862066274272849,Boys kicking soccer ball in the grass under a tree,Two boys are kicking a ball to each other in the park .,Two boys have made a goal out of two jackets in order to play soccer .,Two boys kick around a ball in a meadow .,Two kids play soccer in a field .,0.18574201568261983
571,733,3e5fa1fc0c9e6f61a93e91316cc97d20cec6a255557ad9bb183d4d91ebeca1b9,a man on a skateboard,a group of boys are posing for a picture on a bridge with a statue of a soldier in the background.,0.00042483743318971637,0.7283030905350631,A group of tourists stand around as a lady puts her hand near the mouth of a statue .,A woman is making a statue pretend to kiss her hand beside four boys at a bench .,A woman posing with a statue alongside a group of boys,A woman with a backpack leans again a statue while a group of boys sit on a bench talking .,Woman gets her hand kissed by living statue street artist .,0.7278782531018735
572,938,7a18013b2aa42b0c5a5ccd045b634a60d97cc2e983f58247401241ef2a453bab,a white dog running in a grassy field,a white dog is running through the grass.,0.7810723471247147,1.6019386567439762,a muzzled white dog is running on the grass .,A white dog with a muzzle is running on the grass .,A white dog with a muzzle is running through an uncut field with a fence nearby .,A white dog with a muzzle trots on grass in front of trees .,White dog with a muzzle running in the grass .,0.8208663096192614
573,969,d80abc3e18723c6a6efa2663fc64831cce4b2f15ce047cb9b1c246827fcc0d86,a black and white dog jumping in the air,a black and white dog is jumping up to catch a ball.,2.565240546531366,1.1773845509001593,a black and white dog jumping in the air to catch a Frisbee,A black and white dog jumping in a yard .,A black dog jumps for a Frisbee in a backyard with a white fence .,A dog catches a flying disk in a yard with a tree .,A jumping dog in motion .,-1.3878559956312069
574,200,db712f1d55878dbcee399ff76da3250cf379fe85d36694e6871bf65653c37480,a woman and a child playing in the ocean,a woman and a child are standing in the surf.,0.9871938412567796,0.660068590728458,a boy and a woman walk into the ocean .,A toppless woman holds hr naked child 's hand while they stand in the ocean waves .,A woman and a naked child wade into the ocean .,A woman holds a baby 's hand and walks in the water .,A woman in bikini bottoms stands in the surf holding the hand of a naked baby .,-0.32712525052832153
575,757,760f07de3530355d0624224dfa211d207508b6978d77cc3eb4b8f412639f7008,a man and a woman laying on a rocky beach,a man and a woman are laying on a rocky beach.,0.31659827153126197,0.3493022479173335,A laughing woman leans on the legs of a sitting man while lying on a bed of pebbles .,A woman and a barefoot man lay down on rocky terrain .,"Laying on stones , a girl with messy hair has her head on the boy laying next to her .",The two people are lying in gray rocks .,"Young man and woman stretch out on stones , packages in foreground .",0.03270397638607153
576,517,d0b22aaea6579244c81fd58fdcac75919056708ed678683b0e80198c6960b616,a snowboarder in the air,a snowboarder in the air.,0.6516113423933148,0.6516113423933148,A man in a white coat jumps a snowboard .,A person on a green board is snowboarding in midair .,a snowboarder,Someone on a Nitro snowboard in midair and another person on the ground behind them .,Two snowboarders in a snowy scene .,0.0
577,754,32a88c3e9d50095fd76538856fada0592464ae07dee686439d745995fbe42e4a,the horse is black,a man leads a black horse down the grass.,1.137771118902422,1.7435033765498424,A man in a brown jacket is leading a black shire horse .,A man walking a large black horse .,Man in brown jacket leading black horse,Man leads a black show horse as crowd observes .,The man is walking with a draft horse,0.6057322576474204
578,979,b037dc9735121f2fd45e594f4c5828ce61eb9bb5bed7bc176c40cadd863c91c9,a woman sitting on a couch with a dog,a dog is being held by a woman.,0.20798528731451044,0.20487465145272474,A smiling woman punching a dog .,A tan dog licks a girls hand while laying down .,A woman dressed in green is playing with her tan dog .,The girl with the green scarf and the white dog appear to be playing .,The light brown dog with white spots is nibbling on the girls hand .,-0.003110635861785699
579,295,4df08517c147b94de286a28584094a875e3ed98c11e86eed32dc0e6a3e64637b,a boy walking on the beach,a boy in a yellow shirt is carrying a surfboard on the beach.,0.6822402610152691,3.044173030413331,A boy in a yellow shirt is walking on a beach holding a surfboard .,A boy in a yellow shirt walks with his surfboard out of the ocean .,a little boy at the beach with a surfboard,A young boy in a yellow rash guard is walking on the shore carrying a surfboard .,a young boy wearing a yellow shirt walking on the beach carrying a surfboard,2.361932769398062
580,423,91686704d3a57ead1d09b16306aa019f788c33af9fe9f2f0aef4fa8e7c5ff546,a group of young boys playing soccer on a field,a boy kicks a soccer ball in front of a goal.,1.0478367527053218,0.8967222166565838,A boy in a green uniform is kicking a soccer ball in a game while two others stand behind him .,Boys play soccer near a goal post .,Some children are playing soccer on a sports-field by the goal .,The little boy gets ready to kick the soccer ball .,three boys play soccer .,-0.15111453604873804
581,118,9d28d1da3a6e74b4d3f6d3e4c7a5aa20c2fc9217dfa2af0c286d92ae7578b955,white clouds in the sky,a hiker is walking up a rocky hill.,0.09070645110368261,0.6716735835379762,A hiker makes his way downhill .,A man carying sticks descends a rocky hill .,A man is hiking on a mountaintop on a cloudy day .,Hiker walking along high rocks in front of a blue sky with puffy white clouds .,The man in a blue sweater is climbing down the rocks,0.5809671324342937
582,337,d19769f65c9501f2676e8c6b5c1c33a84bf543978267b6db63463f13e9ff1094,a crowd of people,a woman wearing a red sweater raises her arms in front of a crowd.,0.07945471003562454,1.2676657244952758,a closeup picture of a girl with long black hair and one hand raised in the air .,A lady with dark hair dressed in red clothing with left arm in the air .,A woman in a red shirt with her arm raised .,A woman in a red sweater raises her hand in a crowd .,a woman raises her hand .,1.1882110144596512
583,985,f72d00b10fec028fd7c8fd444b78bf286fde825d06edc29bc0e5509fa2cf7f4a,the water is blue,a man sits on a rock overlooking the ocean.,0.26326822988135484,1.8067032390709126,One climber is sitting on the rock overlooking the ocean whilst another climber is on her way up .,Two people are on a rock overlooking the ocean,Two people climb a rock overhanging water .,Two people climb rocks over some water .,Two people rock climbing near water .,1.5434350091895577
584,947,f326d545584cdd1b793d326828a2bdf2d29980252e24d6dabe4ea04344a8403b,a dog on the beach playing with a ball,a brown and white dog is playing with a ball on the beach.,2.111441849122217,1.977027105813887,A brown and white dog is standing on a beach with a tennis ball beside it .,A dog is on the beach near a ball .,a dog on the beach .,The brown dog is standing next to a ball on the beach .,The dog stands in the sand near the ocean .,-0.13441474330833003
585,215,f61d60aa10e5ac1e9055ca32b21d617d65f22a210d301923890b25b54fa45589,a man wearing a hat,a man wearing a black hat.,0.4699884154195086,0.5459711930721923,A man in a black fedora smiles at the camera .,A man in a hat posing for a picture .,An older man in a weathered fedora smiles slightly for the camera .,An old man with blue eyes wears a big black hat .,"The man is wearing a black hat , a beige shirt and has his sunglasses hanging off the shirt .",0.07598277765268374
586,924,bde2b46cacf25d0960552eeee3cb0dbc78c5bbc132f6bdc818653fae565822ba,a young boy standing on a red playground structure,a young boy in a red shirt and black pants is climbing on a red playground structure.,0.41517326029602186,0.40033587978572654,A little boy in a red jacket plays on a jungle gym .,A little boy playing on a playground .,A small black child plays on an outdoor jungle gym .,A young boy in a black sweatshirt and red vest plays on a red jungle gym .,boy playing on some metal bars,-0.014837380510295317
587,54,b679694adef4851e3cdbb8fbc013682176effcb9660e1a15f8e1e2fa9397526f,a dog playing with a blue ball in a living room,a black and white dog jumps to catch a blue ball in its mouth.,1.877053684084654,2.5150625820217782,A dog on two legs with its mouth opened toward a blue ball in the air .,A white dog catching a blue ball,A white dog jumps to catch a blue ball in a living room .,The dog is jumping in the air to catch a ball .,"Two dogs in a family room are playing , one is catching a ball in its mouth .",0.6380088979371243
588,880,ad77aa04a023f9a2ce5593a17fb6b8a6c676709d4bed9bac61e6e1870409144c,two dogs playing in the grass,two black poodles are playing in the grass.,0.28609845543363366,1.3243612909107605,A black and gray dog,two black dogs fight .,two black poodles fighting .,"Two black poodles playfully tussle on a grassy , manicured lawn .",Two small black dogs facing each other with their mouths open .,1.0382628354771268
589,737,8e30ff71b0c4d79f79133f9f7484603383f08e65c6ba2e33b89848adfae0a7cf,a young girl swinging a bat at a baseball game,a girl in a purple and white uniform swings a bat at a softball game.,0.3521851632636429,0.6883076392396907,A child wearing black and purple playing baseball .,A girl closes her eyes as she swings the bat and misses the softball .,A girl playing softball takes a strike .,"A girl playing softball , taking a swing .",A softball player swinging at a softball and missing it .,0.33612247597604783
590,847,c1b3d905e81a09b2be7895196b8dfbadc00d229ce01bd0085f48a5948dc8801c,a woman in a green dress,a woman in a green dress stands in front of a group of people.,1.8857450409351246,1.0965502772894489,A blond girl in a green dress and elaborate gold necklace stands in front of a few women and a man .,A few people with a girl standing up in the center wearing a green dress,A girl is wear a green dress .,blonde girl wearing green dress standing,Woman in green dress being observed,-0.7891947636456758
591,643,700d07aae76eb4ada7489b49a786b7a28a19ed447687e2a482bd167a42754937,a man on a climbing wall,a man climbing a wall.,1.1902499181381927,0.852792524865841,A man in a green shirt climbs an indoor climbing wall .,A man in a green shirt is climbing an obstacle course .,A teenage boy climbs an indoor climbing wall .,A teenager climbs a rock wall .,Someone climbs an indoor climbing wall .,-0.3374573932723517
592,765,63fb0131a0ca544288a1463b34ab546dedc55c80ea6cc4ff78d7a38138a290b9,two people in the snow,two mountain climbers in the snow.,1.0141962875399284,0.464704720546825,a skier helping a fellow skier get up from the snow,One climber helps another in the snow .,One mountaineer is kneeling on the ground next to another mountaineer who is standing .,two hikers in the snow adjusting rope equipment,Two people are hiking in the snow .,-0.5494915669931034
593,446,9cd9bd89144ca6a27fdc5a0675e871309dcb94ccc8681ed8e1f61942a2357558,a woman wearing a helmet,a woman in a blue uniform slides into home plate while a player in a black uniform tries to catch her.,0.042077054390142365,0.20730265747616577,A girl in a blue and white uniform tags someone in a black and red uniform .,A girl is catching a baseball before an opponent touches base .,A woman in blue has a yellow ball in her mitt .,Girl in blue tries to get a base runner number 11 out during softball game .,Two people playing ball on a field .,0.1652256030860234
594,284,8bcb6ebe1165cc255913fde8d0c85eb12463fa829aabf73db45379ed89d55fcb,a small dog running through a field of tall grass,a white and brown dog runs through the grass.,1.7875457600037217,1.6507822219562698,A medium sized brown and white streaked dog is running through tall grass .,A single tan-and-white dog dashes through tall green grass .,A small brown and white dog running through tall grass .,A small dog runs through a grassy field .,A white and tan dog runs through the tall green grass .,-0.1367635380474519
595,897,a2942fb7c74f1d6535b4426801b7b82412376a3a1a3063de402a125b46eb2219,a clear blue sky,two people sit on a grassy hill overlooking a body of water.,0.03634367010794732,0.2642796564108486,Two men sitting on the bank of a lake with an ice chest .,Two people having a picnic by a lake .,Two people having a picnic by the shore .,Two people sitting on grass in front of a lake looking at the sky .,Two people with hats looking at a lake while sitting on a yellow-grassed hill .,0.2279359863029013
596,874,cc722fb4c5c417e3b37b15b4390fffe667648deb08ab01ae6a545d11aeba36fc,a dog running in the snow,a dog runs through the snow.,0.8923865704084919,0.8269937663453304,A brown dog carries an object in its mouth on a snowy hillside .,A collie running through the snow .,A Sheltie dog carries a white-colored toy in its mouth as it walks across the snow .,Dog with a toy in the snow .,The dog wades through deep snow with something in its mouth .,-0.0653928040631615
597,99,fda0d67d9fa037e1678bbdcd8e0dee961e60572dfd14b05c40cd8def88ed3027,a man laying on top of a large rock,a man in a red shirt is sitting on a large rock.,0.3269084811682518,0.812737168918791,"A man rock climbs up a very tall cliff , with a blue rope behind him .",A man wearing a red shirt is climbing up the rock wall .,"A young man climbs a mountain , another follows below .",Man scales rock .,The climber in red is leading climbers up a long rock face .,0.4858286877505392
598,139,7154722d2e3387f7e222a0f7bd7498484b821f974cbd0bde4d6a7a1f58968096,a garage door behind the girls,a girl in a black shirt and a girl in a black shirt are sitting on a green and red ball.,0.07092560131865785,0.059431948592183904,a boy and a girl bouncing on a ball,The children are wearing black tights while hopping .,Two children dressed in black bounce on red and green bouncy balls in a garage .,Two kids are bouncing on colorful balls .,Two young children bouncing on balls .,-0.01149365272647395
599,926,770e0220c69cfa804342011edb0a3a279131d7406007a6907dae3cf9df8119a2,a brown and white dog,a brown and white dog is walking through the grass.,0.48312020762511726,0.45328576585100566,A brown dog walks in the under brush .,A dog pauses in the bushes .,a dog runs through the long grass .,Brown dog with mouth open standing amidst greenery .,brown long-haired dog in garden .,-0.029834441774111597
600,320,a0c7e26ebf482665367e40241c6c4272af6f323a5a7321ec952616c1e7cac8ec,a man eating a piece of food,a man in a red hat and sunglasses eats a snack.,0.07562113134023751,0.8082761692726425,A man in a red baseball cap eats a chip .,a man wearing a red hat has a potato chip in his mouth,A man wearing sunglasses and a red cap putting a chip in his mouth .,A man wearing sunglasses and a red hat is opening his mouth wide and eating a chip .,A man with sunglasses on puts a chip in his mouth .,0.7326550379324049
601,246,ed5bfd24b2f1d9367d762302bbf48e3a94b5c6e4860d84f508e42c56747dcb73,the water is calm,a man is fishing in a river.,0.003742866497599875,1.6849442280194014,A man is fly fishing Alon in a stream .,A man is wading in a river .,Man fly fishing in a small river with steam in the background .,Person fishing in river .,The man is standing in the river next to smoking grass .,1.6812013615218016
602,23,1a2ffd2ed7bf0459a499e1400727cddc13a07fe61280b1381cec46141971ae43,two people playing golf,two people are playing golf in a field.,0.41726285022971976,0.8299289677822694,"One man in red shirt and black pants with a man in white shirt and tan shorts , golfing .","Tree in the foreground , two men playing golf in the background .",Two golfers are standing on the fairway looking off into the distance .,Two golfers look off into the distance with hands blocking the sun .,Two men looking into the distance on a golf course .,0.41266611755254967
603,191,29f1e90cfecd33e6002a7199d587988f0b9fcec621d7defbd66c8a31ebba71e1,snow on the ground,a black and white dog runs through the snow.,0.368541641690156,2.452870916500708,A black and white dog is jumping in the snow at a park .,A black and white dog running in a snowy park .,A black and white dog runs over snow by a tree and bench .,A small white and black dog jumping in the snow,Black and white dog running in the snow .,2.084329274810552
604,505,071d7b22a7a32eaff3ef8e1031daec6bd9811d9e6ca2d855b8100514ee4c0693,the boy is wearing a green jacket,a boy in a red hat kisses a girl in a green jacket.,0.24607717505599946,0.25251627143713723,A boy is whispering to a girl wearing a red and white hat and scarf .,One person is whispering to another .,The boy is whispering in the girls ear .,The child in the red and white hat is listening to the child with the brown hair and green jacket .,Two children standing very close .,0.0064390963811377655
605,264,a77a50189c8bb10dd07cd9c1e53a43b8c29ad341e145dc29cd22d0042e6cb0d7,a little girl in a green tutue,a little girl in a white shirt and green tutu smiles at the camera.,0.19888784956743163,0.4433000573472785,A young girl is in a teal colored netted skirt and wearing a shirt with a peace sign .,A young girl smiles while wearing a teal fluffy skirt .,a young girl wearing blue smiles .,The little girl is running and laughing .,The little girl is wearing a white T-shirt with a peace sign and a sea foam green tutu .,0.24441220777984687
606,824,a226efe35d4d3b0784f5e6695636e79df3a88799de7ef8bc88d27f5ea56cf109,a wave in the ocean,a man in a black wetsuit is riding a wave on a surfboard.,0.5879298344134426,0.7049552985931186,A man dressed in black is surfing on a large blue wave .,A man rides a surfboard through rough white and blue water .,A surfer catches a nice wave in the ocean and tries to pull himself up .,A surfer is riding a wave .,A surfer rides the waves .,0.11702546417967596
607,465,239901b82acec70104f3b4035c49b8c612046e10c940bb7a22fff6ffeb4ad79f,a black and white dog standing in a field,a black and white dog is standing in a grassy field.,1.5622035707861066,2.2817346049922365,A black and white dog looking up .,A black and white dog stares up into the sky on a sunny day .,"A dog in a grassy field , looking up .",A dog looking up in a grassy field .,The black and white dog is running on the grass .,0.7195310342061298
608,792,b45a2e87dde42f1237b26f45db541c92ceb777f766609347590c5cafe882929e,a group of young people dancing on a stage,a woman in a colorful outfit is dancing on a wooden floor.,0.4028498003079848,0.21778492279896677,Girls dance in colorful outfits .,"The girls , standing in a spotlight , are dressed in multi-colored outfits .",Three girls in colorful outfits are dancing under a stage light .,Three young girls in bright colored clothing are performing in a play .,Women in multi-colored outfits are performing on a low light stage .,-0.185064877509018
609,610,d192af0da012cea1b4ababc3f138967cfc5c933a7a243419ecc908c297809a77,a little girl brushing her teeth,a little girl in a pink dress is brushing her teeth.,0.072804070345575,0.7541826472200828,A girl in a pink dress blows bubbles on a wharf .,A girl wearing a dress is blowing bubbles at a dock .,A little girl blows bubbles in a courtyard with a ship in the background .,Small girl blowing bubbles outside .,The girl in the pink dress is blowing bubbles on a walkway in front of a black ship .,0.6813785768745078
610,636,fbbb0c5312685b06ebb6453c35428f6a1cdd17b285ea1b84fe612a90526eec06,a small dog running through a field of tall grass,a brown and white dog is running through the grass.,1.870207871955642,1.3581242856886246,A little white and brown dog runs through brown grass .,A small dog runs through a field .,Brown and white dog runs through brush .,Small dog running through a field .,The dog is running full speed through the meadow .,-0.5120835862670174
611,653,6cccb5c8f60bbff54961ed6cb8634c66380e257545b255dbec976ee03b1f22d6,a group of people and a dog in the snow,a group of people and a dog pose for a picture in the snow.,0.5805197541539985,0.4835799386382015,A group of people on skis with two dogs .,A man dressed in a horned hat poses for a picture on skis with three other people and a dog .,"Four people holding each others shoulders with a brown dog in front of them , standing on snow .",People dressed in costumes are on skis .,"People , some dressed in costumes , and dogs on a snowy mountain .",-0.096939815515797
612,801,ef05c653b2d9569441163bc7b3b513f5318bd867ef6890ee92c69044f05cb4d2,two women in bikinis,two girls in purple and gold costumes pose for the camera.,0.7361659651371356,1.0571784602794692,Two girls dressed in costume with purple flowers in their hair strike a pose for the camera .,Two showgirls are posing together .,two woman are showing different facial expressions and wearing gold and purple costumes .,Two women in purple and gold dance outfits are posing .,Two women in sparkling bikinis are posing,0.32101249514233354
613,520,62ad46c3246af6c7730a1d61d41ecd6e195477e2b681abc34fe61db5d3cfdfb7,a man in a costume,a man in a yellow and green costume dances with a man in a green outfit.,0.0388077525582338,0.03571623128661683,A man and a woman in festive costumes dancing .,A man and a woman with feathers on her head dance .,A man and a woman wearing decorative costumes and dancing in a crowd of onlookers .,one performer wearing a feathered headdress dancing with another performer in the streets,Two people are dancing with drums on the right and a crowd behind them .,-0.003091521271616972
614,436,d63442a4f0f10a89102e54b1f44244b08b7943fede43c771c80ba3868ce5265a,a man in an orange uniform holding a football,a football player in an orange jersey is holding a football.,1.8086870887651747,2.1643336011455734,a football player wearing an orange jersey holding a football,A football player wearing an orange uniform smiling and holding the football .,"A man in an orange jersey with the letter "" 12 "" on it plays football .",A University of Miami player holds a football .,Number 12 in orange gets ready to throw the football .,0.3556465123803987
615,430,4d27e6e618da6cfe4d01f065d103a062019a9beb0efd1064ee8cb31e82e3666b,a dog in the water,a brown dog swims in the water.,0.5238271695541165,0.42810241849808284,A brown dog up to its neck in water,A dog is almost all the way in the water and takes a drink .,"A dog , possibly a basset hound , stands nose-deep in pond water .",A large dog wades through shallow water .,The brown dog is taking a drink while wading in the water .,-0.09572475105603362
616,262,084d25e7b1782823b51f749e2adbb58866f83e1c2547eb5d5b61279782139c3e,the dog is black,a black dog is drinking from a pond.,0.179193019996994,0.247743378195151,A brown dog wading into a marshy pond .,A dog on the edge of a body of water .,A dog walking into a lake with reeds in the background,A dog wearing a blue leash walks into a body of water .,A large brown dog leans into the water from the grassy shore .,0.068550358198157
617,242,cd946177cc1a8e6f65d95d5128d41fc64b7659b5421833026db191cf261978ce,a black and white dog,a black and white dog jumps in the air to catch a frisbee.,0.39474644476894494,0.738176635731853,A black and white dog catches flying discs thrown by a man .,a black a white dog catching Frisbees thrown by a man in a white shirt,A dog jumps for a Frisbee at the Purina Incredible Dog Challenge .,A man is throwing freesbies into the air and the border collie is catching them in the air .,Man in white shirt tossing Frisbee for black and white dog who has a white Frisbee in its mouth .,0.34343019096290806
618,698,667cb778b31e595190c2f6d04745caedb8302c7bfeb30867d48c793744d54465,a young man doing a handstant on a skateboard,a boy in a yellow shirt is doing a handstand.,0.23071181703065718,1.616661448672581,A boy doing a handstand in a yellow shirt,A boy is brake dancing as a crowd watches .,A man is standing on his hands on a sidewalk while others watch .,A man is standing on his hands with lots of people around him .,A person doing a handstand in front of others .,1.3859496316419238
619,822,4a621c7f9a0ede237145908cbd89eaa0c819fa14647f0722814471b4af19eb99,a group of soccer players posing for a picture,a group of soccer players pose for a picture.,0.8748469442940597,0.6584724293171271,A group of players on a team are posing together .,a soccer team poses for a picture .,A soccer team wearing red posing together .,A sports team poses on the field .,Sports team poses on field with crowd in the background .,-0.2163745149769326
620,656,ff37051242e566d4dfd768ecae732afc3aca1f64e77552f708b6629ce4e83c9a,two children playing in the grass,two children play in a sprinkler.,1.3391813471484102,0.45331414051721586,"Children with painted red faces being sprayed with water , on grass .",The two children are being sprayed by water,Two children playing in a spray of water .,Two children standing in the grass being sprayed by a hose .,Two indian children are being squirted by a jet of water .,-0.8858672066311943
621,594,1da9afe104898034c2c4164ef8a164598e6f5fd580da41570c6390b0f96473f5,two dogs playing with each other dogs in a field,two dogs are playing in the grass.,0.2441783280180938,0.5927312701828599,A big brown dog chases a smaller white dog around in the grass .,A terrier dog and a mixed breed dog playing .,A white dog and brown dog fighting .,The white and brown dog are playing in the dead grass .,Two dogs paying attention to each other .,0.34855294216476607
622,907,72ef759b50fce4234c6f1fcbafd7a480cfc0aab911b386d5be4d2a5023338b33,a woman flying through the air with her hair in the air,a girl in a pink outfit is flying through the air.,1.0099024892809707,0.7559557041591896,a girl in a pink top is swinging with her hair flying everywhere .,A girl is swinging .,A girl is swinging and looking down with her hair flying .,A girl 's hair streams behind her as she swings,A girl with long hair flying in the breeze while she swings .,-0.25394678512178115
623,486,fcb4f901d1f403cd6527ea179f1b00043a965b946fc07125ac1488227e1121f4,a group of people sitting in chairs,a group of people are sitting in rows of chairs in front of a screen.,0.19989356017565274,0.3223279597897284,A class full of students .,A classroom of students watching a presentation .,A conference is being held that involves laptops and big screen presentations .,A group of people are at a conference watching a slideshow .,A man is giving a presentation in front of a lot of people .,0.12243439961407565
624,103,da4977a7859787d2fa976e70c79b6e45c08c4f6f46b27b2172dadbb924ae0258,a clear blue sky,a person is rock climbing.,0.054151486328710474,0.9369753797047224,A mountain climber looks down from the summit,A person is rock climbing between two large rock faces .,A rock climber climbs in between two very large rocks .,A rock climber leans out from a crag against a deep blue sky .,Two large mountains stand high in the air as a person tries to climb one .,0.882823893376012
625,414,6146e30a2883cd0d99132eaf085859bb17294d26c55708cb8ec654737f5c0da8,a man wearing an orange and white uniform,a football player in an orange and white uniform is catching a football.,0.023485761991109994,0.37207177138955927,"A holder and kicker for a football team dressed in orange , white and black play while onlookers behind them watch .",A kicker launches the football forward while the holder checks his fingers .,The football player wearing a white helmet and orange chairs swing his leg while the player next to him kneels .,Two football player are in the kick off position in front of a crowd .,Two young men on the same football team are wearing orange and white uniforms and playing on an outside field while coaches and other players watch .,0.3485860093984493
626,327,c955892d7af57269f3e04f99dc31e021d8598772625a465c1e46a08063536be5,the boy is wearing a striped shirt,a young boy in a striped shirt stands in front of a picnic table.,0.5576085092016153,1.4945601490365727,A boy hiding behind a tree,A boy in a striped t-shirt is standing by a tree in front of the picnic tables .,A little boy in a striped shirt is standing behind a tree .,A young boy in a striped shirt is leaning against a tree while another child sits at a picnic table .,"Two boys in a park , one standing near a tree and one sitting at a picnic table with the playground behind them .",0.9369516398349574
627,104,64dbdf6d2e1659fc45e3a11e8f6e8cc4f520dcf4eb26e0c57bb9af3e0a7c70bf,shadows on the grass,a man and a child are sitting on the grass in a park.,0.20564499297691363,0.4086740685577419,Two boys in a field kicking a soccer ball .,Two children are playing with a soccer ball on grass .,Two children playing with a ball on the grass .,Two children play soccer in the park .,Two little boys are playing outside with their soccer ball on the green grass .,0.20302907558082828
628,844,3515eb6950392a71d22b27fafb9df834ff7d4ea4bfdd5d0dd31b2fdb8be3b656,a young boy playing with a ball in a park,a young boy in a purple shirt throws an orange ball in a park.,0.9234151327869968,1.5536824923726853,A boy in a park playing with two orange balls .,A boy in a purple shirt tosses orange balls on a lawn .,A little boy in a purple shirt and blue shorts playing with orange balls .,Boy playing on the grass with an orange ball .,Little boy juggling orange balls in the park with a playground behind him .,0.6302673595856885
629,906,45ef076c6b47aeb1ca923d8a19a1ad70dacf9e3df4e42df2f9f45e24502c3584,a man riding a skateboard down a street,a man and a woman are sitting on the back of a silver car.,0.24382784229612176,0.21286629358142337,A man sitting on the left near a man walking along the side of a street with colorful buildings .,A man walking by a sitting man on the street .,A man with dreadlocks and a backpack walks down the sidewalk with colorful buildings in the background .,A white man with dreadlocks walks down the sidewalk .,Two boys are on the sidewalk as cars pass by on the road .,-0.03096154871469839
630,841,c9fc08caa9e28004c0ede2f20343a0980938a787d084b6a635d64bacd6de58fe,a boy jumping in the water,a young boy jumps into the water.,1.0387335640005069,2.197426540896768,A boy in a swimsuit jumping into water .,A boy in blue camo pants jumping into water .,A boy is about to jump into the water .,A boy jumps into the water at a beach .,A young man leaps into the water .,1.158692976896261
631,443,107e1bfc1657cf72f608aa50f6391a4711495497150f01d3da33f64b48d9cfa2,a car driving through a muddy puddle in a forest,a blue car is driving through a puddle of water.,1.486740037713442,1.7149598545250515,A black Mitsubishi is driving through a muddy puddle and spraying water .,A blue car splashes mud on a dirt road while driving through a puddle .,A blueish green car on a dirt road splashing water on the left .,A dark blue car going through a muddy road and sprinkling some to the side .,There is a blue car on a road in the roads splashing through a puddle .,0.2282198168116094
632,692,68be3dc9704291b6fe428e2e93f93cb00617b6f9db31f0e9fdf27cff7151e5aa,the man is wearing a black t - shirt,a man in a red shirt and a woman in a black shirt pose for a picture.,0.13611606834179088,1.1919323409388047,A man in a red shirt standing next to a woman in a black shirt with a car in the background .,A man in a red shirt that says ' Espana ' and a girl with purple streaks in her hair are smiling .,A man with a red Spain shirt and a woman with purple streaks in her hair .,The man and lady pose for a picture .,"The man is wearing a red shirt , while the woman standing with him has purple streaks in her hair .",1.055816272597014
633,31,268db692d27fa10e5daf90b2309ab84e25fd5011876d7d509b9e01b27bc7ba19,two children playing on the beach at sunset,two children playing on the beach at sunset.,1.1670647008557302,1.1670647008557302,A boy and a girl playing on the beach .,A small boy and girls are playing in the sand on the beach .,"Two children , one of which is holding a stick , are standing on the beach as the sun begins to set .",Two children on the beach silhouetted by the setting sun .,Two young children playing with sticks at the beach .,0.0
634,676,8f17c6bbc3854bdc057ea3069a2cda5df04202f53fac4d57170329c6cd870868,a group of people walking down a street,a man in a yellow robe is holding a bowl.,0.20516731355731846,0.061830453761411705,A group of men wearing yellow shawls walk in a line .,Men walk in line carrying things .,People in orange robes line up behind a man wearing sunglasses .,three Buddhists walk on the street .,Three men in orange robes holding metal pots .,-0.14333685979590677
635,383,9101c046eda0131ea198a8080deed1c082caffb8d79215d2bbc87f39e99dad90,a woman in a bikini is running on the beach,two girls are running on the beach.,0.07386454383911052,0.10847479522536829,A boy and girl playing with buckets in a lawn sprinkler,A girl and boy are playing with buckets of water in the garden overlooking a lake .,A girl with a bucket of water is being chased by a boy with a bucket of water .,A young girl and young boy are playing with pails of water with the ocean in the background .,Children play in a sprinkler near a beach .,0.03461025138625777
636,254,9b62f33e0b1c42c132cc0090f0bc7e4034f855d4f0481c3cbb55eb89f4effd81,a man on a surfboard,a man in a wetsuit waterskiing.,0.07426756928863135,0.044769670939261125,a lone parasailer surfing in the ocean wearing a black swimsuit .,A man is kite surfing away from the camera .,A man is sky surfing on the water .,A man waterskis while attached to a parachute .,A waterskier cuts through the blue water with sailboats in the background .,-0.029497898349370222
637,17,c9e7fd2057a0ff73223413e065c782f1363631c601ece234015d6891afc6389d,a little boy sitting in a chair eating food,a little boy is sitting in a green chair with a spoon in his mouth.,0.6453207669653684,1.8054251250915128,A boy eats with a spoon .,A little boy holds a spoon up to his mouth .,A little boy is eating his food off of a spoon while sitting on a patio .,A small child dressed in green is eating with a spoon .,A young child holds a spoon to its mouth while sitting in a chair .,1.1601043581261443
638,24,fe056d376ba6c34107928cb721bcfc699b17f8c17d8a3813b99f399145d03e7a,the woman is wearing a blue shirt,a woman in a blue shirt is putting a putt on a golf course.,0.5293460978489879,0.8256599753692138,A girl is getting ready to swing the club .,A woman in shorts and a blue sleeveless shirt leans over a golf club .,A woman is taking a swing with a golf club .,A woman wearing a blue shirt and hat with khaki shorts plays golf .,A woman wearing blue begins a golf swing .,0.29631387752022587
639,355,ab483235bedbd1149c34db0b27b488b6eab0bd7a486f6eb2d2a69829489b9de2,a woman sitting on a wall,a woman in a white shirt and black pants is sitting on a concrete wall.,0.5621268257400135,0.5720377307453489,A blonde woman in black jeans is sitting on a wall examining her nails .,A woman in black jeans sits on the railing of a bridge with a harbor in the background .,A young woman sitting on a ledge with a black purse looking at her finger nails .,girl sitting on wall looking at her nails,The girl has a black purse and is sitting on the side of a ledge .,0.009910905005335424
640,679,843081eb0b66c5ceacf022a75313c0da7bbb33241d43593d980f7c8c97c86e9b,snowboarder in the air,a snowboarder jumps off a pole while another snowboarder watches.,0.0099691560209923,0.250111283533783,A camera man videotapes a skier climbing a tree stump .,A man on ski has jumped in a tree while another man is watching,A person in skis is jumping off the side of a tree while someone records it .,a skier doing a trick on pole while being photographed by another man,"A skier jumps through the air , next to a tall tree , while a man videotapes him .",0.24014212751279068
641,378,9c33c70fe29d33b6defab4db2da966f4c0bb337113e0285f4f59bea49872fc58,the dog is black,a black dog with a white ball in its mouth is running on the sand.,0.17757106649782756,2.6422415238072485,"A black dog emerges from the water onto the sand , holding a white object in its mouth .",A black dog emerges from the water with a white ball in its mouth .,A black dog on a beach carrying a ball in its mouth .,a black dog walking out of the water with a white ball in his mouth .,The black dog jumps out of the water with something in its mouth .,2.464670457309421
642,782,3ad8fcaaaade0dd8f94f1f962f86b0aafdac4617f8b2a9dc9b8d6f6d335efa01,a boy doing a trick on a skateboard,a boy does a trick on his bike.,0.514704771418028,0.6363257035263918,A cyclist is airborne over a jump in a public skate and bike park .,"A guy on a bicycle midair above a ramp , doing a trick .",A man in midair doing a bicycle stunt on a half pipe .,A person jumping a ramp with three people in the background .,The biker does a trick in the air .,0.12162093210836389
643,769,9873d9536807b8c8210d7bca7d01b2da82eb44111ed46a1078eb2adb8fcbfc30,a girl jumping on a tram tram tram tram tram tram tram tram tram tram tram tram tram tram tram tram tram tram tram tram tram tram tram tram tram tram tram tram tram tram tram tram tram tram tram,a girl jumps on a trampoline.,4.476069847126571e-07,1.649591857243299,A girl doing the splits in the air while jumping on a trampoline .,a young woman is jumping on a trampoline,Girl in black and white top and black leggings jumping on trampoline .,"The girl is jumping on a trampoline , outdoors in a backyard .",Young woman jumping on trampoline .,1.6495914096363142
644,568,8e177b2f5d9f8756d12081a0b7588f0d07edee0b9f5881ca875920993678bb14,a woman playing a guitar,a woman playing a guitar and singing into a microphone.,1.1056037112710082,1.8881928807471047,A woman playing an acoustic guitar with a microphone,A woman singing and playing the acoustic guitar onstage .,A woman sings into a microphone while playing guitar .,A young brown haired woman plays her guitar and sings into a microphone .,A young woman plays guitar and sings on a stage .,0.7825891694760965
645,460,73908e1a6eb807042a33f5f92332a2753c53794aae70a1495f5d355f311a7140,a group of people dressed as zombies,a man dressed as a zombie poses for a group of people.,0.04927509228234406,0.3374201436154345,A man in a uniform costume stands next to a man in a horro costume .,Man in a police costume next to a man in a zombie costume .,people are at a costume party .,People at a costume party .,The bloodied man is a hit at the haloween party .,0.28814505133309043
646,19,ec12243776e2856d63877df91a1fadec6f2780447841d48eba482996dbde2945,two children playing in the sand,three children are playing on the beach.,1.461879085266462,1.7178464581239759,Three children are playing in sand near to the beach .,Three children playing in sand at beach,Three girls play in the sand .,"Three little blond girls , two in blue , one in pink , play on a sunny beach .",Three young girls dance on the beach in the sand .,0.2559673728575138
647,162,9d69652c651d22bab406a93c00aacc6b281040e73c2acbe7cf8f0cdd3877e9d3,the dog is brown and white,four dogs are playing in the grass.,0.04815622096069125,1.3541134156928787,A group of large white and orange dogs are in the grass .,Dogs play with stick,Four dogs play together outside with sticks .,Four dogs play with each other and with sticks .,The dogs are playing with a stick outside .,1.3059571947321875
648,16,869913dc8009a9b033a02de5caf057392e90325de1e18a73d109dff6550c257c,two young girls playing with a frc in a park,a girl in a pink shirt and a girl in a brown skirt are laughing.,0.897778386687962,0.29749108045854505,Two children are laughing in the grass .,Two girls laughing outside in a yard .,Two girls standing on grass face each other .,Two young girls are playing and laughing in a green grassy yard .,Two young girls playing together .,-0.600287306229417
649,899,09c87d0944e3a919fd17e0bf68e146d1ae4fa806e8447b1b9249a77b03d12dbe,a woman walking down the sidewalk while talking on her cell,a woman in a brown shirt and jeans is talking on a cellphone while a man in a brown shirt and jeans walks behind her.,0.5112625274546648,0.05403571759528285,A dark skinned man walks by a woman talking on a cellphone .,A male walking and a female talking on the phone beside the concrete building .,People stand outside near a concrete wall and a window .,Two people standing on the sidewalk .,"Two women , one carrying a purse and papers , are standing on a sidewalk .",-0.45722680985938197
650,308,ee434f0f019698af425779a21e74b45e52f87d41ebc80ff59237d9d77b423fdf,two dogs running in a field,a black and white dog and a brown and white dog are running in a field.,0.8692144997750778,1.3527078964957715,A large brown dog and a large black and white dog running together,Two dogs are running in a grassy field .,"Two dogs , one brown and white and one black and white , run on a field .","Two dogs run and bark outdoors , one white and brown , one white and black .","Two lean dogs , one brown and white and one black and white , run together .",0.4834933967206937
651,968,d9551288a7abfa926b1b3e5255a2b345aa206e306eac50daaffa98a033a66eb8,a young boy is on a playground equipment,a boy is jumping off of a blue and green playground equipment.,0.8383951078240506,0.46918663843805475,A child in a green hat swings on monkey bars at a blue playground .,A child playing on a playground play set .,A child swinging on a playground play set .,A little boy is climbing on the monkey bars at a playground .,Kids playing at a park jungle gym .,-0.36920846938599583
652,495,209188fe6a24f64b829d567d6a3f18a065cbf355a2d24c89963ef9924f595fed,a group of people in a boat,a group of people are rowing a boat in the water.,0.6849321765614724,2.505614555146078,A group of people are rowing a boat in a contest .,A rowing team races forward in competition with the motivation of their leader in front of the boat .,Boat number 5 has several men with life jackets paddling the water .,People in orange vests are rowing with great effort .,Several people are rowing a boat while being cheered on by a person with a drum,1.8206823785846056
653,325,8d13d5bd3a80594ec87edf2469e9f3d44b27fe1212ac40576dc3f549437982d0,a woman in a red tank top,a woman in a red tank top is taking a picture with her cellphone.,0.5138956931854284,1.2804618641616616,A girl in a red shirt takes a picture on a phone .,A woman in a low cut shirt takes a picture with her cellphone .,A woman in a red shirt holding a cellphone .,A woman taking pictures with her phone .,The girl in sunglasses holds up her phone to take a picture of something .,0.7665661709762333
654,73,4ab90b12afc1f56d92ee2615e25dad3e55a41cda366557a0f79fd261ae0c9f56,a woman sitting at a table on a porch,a woman sitting at a table with a cup of coffee.,0.14333598492569324,0.8997202311797445,A girl is reading while drinking Starbuck 's coffee .,A seated young woman in a hat is reading at a coffee shop .,a woman enjoying her reading at a coffee shop,A woman in a hat sits reading and drinking a coffee .,A young woman sips a coffee and reads a book .,0.7563842462540513
655,75,147e8b371d47ec972e15e98052d0bd47f0c1d47d7767c45477ce6cae27ea7cc7,a dog walking on a log in the woods,a white dog is walking on a fallen tree in the woods.,1.7615363269383333,2.874992474542455,A big hound dog walking on a log in the woods .,A brown dog walks on top of a felled tree trunk .,A grey dog walks on top of a fallen tree in the woods .,A skinny brown dog walks across a large piece of fallen tree .,The skinny brown dog is walking on a fallen tree .,1.1134561476041216
656,515,0fcef8c6f1274c2431c601ec66ae8e4d212f63c55445402c5e1bc55adf6be73f,the sky is blue and white,a group of people are waiting for a train at a train station.,0.03548868819538523,1.1478673292954575,A bunch of people at a train station .,A photo of a train platform on a chilly day .,"A train station says "" tychy miasto """,People are boarding two yellow and blue trains .,Several people waiting outside a train station .,1.1123786411000722
657,831,88f52c67dc77a9772864de1ef5d0f33b328fb1d021120f7ad29d03e47e41679c,two boys sitting on the ground,two young boys are sitting on the ground and one has a toothbrush in his mouth.,1.0804697521585875,0.4453556927759068,Two boys are sitting in front of a structure eating Popsicles .,Two boys eating popscicles outside .,Two boys sitting and eating ice cream .,Two little boys are sitting on a step eating ice lollipops .,Two young boys eating red and blue popcycles .,-0.6351140593826807
658,997,df9b1a7227f2f9d1d03f72d5b3b484ef18d7abb29b9f73d09ebb56d7068e4659,two boys jumping off a dock into the water,two boys jump off a dock into the water.,1.9279528487957245,1.5514578085983632,A boy jumping off of a dock while his friend watches,Two boys are climbing a wooden platform and jumping into a river .,Two boys jumping off the pier into the water .,Two boys preparing to jump off a pier located on a large body of water .,Two children jump off the dock into the lake .,-0.37649504019736124
659,577,08775aa7325cda3a6df65fc98cd25265df57f203fdf35acb7d6571a004510f19,a snowboarder in the air,a snowboarder in the air.,0.5886677597305259,0.5886677597305259,a lone snowboarder jumping in the air doing a trick .,A man in black is taking a jump on a snowboard .,A person riding a snowboard jumps high over the snowy hill .,A person with a yellow and black striped snowboard jumps on the snowy hill .,a snowboarder jumps off the snow jump .,0.0
660,913,0307c7c53d48d2b9736dae5589ff90581bd6500bcaa46535300816766c317e19,the sky is clear and blue,a person walks down a wooden bridge in a field.,0.0003715546944508938,0.5977365369794319,A woman is walking away on a wooden walkway through a field of golden plants .,A woman walking over a bridge with tall grass on either side of her .,A woman walks along a boardwalk,A woman with dark hair walks through a grassy field on a path with wooden handrails .,A young woman crosses a bridge through a field of tall grass .,0.5973649822849809
661,958,5d54e13fd1c8201f013e841f9158f7f10b31b197440712f1255504e0dfa2218e,a young boy in an orange jacket on a slide,a young boy in an orange jacket sliding down a blue slide.,0.9183382300164726,0.7877686434153384,a boy in an orange jacket climbes through a play tunnel,A boy slides through a tube .,A smiling child slides down a slippery tube slide,A young boy wearing a red coat is playing in a long tunnel .,"Smiling boy in tube , extending had toward camera .",-0.13056958660113427
662,283,abde9c4529e502f7f90b446efc1a736c103f8df695dcaf7aa38a3fbdc6727d5a,a little boy standing in the water,a boy in a tank top is standing in the water.,1.0542804336119072,0.6320578621242912,A boy in a bathing suit stands in water .,A little boy stands in a creek on a sunny day .,a toddler wearing colorful shorts is standing in the water .,A wet child standing in water .,Little boy knee-deep in water .,-0.422222571487616
663,574,326db07b7a6e0335dd7e8efebe64aac2f5b1349b7326d3e6f20ce73d0c92f97d,the boy is wearing a red shirt,a boy in a red shirt is sprinkled with water.,0.7199177988849743,0.7384675232746984,A boy wearing a red shirt is splashed by water .,A child with water splashing on him .,A little boy being splashed by water on his head,little kid in red pooh shirt getting wet,The little boy in red is getting drenched with water .,0.01854972438972413
664,456,862aab66d7ce95bf4569cf2bce220caa25b58ea479242f53ef8f760f78720f51,a man in a wet suit riding a wave on a surfboard,a man in a black wetsuit is surfing on a blue surfboard.,0.9196001861561462,1.0400654630607606,A surfer on a blue surfboard is falling off of it as he hits a wave .,a surfer rides up the wave .,Man falling off a blue surfboard in the ocean .,The surfer is in the wave .,The surfer rides a wave on a blue surfboard .,0.1204652769046144
665,862,d9e3cc407cc055a738c891ffa25701273dbbceccdbfcf41c549f10fe75d1dd90,the woman is wearing a blue scarf around her head,a woman in a headscarf is standing in front of a crowd.,2.7567032582921014,0.6355574194295601,A woman in a blue sweater with a blue scarf around her head .,A woman in a head covering is looking away from the camera .,A woman is wearing a blue headscarf and a blue sweater .,A woman wearing a teal cardigan with a teal scarf and sunglasses on her head .,There is a woman with a green scarf around her head .,-2.1211458388625415
666,639,7b2a17f636fbf29d314f12666fb7e7fc7cf7e70e7942848cba9b1ec878d3e580,a man riding a mountain bike in the woods,a mountain biker is riding through the woods.,1.004441465495343,1.5931177524120037,A dirt biker rides through some trees .,A man is riding a mountain bike through woodland .,A mountain biker is racing through a shaded trail .,A mountain biker wearing a colorful helmet rides downhill .,Mountain biker in red striped helmet rides through the trees .,0.5886762869166606
667,466,45f4f5269236cf91464277300ca98c4cf9aeb3d3bb3251590b6eed1ea5d0193c,a person is standing on a wooden platform in a park,a little girl is walking on a wooden boardwalk.,0.42081184466691296,1.0819098792121766,A woman in a skirt walks down a path .,a woman walks on boards .,A woman with a scarf on her head walks down a wooden boardwalk .,Several people in a park walking on a low wooden boardwalk .,The woman wearing the brown skirt is carrying a black bag along a wooden walkway .,0.6610980345452637
668,658,3ddf3db603ba476ef7e508255c9e09f451b548cfbed49d089a82ceb7cbf392c0,a man on a snowboard,a snowboarder in a green jacket is doing a trick on a green rail.,0.36678083473821965,1.0441420450373262,A helmeted boy flies through the air on a snowboard .,A snowboarder balancing on a wall,A snowboarder in green grinds along the edge of a rail at night .,a snowboarder wearing a green jacket jumping a green rainling,A snowboarder wearing a green jacket jumps above a low gate .,0.6773612102991066
669,777,93d1f26c685d14a96909aa7460b0d2dee2dcbe97ff6b23f73c118e2d29eb0b88,a young boy kicking a soccer ball on a soccer field,a boy in a red uniform is playing soccer.,0.893787660747462,0.9695205889086713,A boy soccer player running down the field .,A small boy wearing red runs towards a soccer ball .,A young boy dressed in a red uniform kicks the soccer ball on the field as another child in blue watches from behind .,A young boy wearing a red uniform lines up to kick a soccer ball .,Little boy in red getting ready to kick soccer ball while other boy watches .,0.07573292816120936
670,739,1fed9420b6d41a2777b399149091186b490cfcadbedf95beccef7d3c065f15f2,a dog jumping in the air,a brown and white dog is jumping in the air to catch tennis balls.,0.08111839527773049,1.531053976636112,A big dog stands on his hand leg as tennis balls are thrown his direction .,A brown and white dog in front of a shed overwhelmed by the onslaught of tennis balls .,A brown and white dogs stands in front of a wooden building while tennis balls fly through the air .,A dog jumps for several tennis balls thrown at him .,A dog stands on his hind legs amid a shower of tennis balls .,1.4499355813583814
671,27,f76522451088a89e4cb6d50c017323240d32619be00ca1ced87650881f52cc9c,a boy in the water,a young boy plays in the water.,0.8319221416964449,0.7372941635732231,A boy sitting in water .,A small boy is sitting in the water and water is splashing up through his legs .,A young boy in a swimming suit sits in water .,A young boy sitting on a water jet in a pool .,Little boy sitting in water with a fountain coming up through his lap .,-0.09462797812322177
672,249,56fdfa2340908d6e3e6eeda237adc398dab6219a6e2ff1096da9306314e70dce,a young boy jumping into a swimming pool,a boy jumps into a swimming pool.,1.6351374624454111,2.426879618003659,A boy is diving through the air into a swimming pool .,A boy jumps into a pool on a bright sunny day .,a boy jumps into the blue pool water .,A smiling child dives into a pool .,The young boy is jumping into the pool on his belly .,0.7917421555582478
673,292,5658a5a3b16ad91520dbbb030e324e05789de92cc3b7d14e0b81ed168f34da25,the boy is sitting on a rock,a boy in a white hat is climbing a rock.,0.5743099513376964,1.5852156487878577,A boy climbing a rocky area .,A boy climbs rocks in the woods .,A boy climbs up some rocks .,A young boy wearing a white hat is climbing rocks .,The boy is wearing a hat .,1.0109056974501613
674,477,8f6bcaaef79f935340b842d382d0ed224672a96c173b78a1b11997d599ef7b3e,a man riding a skateboard down a street,a shirtless man skateboards down the street.,0.6609144561302329,1.2041777935479079,A barefoot and shirtless skateboarder rides along a road .,A man in shorts skateboards down the street .,A skateboarder in striped shorts skating down a street .,A teenager wearing striped shorts and no shirt is skateboarding down a road a long the ocean .,"Shirtless , tattooed man rides skateboard down blurring street near beach .",0.543263337417675
675,265,fd46ce78499d2bb741124c7d4ffc70e3a93459edf029072b546939a4229e82bb,two dogs running in the grass,two white dogs are running through the grass.,2.290634999178227,3.134526777900012,The two white dogs are playing in a field .,Two little dogs run in the field .,Two white dogs running,Two white dogs running in the grass together .,Two white dogs run through the grass .,0.843891778721785
676,819,ba6e031242874df60fe5311bc577c849a695a70d29a6538c3aed5353519068f9,the dog is in the water,a black dog is wading in the water.,0.8474154626204691,2.2046257390909663,a dog is stepping out into the water towards the sun 's reflection .,A dog is wading in the water .,A dog wading into the water,A dog walking through the pound .,The dog is walking out into the water and the sun is casting a reflection off of the water .,1.3572102764704972
677,247,4c912c95a4365f364f3295d8bcce8cc1f5d64f8832619b68ffb2b44bb85ab297,the dog is brown and white,a tan dog is running down a set of steps.,0.18765673048696532,0.3548366279356342,A blond dog runs down a flight of stairs to the backyard .,A dog jumps off the stairs .,A tan dog runs down a wooden staircase to the green grass .,A yellow dog is jumping across a grassy yard in front of a wooden deck .,A yellow dog jumping off of a porch .,0.16717989744866887
678,858,93e369ea30ae27b3aa40a1052ccb7427e77b753feae1687cadf1d7c97ed84592,people sitting at a table in a restaurant,a group of people sit at a table in a restaurant.,0.7169650624314512,0.624656290148544,An empty seat at a Mexican themed restaurant .,A red colored diner features dark red chairs .,"Crowded Mexican restaurant , empty chair in foreground .",Many people sit in a Mexican restaurant .,People are sitting in a cheery Mexican restaurant .,-0.09230877228290724
679,228,68986865af3156b325af995a99841903ca7ec14a583e3bbc6905a3078a5742a8,a man wearing a helmet and holding a football ball,a football player wearing a red and white uniform is standing on the field.,0.6955932850251189,0.9670552902819809,A man is wearing a Sooners red football shirt and helmet .,A Oklahoma Sooners football player wearing his jersey number 28 .,A Sooners football player weas the number 28 and black armbands .,Guy in red and white football uniform,The American footballer is wearing a red and white strip .,0.27146200525686204
680,696,53b0781c480a059811573c80cff5c1fbf599bc9eebcfb2357b9893b6b1ee5457,a woman swinging a tennis racket,a woman in an orange tennis outfit hits a tennis ball.,0.39978945165351343,1.7414488033832776,An african american woman dressed in orange is hitting a tennis ball with a racquet .,A tennis player in an orange outfit hits a ball .,A tennis player in orange is striking the ball with her racquet .,A woman in an orange athletic outfit playing tennis,Serena Williams hitting a ball in an orange outfit,1.3416593517297641
681,655,8523f967891f071af4fa4c77fa56283baba936ded8e3d4d529810072a6322af4,a woman walking down a street next to a bus,a man in a brown coat is walking down the street.,1.3601661041191155,0.38911513933717495,A man is standing on a sidewalk in the background with a blurry image of another man in the foreground .,A man stands at a busy bus stop .,a man stands next to a bus .,People in the city .,People walking down the street and past an open bus .,-0.9710509647819405
682,876,5fe868f3a855a2b107e73b467f89bc44d4a84cb5746f1e9aa1da0047a36d5b7f,a woman holding a dog,a woman in a blue jacket is playing with a brown dog.,0.4649326116458147,0.43256540785658504,A dog jumping up to touch a woman 's hand .,a dog jumps to an elderly woman .,An airborne dog on a leash with a woman .,The small dog is leaping in the air toward the woman 's hand .,The woman in the blue sweater encourages the dog to jump in the air .,-0.03236720378922964
683,294,cf76292cb89dafd77d41444479aa85cc3e1301f342cef2a6cfe852df5a38f8bf,a black car parked in front of a restaurant,a black car is parked in front of a pnc bank.,0.8352145034542086,1.156035970986426,a man stands outside a bank selling watermelons .,A man with a red Shriner hat is looking at watermelons in front of a bank .,Dark colored Mercury car parked in front of PNC Bank .,The man is looking at watermelons for sale outside of a bank .,"There is a man , wearing a funny hat , standing in front of a bank .",0.3208214675322175
684,22,d670f0b212f5c28e115f9953be3548eee7b3046ec1f845b504844a0e6cf98d2e,a black and white dog carrying a stick in its mouth,a black and white dog carries a stick in its mouth.,3.958467798929334,2.733804479629823,A black and white dog carrying a large stick,A black and white dog is carrying a stick in its mouth .,a black and white dog walking through the grass with a long stick in his mouth .,a dog holds a stick in its mouth .,A dog trots across the ground with a large stick in his mouth .,-1.2246633192995109
685,210,d3703b81f51d602bd33739e6ebd3c653d9ed528a89a89a1566b636cf88f05773,a dog playing with a toy in the grass,a brown and white dog is playing with a ball in the grass.,0.7365424385607504,1.2207261741902595,A brown and white dog lays down in a grassy field .,A dog is crouching on the grass near a hurdle .,A dog races along the grassy track .,A tan and white dog is competing in an agility test .,Brown and white dog playing in the grass .,0.4841837356295091
686,89,2cb6610a6dd0e4ca460bd81973b50d4eee98ee224c68d2fcfc5191c65c46d97a,leaves on the ground,a dog runs down a dirt road in the woods.,0.04268687434334989,0.7696896997186629,A brown and white dog trotting down the road in autumn .,A brown dog is carrying a ball up the road .,A dog with a ball in his mouth running down a road covered in leaves .,A large dog walks along a gravel path in the woods .,A tan and white dog retrieving a ball on a gravel path .,0.7270028253753129
687,661,2564ca1e5929bd42bf79224f457ca66b7ec1022a23499f45e0e7772e92bfd584,a group of people riding horses in a field,a group of people are riding horses in a competition.,1.0993723399530744,1.0091908790727995,Men stand on horses .,One man in blue tunic and one man in yellow tunic standing on the backs of three horses .,"two guy standing on horses , while a crowd watches",Two men riding three horses wave their arms in the air .,Two people are standing on three horses as part of a parade .,-0.0901814608802749
688,148,3706e8e5f5383aa1efe9724fe3af2c5db11579cdf13d533f25fc5c7fdb70c007,a woman on a swing,a girl is swinging on a swing.,1.4503247782899025,2.6196723284242456,A lady is swinging and smiling .,A person swinging on a swing,kid swinging on a swing,Person on swing,This girl is having so much fun on the swing !,1.169347550134343
689,485,46b8d6d32530b1e2439162e3c85f56c56cf1c035c2d0df19fe474c1f65db4079,a man on a surfboard riding a wave,a man in a green shirt is surfing on a white surfboard.,0.5823333800932986,0.6880952251688024,a lone parasurfer surfing a huge wave in the ocean .,A man parasurfs in the ocean,A person in a green jacket it surfing while holding on to a line .,A person in green surfing a wave .,"A person on a surfboard in the waves , holding onto a tether .",0.10576184507550379
690,196,dd77fb55ecdf18f661b6ec65c651239698f06cdaf743346a0890546159e75f3c,a woman in a black coat,a woman in a black coat and sunglasses is walking down the street.,0.5101507091687272,1.2182890153576367,a woman in a black overcoat and red hair with man in white walking behind her,A woman wearing a black coat and sunglasses is standing in front of a man walking away with a backpack .,A woman wears sunglasses and a black coat as she walks .,There is a woman in a black jacket and sunglasses and a man in a white shirt with his back turned .,"The woman in the dark coat is facing the camera , while the man in the blue shirt faces away .",0.7081383061889095
691,682,76c792c9b19d6706cdc2b7f9701b2b20b85d596799936c86ca19a84141f33eb0,two girls in a living room,a girl in an orange dress is dancing with another girl in a pink dress.,0.29389987369632165,0.10865232698779882,Children dancing on hardwood flooring .,Two children are playing or dancing inside .,Two little girls dance on a hardwood floor in the house .,two little girls dancing on the floor,Two young girls playing in a house .,-0.18524754670852284
692,917,68f2b430548f18df01e357da10fade05d7d448e6bbceafc0e038b456f1a1f3a3,a man kneeling on the snow,a man in a green jacket is sitting in the snow with a mountain in the background.,0.3159690934907834,0.6061978355707103,A man crouched on a snowy peak .,A man in a green jacket stands in deep snow at the base of a mountain .,A man kneels in the snow .,A man measures the depth of snow .,A mountain hiker is digging steaks into the thck snow .,0.2902287420799269
693,134,d28fc3ff63cd092099de0e02a4c77e79f4eabacd6d418a16b4852feb40a8f467,a man wearing a red hat and a black jacket,an old man wearing a red hat.,2.321148885839885,2.451642019295715,An older man with white hair a blue jacket and a bright red hat .,An old man wearing a red hat and black raincoat .,An old man with white hair in a red hat,A person is a red hat and winter jacket is looking into the distance .,A person with gray hair wears a red hat and watches it snow .,0.1304931334558299
694,524,c1eacf956271b0814188217f68b8c6ae113764e96bfecbdcfb48e7c37703e712,the boy is wearing a tie,a young boy in a green tie is playing in the leaves of a tree.,0.1261010492285863,0.5800719144673073,A boy in a tan coat throws some red leaves at the camera .,A boy throws red and orange leaves into the air .,A little boy is playing with the Autumn leaves .,Little boy with green shirt and brown jacket is throwing orange fall leaves .,Young boy tosses autumn leaves,0.453970865238721
695,882,86fa45365ccd814f9b3c2d8ce4351f498e4b06311e2578a7ef752bcdd76491d2,a glass door with a sign that says yera center arts,a man is standing in front of a verbabena center for the arts.,0.49571875314846686,1.0580049618611134,A man is standing in front of glass doors with a blue spot and a pink spot .,A man is standing outside the glass doors of an art center .,A man stands at the entrance of Yerba Buena Center for the Arts .,A man walking through glass double doors .,Person standing at glass doors with big blue circle and big pink circle,0.5622862087126466
696,67,504674db582b2badafc3dad82cfec4b518b42dd6a1130d3e740fef650025c2e4,a man and a woman kissing on the beach,a man and a woman kissing on the beach.,2.1848753736915687,2.1848753736915687,A couple dressed in hoodies kissing on the beach .,A man and a woman share a kiss on the beach .,A man with a brown hooded jacket is kissing a girl with sunglasses .,There is a couple kissing on the beach .,Two people kiss on the beach .,0.0
697,494,c3dc61bd219ca8abb86bc8f0cf4302783006e9c0569f995abeb7b247a72a182a,a man riding on the back of a motorcycle,a man and a woman are riding a motorcycle.,1.2141317056820546,1.4854826310659912,two motorcyclists riding tandom on a biek down the street .,Two people are on a black motorcycle driving very fast .,Two people on a motorcycle .,Two people ride together on a motorcycle,Two people riding a motorcycle .,0.27135092538393657
698,866,51a11ac92f586e0ca9251b983d313326dbb16d10eefe1323e171746aed64c2a4,a man reading a book,a man reads a book outside a house.,0.698935873615077,0.9471884127513658,A lady sitting on a front porch reading a book .,A person sits at a doorstep and reads a book .,A woman is reading literature and sitting on the front stoop of a building .,A woman sits and reads in the stoop of a wooden door .,A woman sits and reads on the front stoop of her building .,0.24825253913628875
699,497,2b46480dce72347629a0574e8786622a42936172c9fcf437c85d6339b62eba1a,the dog is in the water,a black dog swims in the water.,0.37559205111764693,0.6566403857607848,A black and brown dog is walking in the water and looking at the camera .,A black dog with brown on his face is swimming .,a brown and black dog swimming in a river,A large dog looks up as he swims .,Dog with black and tan face standing in water looking up at camera .,0.28104833464313783
700,989,6b3721cc4f9c16763a45d3dffab40e8228db4b5e68120c1fc8344bf9bd9ee50d,a group of women in pink dresses walking down the street,a group of women in pink dresses are walking down the street.,2.858834380524881,2.430509966408455,a group of woman in pink dresses walking across a crosswalk towards a cruisship .,"A group of women in pink dresses , walking across a street .",Girls in pink dresses walk toward a cruise ship,Ladies in bright dresses are crossing the road .,Several woman walking down the street dressed in pink and other assorted people .,-0.42832441411642597
701,519,dc276f6f12ca14a8ccbf29c6cf14d5c10508434ad986d6851389cee563aa35f8,a man wearing a green jacket,a man in a green jacket is helping another man in a green jacket to tie a red tie.,0.029281129437714395,0.37909965676343194,A man helps another man tie a red ribbon onto his arm .,A man helps tie a red ribbon around another man 's right arm during a street parade .,A man is tying a red arm band around another mans arm in the street .,One man helps another attach a red ribbon to his forearm in the midst of a large group of people .,Two men stand together ; one is putting something red on his arm .,0.34981852732571755
702,759,a294c43a996eabf75bf7f6d943f0cdba4889fcdca030fe066d7053e2fc311169,a little girl sitting at a table,a little girl in a polka dot shirt is playing with a large drum.,0.07628923179518228,0.6960210413798479,A baby girl and little boy are standing next to a guitar and a drum .,A young laughing girl and a boy are playing on a big drum .,Two little kids are beating on a bongo drum .,"Two small children with blonde hair are playing a drum , one is smiling .",Two young children are playing with a drum .,0.6197318095846656
703,625,68fec0b75ce1cbe70213dc850c31d023d0c53d743c9dcf86a7fea5d4bf4cbcec,two people on skateboards,two people are doing push ups on a track.,0.03176481023504539,0.27084083860498054,The 2 runners are ready for the track .,Two people are in running race starting position with a long lane field ahead of them .,"Two runners are at the starting blocks , readying for a race .",Two runners are at the starting line getting ready to race .,Two runners get ready to race on a track .,0.23907602836993513
704,957,b84a7895668db1af252109f1ea8689925c67b999a9a7db2104b81f27e5c610ea,a fire truck on the road,a man and a dog are walking on a bridge with a firetruck in the background.,0.2448087213076588,1.1305261658075383,"A firetruck stops and makes a call at a bridge , where a man and his dogs are running .",A firetruck with ladder extended on the side of the road .,A jogger with a dog approaches a ladder truck .,A jogger with a dog running towards a firetruck with extended ladder on a road,A man walks on a sidewalk and a firetruck is nearby .,0.8857174444998794
705,537,e112b439db01e87e2a2d5b7aae007617332f0e732570b42e66252d1f081724a8,two little girls sitting on the floor,two little girls are sitting on the floor.,1.0415572831126616,1.0442242918752562,A toddler girl plays with another younger toddler girl .,Two babies sitting on a playmat reaching for something,Two babies are sitting close together while reaching for something .,Two children sitting on the floor .,Two young children sitting together playing .,0.002667008762594625
706,604,e1237506f10da742966d7e28a55459c6026d25f2721f7f5787c5d8ad228c8f01,a group of people sitting around a table,a girl in a gray jacket is drawing on a piece of paper while another girl looks on.,0.16430673978300192,0.07428830856884648,A girl is getting a tattoo on her hand .,A girl sits patiently as another one draws henna on her .,The girl is standing as the other girl with glasses works on her hand painting .,The woman in the white sweater is painting a tattoo on the teenager 's hand .,Two girls at a table with papers between them .,-0.09001843121415544
707,358,c86194b23aa4f3db3fbbeb81fd6dd9dd364ea31807ae1d955b87860b7a392337,a woman with long brown hair,a woman in a yellow shirt and sunglasses smiles.,0.11728461439099117,3.4172916646828835,a brunette girl wearing sunglasses and a yellow shirt,A girl in sunglasses smiles .,A girl wearing a yellow shirt and sunglasses smiles .,a girl wearing sunglasses smiles for the camera .,A woman with a yellow shirt wears sunglasses and smiles .,3.3000070502918923
708,722,a19a54ef1c1890a800c2d020d2d2d6c80bd4f5a6d8063621dc5a3a1f4ebd85af,the dog is in the water,a white dog splashes in the water.,0.7055277861780234,0.47156527100534595,A black and white dog is playing in a pond or creek .,A black and white dog is splashing around in the water .,A black and white dog is splashing in a stream .,A dog playing in some water .,A white dog is splashing in an outdoor stream next to a grassy bank .,-0.2339625151726774
709,489,77e5065d2403a5c6a882c5c4f5a5c2191eecc10455b9d893adc75ddad51c9520,a dog in the water with a ball in its mouth,a brown dog with a ball in its mouth is in the water.,2.3799228533092287,1.9568735081741981,A brown dog is swimming through water with an orange ball in its mouth .,A dark brow dog holds an orange ball in his mouth while walking through water .,A dog wading in the water with a ball in his mouth,"A wet , brownish-red dog with an orange ball in his mouth is swimming in some water .","Brown dog in water , with orange and blue ball in mouth .",-0.42304934513503056
710,233,b8e3755d0b9a18fbf7bc040977ec29cbcaa39c5d3e29953eec3a78604afefc9e,a man sitting at a table with a cup of coffee,a man sits at a table outside.,0.7315871639750118,0.5147210786893736,"A man sitting at an outside table , eating lunch , marking on a paper .",a single man sitting at a round table reading outside of a shop,Man reading a newspaper at an outdoors restaurant .,Man reading in a chair outside,The man is taking notes at the table .,-0.21686608528563822
711,109,692b94fde8fd8311ffb709bef46f7293d1581c6e5c8aba760a3c56d95ad60299,a child sitting at a table with a plate of food,a little boy is sitting at a table with a plate of food in front of him.,1.2334443827760482,0.9207488192041585,A child sitting at a restaurant table holding a paper mask against his face .,A child with a mask on sitting at a table with a plate in front .,A young child wearing a mask at Ivars .,Child in a restaurant posing with a paper mask,The boy is wearing a cardboard scuba mask at the restaurant .,-0.31269556357188966
712,930,3f654309b082edc5bdc27b7577b3594d640e50ccb554c49899d525de930e03e4,a group of men sitting on the steps of a building,a group of young men are sitting on the steps outside of a building.,0.6514317166891486,0.933575097381004,A group of young men clowning around while enjoying a beverage .,Five men pose awkwardly on steps .,Five young men pose on the steps .,Four boys posing while one boy sets his drink down .,Group of young men posing and holding cans .,0.2821433806918554
713,412,41be053df863b004321b110c1b0f593330ed987f9f17a96f5436bfdd64082e08,two dogs playing on the beach,two dogs are playing on the beach.,0.4632525917254574,0.9767071542560286,A black dog is running along the beach beside a brown dog in midair catching a stick in its mouth .,A black dog runs on the shore while a light brown dog jumps up to catch a stick .,A brown dog leaps into the air next to a black dog on a sandy bay .,"On a beach , black and brown dog runs , brown dog jumps .",Two dogs are playing together,0.5134545625305712
714,291,f716f605f3ded110f165f1d5ae07fc8f12eb4dcf10a8f7de9c53df6801fc826f,a baby wearing goggles,a toddler wearing goggles and swimming trunks.,0.9599126118710932,0.972900160232904,A child wearing swim goggles .,A small child wears goggles near a pool .,A young child is wearing blue goggles and sitting in a float in a pool .,A young child wearing blue goggles sits on a raft in a swimming pool .,The little child is wearing blue goggles .,0.012987548361810819
715,181,b2aa0b2317b67d42ded988303ba023e05800432dd3f4f9bb7dd543a38ef59ab2,a dog is standing in the tall grass,a brown dog with a red harness is walking through a field of dry grass.,1.0465667562860257,0.9498272384284048,a brown and black dog jumping through a field of long blades of grass,A dog runs through the tall grass .,A dog wearing a red harness runs across a field,Black and brown dog with red harness in high grass .,Dog running through the weeds .,-0.09673951785762092
716,587,e1a0645aca775d550d9457b4efde1268a079901571e6eef654e6c2af7e20a2a4,two young girls performing a dance routine on a stage,two girls in black and red are dancing on a stage.,0.013395254403488255,0.11395617469999343,A blond haired child in a black outfit and red belt doing karate .,A child with a red sash practices martial arts .,A girl in a black outfit with a red sash and a black headband has one hand on her waist and one extended straight out .,A young boy wearing a black uniform with a red sash taking part in a martial arts exposition .,A young child with a red belt does a demonstration .,0.10056092029650518
717,838,ed404f25596490daa1ea82645ba2fd5e4247bee16ef6f6aac6d3ee1a4e6f0adc,the water is blue,a white dog is jumping out of the water.,0.2662090960744001,0.29449405962113684,Two dogs playing in the water .,"Two dogs playing in the water , one is bounding at the other .",Two furry beige dogs playing in ocean surf .,Two white dogs are splashing around in white waves .,"Two white , long-haired dogs playing in the ocean",0.028284963546736763
718,405,07133b6276ce82894f0974807743797833d8b65e368bfdbbc17cea1eb87386a9,a man holding a tennis racket on a tennis court,a shirtless man holding a tennis racket and a tennis ball.,0.7165534110004941,1.3323014269108355,A man swings his racket at a tennis ball .,A man with no shirt is playing tennis .,A man without a shirt playing tennis .,A shirtless man is getting ready to hit a tennis ball .,A shirtless man playing tennis in an fenced-in area .,0.6157480159103415
719,391,3d9be54ba0150b670f5ffb628a59821bab8c982db8c4f83a995fd2cec245005d,the grass is green,a bicycle lies on the grass in front of a building.,0.19796522969692332,0.6096974438202909,A man is lying on the grass next to a shopping cart .,A person is lying on the green grass and there is a small cart next to them .,A person lies on the grass with a shopping cart nearby .,There is a shopping cart and a person laying on the ground in a green field of grass .,"There is one person lying in a large , green field .",0.4117322141233676
720,165,a67cf900dc0c3e286457efb016576190a3d9fd88e0d2895b5e9c84adc3a24b36,a man and a woman standing next to each other people,a man and a woman are posing for a picture.,0.18522450021256376,0.22393935531739906,A man and two women standing by a wood pole in front of steps .,Three students standing together in front of a stairway .,Three young adults look towards the camera in a school setting .,Two women and a man are all wearing black jackets and smiling .,Two women and a man smile for the camera .,0.0387148551048353
721,449,298ea1739375e6885a29ed4ec55298e21e6878b686988efda7c725f073b190ea,snow on the ground,a lone hiker is standing on a snowy mountaintop.,0.1748255964178981,0.23178096283467456,A man is climbing the mountain .,A mountain climber is seen on the side of a tall mountain .,"A solitary climber on snowy , high mountains .",Snow covered mountains with a person walking up in the background .,The mountaintop is filled with snow .,0.056955366416776454
722,846,b49ecc704e3034607feb2acf65c7d87f29ddf1da1bb241ff8827ce93cad138b7,a man playing with a dog,a black and white dog is jumping through a sprinkler.,0.27202032408978594,0.26910240074841485,a dog gets sprayed by a hose .,A dog is being sprayed with water .,A dog jumping through the air getting hit by water .,An animal is hosed down by a brick wall .,Leaping dog sprayed by off screen person with hose .,-0.002917923341371087
723,209,097918811d0a3ea6fe2e04e49d748270f4ef6d7537d6aa435c4e76cacd4af1c9,a man riding a bike with two dogs on it,a man in an orange vest is riding a bike with two dogs on it.,0.3466304949551196,0.5198422891616669,a froup of sled dogs pulling a man wearing an orange vest .,A three dog sled team pulls an unusual tricycle sled .,Several dogs carry a man with a helmet through snow .,"The dogs are pulling a man on a type of bike , through the snow .",Three dogs pulling a man on a bicycle through the snow .,0.17321179420654725
724,401,74330b3280e4ef22c2187f2685b5ecfede24a3397c0e5a62e7699d2d5a84535c,the seats are empty,a man in a green jacket is standing in a stadium.,0.3205751612113667,0.9817653480459079,"Empty seats at a stadium , except for two people in green rain ponchos .",The two people wearing green are sitting down and surrounded by empty seats .,Two lonely fans in green ponchos sit in a stadium .,Two people in green sit in an otherwise empty stadium .,Two people wearing green raincoats sit in blue bleachers that are otherwise empty .,0.6611901868345411
725,649,60b191527cd6ebe649394b0b2c2b6902ac59ac10878eb761e23b0942cbb8fc9f,a woman and a child,a woman in a red jacket and a little girl in a blue jacket stand in front of a stone sculpture.,0.12338734430730205,0.09155402580431389,an older asian lady holding the hand of a little asian girl .,"Asian woman holds little girl 's hand in park-like area , points off-camera .",A woman holding a little girls hand is pointing to something trying to show her .,A woman holds the hand of a small girl and points towards the bushes .,The woman is holding the girls hand near a bush .,-0.031833318502988164
726,473,c3b3efdfa732e905e17eeb3d3037be0fde1ae2f2f792fae8d3e59d09a19cdf9b,two women playing field hockey,two women playing field hockey.,2.141898320137944,2.141898320137944,Two girls are fighting over a ball during a game .,two woman competing in a sporting event,Two women are playing a game with sticks and a small white ball .,Two women are reaching with sticks for a ball during a sports game .,Two women playing field hockey .,0.0
727,149,c49d3a04bf21c1e43b3ba3bc93fa0c4d9745b61a3362bc25067ba4054e607b08,a waterfall in the background,a woman in a bathing suit is standing in front of a waterfall.,0.7448314593188665,1.5473104850370336,An extremely wet woman is wading in front of a waterfall .,A woman dressed in shorts and a t-shirt walking in shallow water in front of a waterfall .,A woman wading through a pool in front of a waterfall .,The lady is walking through the water .,Wet woman walking through water near a large waterfall .,0.8024790257181671
728,959,2cf87d56a0457c400d059e1c8e8e90cc88d9015adb79f5328b043f0464b693aa,two young children jumping on a tram tram tram tram tram tram tram tram tram tram tram tram tram tram tram tram tram tram tram tram tram tram tram tram tram tram tram tram tram tram tram tram tram tram,two little girls in orange shirts and green pants are jumping on a trampoline.,1.8144501507972994e-07,1.895317531528237,Twin girls in orange shirts and green pants are jumping .,Twins in orange shirts jumping on a trampoline .,Two girls with orange shirts .,Two identically dressed young children jump outside .,Two young twin girls in matching green and orange outfits jump in the air .,1.8953173500832219
729,70,43851d98593fe4aa0e7147ad9ce2c5507098600414ff1a4b5b9882865a7e8616,rocks in the water,three dogs run through the water.,0.30963815972750397,2.8081631117716603,"A brown , black , and tan dog run in the ocean .",Three dogs run into the water .,Three dogs running through water .,"Three dogs run through surf , near rocky outcrop .",Three dogs run through the water near the rocks and make splashes .,2.498524952044156
730,255,8976d3c2b7f69cf23d3dc710b6d6e0f11938ce400a89c7b86e9eb761d703a9b3,a woman and a young boy playing with a ball,a woman and a young boy are playing with a ball in the grass.,0.8741957579290578,0.9435609264690143,A woman carrying a white ball is running behind a small boy .,A woman holding a ball chases a small boy running in the grass .,a woman holding a small ball chasing after a small boy .,A woman is running after a boy on the grass .,A woman with a softball runs after a child in a grassy lawn .,0.06936516853995656
731,37,9dfc5d41722ea6cde7f4545b410469ee0a0687f429da5a0343ba680b7684191e,a young girl jumping on a skateboard in the air,a young girl jumps off of a fence into the air.,0.5678966116704498,0.37806478854618253,A barefoot red-headed girl jumping over a rail .,a girl jumps on the trampoline .,A young girl jumping over a railing or a ladder on its side .,The small red haired girl jumps on the trampoline under the tree by the shed .,The young child with red hair bounced on the trampoline .,-0.18983182312426727
732,428,676b22de828b0f01027299e15511d911044921c2a441e0cdcbb3fd1f5cc4518e,a field of green grass,a girl in a field with a herd of sheep in the background.,0.10941434671590278,1.5726154962630066,A female walking through grass .,A girl going towards a heard of sheep .,A girl walks toward a herd of sheep in the distance .,A girl walks towards some sheep in a grassy valley .,a woman walks to the cows .,1.4632011495471038
733,886,d8a47706cfc9890039343acbc276c2b0d3ee875a87c88331db77397b861c1d98,a man wearing a red jacket,a man in a red jacket is climbing up a snowy mountain.,0.5893150013608,0.9821049388391166,A hiker in a red on a snowy peak .,A person in a red jacket and a red hardhat stands near a mountain .,A person wearing a red jacket and helmet walks up near the large rock .,A woman wearing a red work man 's hat and red jacket is hiking in the snow topped mountains .,The person wearing the red hardhat is on the mountain .,0.3927899374783167
734,566,ad16c41d294d1c9c01220e8daa56e21e29148452fa71556461b8ee9e3b74d228,a clear blue sky,a police dog jumps in the air to catch a ball.,0.0030634273907731106,0.06367460819763344,A dog is jumping up at a man wearing a search and rescue jacket .,"A large , black dog is practicing attacking a culprit on a uniformed man .",A man in a uniform playing with a black dog .,A man in blue with a black hat with a dog leaping at him in a park-like setting .,Man in blue padded suit training a black dog for search and rescue in a field .,0.060611180806860336
735,318,3b083d54a838fa4070edfbb63b2deee8dd2c6ec2e4e98d796ac8d181f848c282,a dog running through a field of yellow flowers,a grey dog is running through a field of yellow flowers.,1.6928055439325032,1.5404080160036044,A dog chases a deer into the woods .,A dog chases a deer on a field with yellow flowers .,A dog chasing a deer in a field of yellow flowers .,A dog chasing a deer in a field with yellow flowers .,The dog chases a deer near the woods .,-0.1523975279288987
736,681,14f3dac0903165d82249be6bd2578ff551a3e4e8d226d4ba49ce174486313066,a woman in a red and white shirt,a woman in a red and white uniform is holding her arms out to the side of her face.,0.3910529871857329,0.17780210925728063,"A dark-haired young woman , number 528 , wearing red and white , is preparing to throw a shot put .",A girl is curling in a competition .,Athletic woman in red and white uniform throwing shot put .,A woman is about to race around a track .,Shotput athlete getting ready to throw .,-0.21325087792845226
737,770,4296c65ffe9ec0abf2388b8d7db9e664b5cfa174c45247faa22eb16fc96a3a74,the girl is wearing a dress,a little girl in a pink dress is walking down a sidewalk.,1.0632076098063827,2.0303640756774377,A girl twirls in a pink dress .,A little girl dancing in a pink and green dress .,A little girl twirls around in a flowery dress .,A young girl in a pink dress is dancing .,Blonde girl in green dress with pink flowers .,0.967156465871055
738,322,5bd94910742ecd07acc4dfc907e8d9a2731ae3e98aa99bdc07f19a7d5a0e10b8,a boy holding a snake,a boy in a green shirt is holding a large snake.,1.0395006640603157,3.0755475267350993,A blonde boy stands among people in a shady setting with a large snake wrapped around his chest .,A boy carries a huge snake around his neck outside .,A boy has a large snake wrapped around him .,A little boy in a green shirt is holding a large snake .,A young boy has a snake draped over his shoulders .,2.036046862674784
739,727,58352bb06003dd90572fac24b7d99f2b496fff748a5b7640a7dabe956cbca4d9,a group of people sitting on a park bench,a man and a woman sit on a park bench with a baby in a stroller.,0.20420626749027118,0.712543967900098,A woman leaning over to help a child in a stroller with a man laying down on a park bench and another sitting on a bench .,a woman ties her little girls shoes in front of a bench with a man sleeping on it,People at park sitting on benches and a woman taking care of her child in the stroller .,The woman helps her child as the men sit and lay on the bench .,This family needs a rest after their long walk so they stop at the park to feed the pigeons .,0.5083377004098268
740,965,054666460edc87e2bbbcc8672e4afdaeda45c9b3767398a7718cf917dff01950,a boy flying a kite in a field,a boy in a white shirt is running through a field.,0.1493556799131661,1.2279756149089385,A child in a white shirt and brown pants is walking through an uncut field .,A child wearing a white shirt is walking through the green grass .,A small boy with braids runs through a field of tall green grass .,A young child runs through a large field of grass .,The child is walking through tall grass on a sunny day .,1.0786199349957724
741,949,26cc1c7bf7c166b9deaecf33046882880ef48a2e187189c810cd359ac9aad897,a man in the water,a man in shorts is standing in the surf with a paddle.,0.05245641471666691,1.1055743190348915,a boy holding an oar walk through the ocean .,a boy is carrying a paddle whilst walking through the water on a beach .,A boy is on the beach with a paddle in his hand as he walks through the ocean water .,A boy with an oar walks out of the surf and onto a beach .,A little boy walks with a paddle out into the sand .,1.0531179043182246
742,158,96d49db367226fcb111879942f7fa1251016712cc9ac8502d9b2dcd253f19179,a skateboarder doing a trick at a skate park,a skateboarder in a red shirt is doing a trick on his skateboard.,0.9273754746799556,0.9800847501376384,A man wearing a red helmet jumps up while riding a skateboard .,A young man wearing a red jacket performs a jump on a red skateboard .,The helmeted boy is doing a stunt on a skateboard .,The young man is skateboarding at a skate park .,Young man is performing a trick on a skateboard in a park .,0.05270927545768278
743,999,681e551a06997ce0388a1309382589cb5a683f18aa85d5959d39e93b124e480c,a man on a rock,a man in a red shirt is rock climbing.,1.3245615909776567,2.0284462267885197,A man in a pink shirt climbs a rock face,A man is rock climbing high in the air .,A person in a red shirt climbing up a rock face covered in assist handles .,A rock climber in a red shirt .,A rock climber practices on a rock climbing wall .,0.703884635810863
744,95,a62c0d66fa78cdc57f7e95f043e0eac4ee0c31f49693ef122ef13d49c3a81894,a skateboarder wearing a white t - shirt,a skateboarder wearing a white t - shirt and black pants.,0.023931439060417958,0.029917438820999436,The camera focuses on two people 's legs .,The legs and mid-sections of two people with skateboards .,"Two guys walking , one carrying a skateboard",two male skaters walk on sidewalk,two people wearing white shirts and jeans each carrying a skateboard,0.0059859997605814785
745,348,ad9775b0d4b62786afd36383d8dde4ad3851cccb778dc14ade895d8505edaa3e,a woman running in the rain,a woman running in the rain.,1.7313510330197048,1.7313510330197048,A loan runner participates in a race in the rain .,A woman in a red vest jogs down the street in a heavy rain .,A woman runner in red is getting drenched in the rain .,A woman wearing a red vest runs a race through the rain .,Woman jogging in the rain .,0.0
746,487,2054cfeee0111eb2502f282271d7b204b52da196224e734955744e44ea0e9dad,a man and a woman standing on a hill,a man and a woman are standing on a hill.,0.29474679647234026,0.4193905131339014,Three man looking into the distance,Three men are standing on a cliff overlooking mountains and the ocean .,"Three men are staring at the big , green hills in the distance .",Three men looking at grass covered hill .,Three men stand on a mountain looking at another .,0.12464371666156115
747,175,805be404d0b2d51e00c823b29722f26cfeac2208389185eb5f9fb17c61b65ab2,a young boy holding a basketball ball on a court,a boy in a white shirt is holding a basketball.,1.299610022911988,1.1206571152508054,A boy playing basketball in a gym,A young boy holding a basketball about to shoot .,"A young boy , playing basketball , is getting ready to take a shot .",The boy in the white jersey is dribbling the orange Wizards basketball .,The little boy in the red shorts is going to shoot a basket .,-0.17895290766118266
748,341,bc20dc472f2b6196c046b82aa538a5da622d0cdf779ae107df3e1fb9678007e5,two dogs running in the dirt,three dogs racing on a dirt track.,0.4554655743500632,2.275398348577974,The greyhounds are running quickly in this race .,Three dogs racing on racetrack,Three dogs running on a racing track .,Three greyhounds racing on a track,Three racing dogs with masks on their mouths .,1.8199327742279108
749,804,be03248f7b7a0fabbb2331ad16a307f4db101700716ed5c7c7043ecd878b2b27,a man riding a horse,a cowboy is riding a bucking horse in a rodeo.,0.5456040884980575,0.9186732027677904,A cowboy gets kicked off a horse that is bucking,"A cowboy is thrown from the horse he was riding , while the judge stands by with his hand on a yellow flag .",A man at a rodeo is thrown off a horse .,The horse is kicking up its hind legs at the cowboy whist another man stands ad watches .,Two men in western attire with a brown horse kicking into the air .,0.3730691142697329
750,186,c429d5e9d1211fcd4298332e379e858efced5e268816498c91926180230a8a39,a man in a boat,a man in a boat on the water.,1.0126754998790795,0.8340852006328487,A man in a rowboat is rowing across blue water .,A man is rowing in a small boat called Neptuno,A man rows his boat below .,Man rowing a boat .,The fisherman paddles in his to a new spot .,-0.1785902992462307
751,920,e05b2ec21bfd10056b3ea190bbc7768be64994235a0242eddf9f18022a4b5dd4,a man wearing a red and white shirt,a man in a red shirt and a man in a grey hat are sitting in a chair.,0.8405788816406503,0.5020509645809103,A man with red shirt and black hat stares at another man .,Asian man in red flowered shirt and hat in discussion with two other men,"Talk between man in Hawaiian shirt , older man in gray and man seen from behind .","These three men are sitting near each other , and are all wearing short sleeved shirts .","Three men , one in a red and white shirt , are sitting together .",-0.33852791705974006
752,263,f6c3bb8816535cbe1642e23d2d87369fffff07de388cac674ce3a0087179d194,a young boy standing on top of a fire hydra,a young boy in a white t - shirt is balancing on a metal pole.,0.10265211332944532,0.3743403598407107,A boy with his hands above his head stands on a cement pillar above the cobblestones .,A child in colorful shorts is standing on a post in the street .,A small boy stands on a cement stump in a park with his hands on his head .,a young man wearing a white t-shirt and green and black shorts standing on a stump .,Small child in white shirt and print shorts with hands over their head standing on object .,0.27168824651126533
753,411,40ad003c22077b474f1adfc1dd90c96812cabdcb724d4e4995dcc434909c166d,a man riding a dirt bike down a hill,a person on a dirt bike in the dirt.,2.4593269253789547,1.9207867301883934,A man on a motorized bike rides across a dirt road .,A man rides a pinkish motorbike on a hill .,A person on a dirt bike is riding up a sandy hill .,A person riding a dirt bike .,Man riding a dirt bike on a dirt track .,-0.5385401951905613
754,257,099970b07085160e82fd97a80fcfde65f34225747328547f27c2fee4a1f074fc,a dog standing on a log in the water,a black dog is standing on a fallen tree over a stream.,0.8999293009908805,1.3548185669236588,A black dog is slowly crossing a fallen log that is outstretched over a stream of water .,A dog crossing a river on a bridge made of a fallen tree .,A dog walks on a log across a small river .,The black dog is walking along a tree trunk bridge over water .,The dog walks across the stream on a fallen log .,0.45488926593277823
755,811,30e0791b41ef8798192a79ba8c03dc5c9fbda85b9c16e2b9d15f6dd0d0c2692c,a man wearing a red shirt,a man in a red shirt is playing the drums while another man in a red shirt watches.,7.195618305861399e-06,0.14284365452342604,"A girl 's hands , another person 's feet , and a boy playing bongo drums sit on a picnic table .",A picture of a group of peoples ' feet .,"The legs and feet of people sitting on a wooden table , two cameras and cigarettes on it .",Three people are sitting on a picnic table along with two cameras and a drum .,Three people sit on a bench .,0.14283645890512017
756,316,6542e3e9a145bd2ae8969babd8ba976a83a5e295699ee6b842b5e5a6067172c5,a man sitting in front of a fire,a man sits by a campfire at night.,1.1062258925731565,1.0395229205796879,People sit near a fire outside .,Two men are sitting by a campfire .,Two people are sitting next to a wood-stacked campfire at night .,Two people sit around a large fire .,two people sitting in the dark near a blazing fire .,-0.06670297199346864
757,251,a11705e2b0d06b0863defcaf1ef7373496d01e2786dad4c56daded7f8834f22e,a man on a motorcycle,a man on a motorbike is performing a trick in front of a crowd.,1.1711577493501428,0.44867074583066635,a man doing tricks on a motorcycle,A man puts his motorcycle up on its rear wheel on a track .,A man riding a motorcycle is performing a trick at a track .,A man stands on his motorcycle while doing a wheelie .,The motorcycle is being ridden on a track whilst pulling a wheelie .,-0.7224870035194765
758,942,480547fdb7cef55cb1cd889ac17b9a04fbe0867a87fab50e67f27a5d9b1def0b,a woman sitting on a bench in front of a city skyline,a woman in a denim jacket is sitting on a railing overlooking a city skyline.,0.4868984908824465,0.42774738284646113,A blonde girl poses for a picture at Kerry Park in Seattle .,A girl in a blue jacket is sitting in front of the Seattle skyline .,A woman looking at view of a city .,Blonde lady looks at Space Needle,Blond woman overlooking Seattle Space Needle scene .,-0.05915110803598539
759,600,4fcc1fd004f82caa03bd19ad6129ee559d88508b0b1c45d40423a53b98844389,a man riding a bike on a sidewalk next to the ocean,a person rides a bicycle on a sidewalk near the ocean.,0.3606568179017003,0.3708237660981136,Two bicycle riders in twilight on the shore .,Two children on bikes riding on a desolate street near water and a streetlamp .,"Two kids ride their bikes by the ocean , in the evening .",Two people are on bikes are next to a white building .,Two people are riding bikes on a vacant street near the ocean .,0.010166948196413339
760,506,f62dd3553f6b7be55623bcc89a8e776e668071178102583c9656ee12f7f4e14a,two birds on a roof,a brown bird is standing on the edge of a brick wall.,0.0021670061157911796,0.6510377644859084,A bird eating .,"A small , pale bird bends down to examine a crumb .",A small white bird looks at a small object .,A tan bird stands on a ledge about to eat something .,The bird leans over to a small piece of food .,0.6488707583701173
761,78,cf740ae90721facda9456a0f2f4c3abf4f7825c18318d2ce136644a487e527f5,snow on the ground,a group of people are camping in the snow.,0.053768656401221776,0.09307109642206313,A man holds a flag next to a snowbound campsite .,A man with a Texas flag stands in the snow by tents .,A person setting up a tent beside a few other tents on the snowy ground .,Mountain climbers are setting up their tents .,"With a pack and ski pole on the ground , a man wearing a winter coat is holding a tent while other tents are already set up .",0.03930244002084135
762,240,d424b12f1e3615a057b2aa3eb3b0961cf6de6c19b1a0ca4105117d028f7b073e,the seats are blue,a young boy swings a bat at a baseball game.,0.10008518667630226,0.49694078767622085,A little boy is holding a skinny baseball bat while standing between two rows of blue seats .,"A small boy dressed in a black sweatshirt with a logo on it , holds a red bat in front of blue stadium seats .",A young boy in a team sweatshirt is in a sports stadium near blue seats swinging a red bat .,A young boy practices his bat swing while in the stands with blue seats .,The boy wearing a black shirt and blue jeans is holding a red baseball bat .,0.39685560099991857
763,760,dfc4cf03f0b17a4e10cd63474776d2ca14e290f0f78b157e6dc37496f27391aa,two people standing on the sidewalk,a man and a woman are looking at a sign that says the domain.,0.15575121875619635,0.6032713822534937,A couple are looking at an area map .,"A man and woman are standing in front of an art gallery , looking at a map .",Tourists examine a sign .,Two people are reading a sign in front of a museum .,Two people read a sign in front of a museum .,0.4475201634972974
764,376,858fcaad10f5a62a0cfe131b070c879ad3b35c9f1b64dcee9c6791935a0d8e1f,a man jumping over a small waterfall in a stream,a man in a black shirt jumping into a creek.,0.12536203878748842,0.11181902101415939,A boy jumps into water fully clothed .,A boy jumps into water while another watches .,A boys jumps in the water while another boy looks on .,A kid jumps over a small waterful while another boy looks on .,Two boys playing in a lake .,-0.01354301777332903
765,214,c9d197a46831f8b7efa912dc679d56e9b693975d1f1c0a2023599edd025fd427,a child sitting in a shopping cart,a child wearing a helmet sits in a shopping cart.,2.238985455281967,1.8655980146330946,A young boy in a paper crown is sitting in a shopping basket .,A young boy is wearing a paper crown while sitting in a grocery cart .,Boy with a red crown in a shopping cart .,Dark haired child wearing jacket and paper crown while sitting in shopping cart .,Kid wearing a paper crown sitting in a shopping cart .,-0.3733874406488722
766,549,5b98ae3f17dc81088d17b98bda665155e2164667ac07617c90aa1bf53866e4fe,the wave is white,a man in a black wetsuit is surfing on a white surfboard.,0.2872702799482696,1.4819523610266816,A lone surfer on a white surfboard atop a huge wave in the ocean .,A man in a wetsuit is surfing up and over a wave .,A man in a wetsuit surfs .,A surfer in a black wetsuit rides a wave .,This is a male surfer riding against the waves .,1.194682081078412
767,418,5a33ce13dc1c2331d11f651535203841d7551974675ec24d29b027066cfa805c,a person on a dirt bike in the air,a man on a red dirt bike is in the air.,1.4111553065093378,0.8100196550512745,A dirt biker leaps through the air .,A person on a motorcyle does a stunt in the air .,Man on a dirt bike,Motocross rider during jump wearing black and white striped helmet,The red motocross bike and its rider are airborne above the trees .,-0.6011356514580634
768,884,1a93a74aab89e10d4f28133f11c22eddd05db4a16f09367795048c389b890cc7,a dog running in the grass,a white dog is running in a field.,0.8545685335610467,1.267149412601617,A fluffy white dog runs through the woods with his ears flapping in the breeze .,A small white dog is running across a grassy field .,"A white dog runs in the grass ,",A white dog wearing a red harness runs though the woods .,The little white dog wearing the red collar is running in the grass .,0.4125808790405703
769,270,58036cf6eb059ab8514ae8d84de44944a94da35798e623244533b79338b6005d,a young boy jumping in a pool,a young boy in a red swimsuit jumps into a blue pool.,0.8996868020012179,2.2646837701931273,A boy wearing red shorts is jumping into a paddling pool .,A little boy in red trunks plays in a kiddie pool .,A little boy is jumping into an outdoor kiddie pool,A little boy jumps into a child 's pool in a backyard .,A young boy wearing a red swimsuit jumps into a blue kiddie pool .,1.3649969681919094
770,13,bc55b19833eb44a8b669952aa678db1112ca9a556b06269cc9817bc5508b0cb7,the man is wearing a yellow shirt,a man in a yellow shirt smiles at the camera.,1.1776881964020194,0.8982347268700065,A man in yellow grimaces .,a man wearing a yellow shirt with a dramatic look on his face,The man in the yellow t-shirt is pulling a large grin on his face .,"There is a man , wearing a yellow shirt , and grimacing .",This man is smiling very big at the camera .,-0.2794534695320129
771,492,5d5aff7ac0960dd41027f69551deb2eac32dc1ed4bf639ba36a5bc9f26d6a601,a group of young men playing a game of basketball,a group of young men playing basketball.,1.1952115013129974,0.9469832563717784,A basketball game,a group of athletes playing a basketball game,A group of basketball players jump in the air for the ball .,Basketball players participate in a game .,Black and yellow teams are trying to get the basketball in the goal .,-0.24822824494121898
772,161,302a53af47b10c86b0c0ef3cff7c4ffcc6ac1acbbeff9840f6b258b7eb704ece,the sky is blue,a child in an orange jacket is standing on a snowy hill.,0.002076872672805245,0.8669652122911047,A kid walks on a snowy hill with their arms out .,a little boy plays in the snow .,A toddler in a red jacket is balancing on top of snow .,A young child wearing orange balances on a snowy ledge .,The little boy in black and orange walks through the snow .,0.8648883396182995
773,392,3020ad1989839b9f08dae31b97b1bb360a246d2716fa5c484c392c83e2201418,two dogs playing in the grass,a black and white dog jumps up to catch a frisbee.,0.45930591940996146,0.4075083000293899,One dog leaps to catch a softball while another looks on .,"The two dogs , one of which is leaping in the air , are chasing a ball outdoors .",two dogs jump for a ball on a green field .,Two dogs play catch with a ball in a field .,Two small dogs pursuing a ball across a grassy field .,-0.051797619380571536
774,216,03cc6e8b47852f98eb736fc664109f10fdb0b8dceea94b97f5916b8106149e6d,a woman standing on a beach next to the ocean,a young girl in a red coat is standing on the beach and taking a picture.,0.257607461962469,0.4808321923490208,A child on the beach while a woman takes pictures nearby .,A little girl in red at the beach while a adult points a camera .,A man and a girl are at the shoreline while the man takes a picture and the girl hods a doll,A woman is taking a photograph on a beach at the edge of the water while a girl stands in the foreground .,A woman taking pictures of the surf and a child in the foreground .,0.22322473038655183
775,207,7c39d643b6cddc11d90f6630deb58ddada9f12f655f22a91828f351abe70fd9d,a little girl standing on top of a bed holding a remote,a little girl in a blue shirt and jeans is jumping on a bed.,1.0997428565238758,0.9759632725231935,A little girl is falling backwards onto a bed .,A young girl jumps on a bed .,The young girl is happily standing inside the house .,Two children play on the bed with a remote control .,Young blond girl in blue jeans falls back on bed while another child looks on .,-0.12377958400068234
776,606,5d729017653df718b6bafd9c48ab0f2a9234313379872fe6c5511258919e001f,a group of people posing for a picture,a group of people pose for a picture.,0.5206156782999131,0.529851370390346,A smiling group posing together .,Four people pose upclose for the camera .,The young adults take a group shot of themselves .,Two men and two women taking a self-portrait,two women and two men are posing for a self held camera photograph .,0.009235692090432956
777,685,2573208db4c71f3ece0cd26593320b862cfc31b73f5f75366eab788e3b35c4bd,the man is wearing a leather jacket,a man in a leather jacket points at the camera.,0.47335884145195095,1.0282406181019725,A man in a leather jacket and striped shirt points at something off camera .,"A man in sunglasses , a red striped sweater , and a leather jacket smiles and points his finger .","A man with dark glasses , a black jacket , and a white and red horizontally-striped shirt pointing at something while standing on a sidewalk .",A man with shaggy hair and a moustache pointing down a street .,The man with the red and grey shirt and glasses is pointing .,0.5548817766500216
778,112,ca3e250e75f17b1d410562260429912ee367b9580174d00c172acf8d35fd0a1b,the steps are made of brick,a man in a black shirt is standing on steps in a park.,0.010232761042062076,0.14426240338345697,A man and child stand at the bottom of an outdoor staircase near benches .,"A man and young boy are standing , looking at each other , in an outdoor garden area .",A man in an ampitheater talking to a boy .,A man talks to a boy in a vacant area .,The man and the boy are standing at the bottom of the outdoor stairs .,0.1340296423413949
779,507,e2990359a0a08422a511f42e752c86c7a1b4ee52b64b045b0895a98a05c39820,a group of people standing on a stage,a group of people are performing on a stage.,0.9101094118820388,1.648306903754428,A group of women are performing onstage .,People in a dance,Some women in white perform on a stage .,Women participate in a skit onstage .,Women who look alike are performing on a stage .,0.7381974918723893
780,18,b1d2718f3870f51a4402f1af4f5b40e8fdca8b45f3a167bfe24f005e4ba74485,a woman and a child playing with soap bubbles,a woman and a child are blowing bubbles.,0.5680753165170102,0.5014581789639356,A lady holds a little girl who is trying to catch bubbles .,A woman is holding a little girl who is trying to catch bubbles .,A woman with holding a young girl playing with bubbles at a picnic .,"A young woman in a blue shirt stands , holding a young girl in a denim dress .",There is a woman holding her baby daughter while the daughter claps .,-0.06661713755307452
781,665,ee50e1b6a41aba7bddb4ef6f7027020b0aa1e1b337e5f8d63cec8d56eea03ff5,two women petting a kangaroo,two women petting a kangaroo.,1.2399204668391737,1.2399204668391737,a woman in jeans and a woman in shorts are petting a baby kangaroo .,Two girls pet a small kangaroo in a grassy field .,Two women bend over to touch a small kangaroo .,Two women pet a baby kangaroo in the park .,Two women pet a kangaroo in a park .,0.0
782,523,3dc2a3b22b8a8e0aad4295320578f685eb2822aabd72539f8df186e3b03c9742,a skateboarder doing a trick in a skate park,a skateboarder does a trick in a skate park.,0.6215239961492001,0.6022130092922378,A skateboarder casts a shadow jumping down stairs .,A skateboarder flies off the stairs .,a skateboarder jumps a staircase .,A skateboarder performing a kickflip over short stairs .,Skateboarder jumping down a short flight of stairs in a dimly lit warehouse .,-0.01931098685696231
783,157,8eb01dc052154170438285fe76e81d1df563a35eede1f74eac8ebdfc4560ee48,a small white dog running on a tiled floor,a small white dog is running on a tiled floor.,1.590253074090785,1.6812786232879944,A beige puppy walks across the floor .,A small puppy rungs towards the camera .,A white puppy is running on a tiled floor .,puppy running on the floor,The white dog ran across the tile floor .,0.0910255491972094
784,205,4ede36967717b18ffcabe4683a253f3e691917e862f372e90cd47cdace1b28e2,a woman holding a camera,a woman is taking a picture while another woman is taking a picture.,0.6968129959796653,0.11361563631018276,A woman holding onto a camera smiling at the camera .,A woman with a blue hat and blue and red jacket setting up a camera on a tripod .,A woman with a camera on a tripod is smiling for another camera .,People at a photo shoot .,The woman in blue is operating a camera in front of two other women .,-0.5831973596694825
785,335,517e542ee7be426bd27e169335a31e0e4ef45c5588d73bb2156e07ef222950af,a man in a white suit,two men in white suits are fighting in an ice sculpture.,0.038506734249398586,0.253712071971635,A man doing a karate kick on a block of ice .,A man karate kicks a stack of ice bricks .,A martial artist breaks a brick .,A martial artist breaks ice with a kick .,The man breaking the ice with his foot stands on a blue mat .,0.21520533772223638
786,458,2507bde0c49ba5b7cb2ec689dae2641c54cc64926b3a7f9d84f648befdadfbe7,two people playing with an orange ball on a sidewalk,a girl in a white shirt is kicking a boy in a black jacket.,0.011127904605809216,0.33726918179681403,A girl doing a kick near a woman .,A girl in black high kicks over a jack-o-lantern .,A girl in jeans tries to show an adult how high she can kick .,A girl kicking her leg up to the shoulder of a woman standing next to her .,A woman kicks at a man .,0.32614127719100483
787,223,e3b14ff1e36449ce923d75aed4aebe8f4f73d26d55d53b43a82661544d00f6f8,a group of football players standing on a field,a group of football players are standing on the sidelines of a stadium.,0.38146866946492075,0.23500849253758588,A coach speaking to a football player while everyone watches .,A football player from OU talks to the coach about the game .,A football player is talking to his coach .,The coaching official and football player are talking in front a crowd and other team members .,The coach talks it over with his quarterback during a timeout .,-0.14646017692733487
788,928,600c5cdaf78264198766cdc0d51d9a38d7eb987540531dae600364aed6221552,a young girl on a swing in a playground,a girl in a purple shirt is upside down on a swing.,1.0289367747143436,2.957900518286057,A child swings on a swing .,A kid is upside down on a swing .,a young child in a purple shirt hanging upside down on a swing,"Little girl , upside down on swing .",The girl wears a purple outfit and swings upside down .,1.9289637435717135
789,578,1f5f70aa118649315f4b25531213a1916ce39105eb420314f87c647e451e960f,the dog is jumping,a white dog is jumping over a brown cushion.,0.2986347452053934,0.8628834330268642,A small dog leaps across a brown pillow .,a small white and black dog jumping over a big brown couch .,A small white dog with brown on his face and back is jumping over a cushion .,A white dog with black spots jumps in midair .,White dog high jumping over some pillows .,0.5642486878214708
790,521,3d6cf6929ffd45cc22aaed38c525a619265644ebfe21659ef286fad2c80559d7,a group of dogs running in the snow,a woman is riding a sled pulled by four dogs in the snow.,0.26080077811399954,0.5384737431155328,A bobsled team runs through a snowy trail .,A pack of Huskies run across the snowy ground .,A sled and dogs mushing,The dogs run in the snow pulling a sled with a person .,The dog team is pulling the man on the sled .,0.2776729650015332
791,362,c56efb6e27d2cba16439524620f1cc37e32a1805c0756f580835fac1231aa3d2,a group of people sitting on the ground,a group of people sit on the street.,0.8004740928535652,0.5396895742725304,A boy looks suspiciously at someone nearby .,A group of people sit on pavement wearing dark shoes and warm clothes .,A row of legs and black boots with a boy sitting at the end of the row .,A row of people sitting on the ground wearing matching heeled boots .,The young man is waiting with others on the sidewalk .,-0.2607845185810348
792,895,ec8608f8ab40271adc2bcf6e049d24270eede91435e073ffc396a495be7780a8,two people walking down the street,three people walking down a street.,1.1713338623870695,1.0655039619401874,a couple walking down the street carrying bags,A man and a woman are carrying bags down an empty street .,"A man and a woman walking down a street , carrying luggage .",Two people carrying various items walking down a city street .,Two people carry their bags down an unpaved road .,-0.10582990044688212
793,510,81f8646235a08ef63e31cd5c09d78f9bfe07d3cf8c3226ea2150968d290a23b9,people on an escalator,a group of people are riding down an escalator.,2.2275654218567578,1.5858235229688775,People are standing on an escalator moving up .,people go up the escalator .,People ride up an escalator .,People travel up the elevator together .,Several people ride up an escalator .,-0.6417418988878802
794,571,86e69f382677a215a76f446f3dc45e87a504407aec62fd0b31d64cd01acaf076,the sky is clear,a woman and a child are standing in front of a vending machine.,0.00025494736857082045,0.16849150625249082,A man and a toddler look at advertisements .,A man and child in front of a billboard,A man in a black coat and hat and a child with a red snowsuit and Pooh backpacker read advertisements near a McDonalds .,A man stands on a street corner with a small child looking at a sign .,There is a man with a young child in a red outfit looking at advertisements .,0.16823655888392
795,919,994044c25463c5125aeb5cd6032aba2f2849d442078e1b60fa700a7e1c35b068,a man climbing on a rock with a rope,a man climbing a rock face.,0.6187707662943036,0.9318715575171685,A girl is climbing a rock wall .,A person climbs a steep mountain .,A person wearing a white hat climbs a rock .,A rock climber ascends .,Someone climbs a rocks .,0.31310079122286494
796,407,5edeab9696c89960d3e9bef367214ab5fa0ec32a862e245444eaa974caae6769,a man doing a trick on a skateboard,a man in a purple shirt is doing a handstand on a sidewalk.,0.003535466563233277,0.008367386829784119,"There is a man and a boy , both standing on one leg , with at least one arm sticking out .",Two men are posing oddly outdoors .,two men posing with their legs up with a train in the background,Two men put their arms and legs out to the side .,Two young men are both standing on one leg with their arms stretched out on the street .,0.004831920266550842
797,826,b13fdbee0eea8776f13345c87d40ca53948d25940779b7cc7508c54c4d52f956,the boy is wearing a red shirt,a boy in a red shirt and jeans is upside down.,0.3175810154964016,0.20610476103491857,Boy pulls other boy over back .,One boy hoists another boy up on his back .,"One child lifts another on his back , inside a room .",The boy in the gray shirt is holding the boy in the red shirt on his back .,Two boys are back to back as one holds up the other .,-0.11147625446148304
798,4,c2fb1b6ae26a511bc2c3974f29d5807ac7a06fcf851f1f2b877e24bbc18907d4,a child playing with a toy in front of a fire place,a little boy in orange shorts and a red shirt is playing with a green toy in front of a fireplace.,0.690035194623178,0.5522469487323322,A boy with a toy gun .,A little boy in orange shorts playing with a toy .,A young boy with his foot outstretched aims a toy at the camera in front of a fireplace .,A young child plays with his new light-up toy .,Boy with toy gun pointed at the camera .,-0.13778824589084582
799,94,e3191f2722fe8e7580c85f0f9acb462fc1d5890440746181b68327058ef764b2,the building is made of brick,a group of people sit around a fountain in front of a building.,0.09448297724132715,2.247461665253595,A few younger boys play around a fountain .,A group of people gather around a large fountain .,Three boys play around a fountain in an office building courtyard .,Three kids are playing at a fountain in front of a building .,three kids playing around a fountain,2.1529786880122677
800,560,ca38a651acd5002e7243fc5cd5acbcc4d7c8c7871dc50e27e286ee4816bd0f66,a man holding a magazine,a man in a black jacket is holding a picture of a woman on the street.,0.25330886549241377,0.7169864680615167,A man displays a photograph .,a man holding up a picture of two people suffering,A man is holding up a small poster with two people in it .,A man is standing in front of a motor-scooter holding up a picture .,A man is walking down the street holding up a picture .,0.4636776025691029
801,481,9970f3d17d405edd85978343289a625fe5ec8b6bb8de3576aba1831f0ae14537,the water is blue,a woman in a blue life jacket is sitting on a purple slide.,0.06999363438197476,0.7460519077810648,"A child , held by his mother , slides down a water slide .",A woman holding a young boy slide down a water slide into a pool .,A woman is holding up a child as they coming splashing down a slide into a pool .,A woman is sliding down a water slide with a little boy on her lap .,A woman slides down a purple water slide with a small boy on her lap into a pool .,0.6760582733990901
802,499,8eea71bcee10be97e72eb3fa5df4c11dd0584533d966bd8f7b44a8e941e9ef00,the water is chop,a man in a black wetsuit is riding a wave on a surfboard.,0.002061000053751667,0.7942995959709619,A person rides the waves on a surfboard .,A person surfing .,A surfer is riding a wave .,A surfer riding a large wave,A surfer riding a surfboard in rough seas .,0.7922385959172102
803,323,d9b1ef6f762f9e6f0ed71539e37cb998eb3a60a2b1fc44c68eb91472db9e20d0,two small dogs running in the grass,two white dogs run through the grass.,2.3368080893161034,3.0268895276457117,The two small dogs run through the grass .,Two fluffy white dogs running in green grass .,Two small dogs run through the grass .,Two small dogs that look almost identical are playing in the grass .,Two yellow dogs run together in green grass .,0.6900814383296083
804,93,27aada78748b555c275bec58b5d436110b29d6b7c99c2b1534dcae5d1fcfcbab,a man playing with two dogs,a man and two dogs on a beach.,2.7160961199996244e-06,0.046400571147792585,A large dog sniffing a human hand while a small dog is sniffing the large dog 's butt .,A person reaches for a large grey dog while a black dog trails .,A smaller dog sniffs a larger dog in the hills .,the black dog is sniffing the brown dog 's butt .,The lady ask the dog to give her the ball on their beach walk .,0.046397855051672585
805,843,bb6fa8cb02550db748e1aa1c4fe3a10df71bcfea42417afc59153bd1387c5673,a dog on the beach,a brown and white dog is walking on the beach.,1.6759790001979649,1.670531320499147,A brown and white dog is standing in shallow water on a beach near a large rock outcrop .,A brown and white dog on the beach .,A dog standing on a beach .,A dog stands on the beach with a large rock behind him .,An unusual looking dog is standing in front of a beautiful backdrop .,-0.0054476796988178755
806,877,5f9f38682f932c2f875db6cde340c17b8e0e3822c0241293c76e229798e5b278,a large body of water,a hiker stands on a rocky hill overlooking a lake.,0.3509111725226959,0.7315126499444919,a man stands alone on the rocks .,A man stands on a rocky cliff overlooking a body of water .,A person is standing on jagged rocks above the water below .,A person with a backpack stands on a rocky bank beside a body of water .,Person standing on rocky edge of water with hilly land in background .,0.38060147742179606
807,763,d2be5847a650e1722422479676ed40131db87328af1567e978f0f57c67192b1b,a dog in the water,a brown dog carries a stick through the water.,0.5609176889509615,1.1758252024446292,A dog carrying a stick while walking in water,A dog with a stick in his mouth walking through water .,A large brown dog with a stick in his mouth coming out of water .,A wet dog carrying a stick in its mouth .,Dog retrieving stick in water,0.6149075134936677
808,389,390b9d2a02b8bb7cc9621d8bb691a2726f87a2622f761a97ec1185ef7e8bbf58,a boy on the beach,a young boy in a bathing suit on the beach.,0.32327968152464964,0.521137616732414,A black boy in orange and white trucks on playing in the sand .,A black boy is sitting in the sand .,A boy plays in the sand .,A young child wearing a striped bathing suit sits on the sand .,The boy sits in the sand with no shirt .,0.19785793520776435
809,397,6f1fafeaef3416d930b926b29465004bad38fbfe6731052ea633ac596c0e0bd7,a man riding a motorcycle,two people are riding motorcycles on a road.,0.485766667449185,0.12877318430564444,A man on a motorcycle riding on his back tire .,A man on a yellow sport bike does a wheelie as his friend on a black bike catches up .,A yellow motorcyclist is popping a wheelie .,The orange rider is driving a motorcycle on one wheel .,"Two motorcyclists on a blurry road , one rider doing a wheelie .",-0.35699348314354057
810,564,4dbda48cc98bf577a0e8df87c5c561da9567f783d425e2a1aa764d4c1ede7620,a crowd of people sitting on the grass,a crowd of people are gathered in a field.,0.4022725938716048,0.2373691591606341,A crowd at an outdoor event .,A crowd is gathering on a grassy plain .,A smaller art festival on the edge of a forest,children play in grass at a crowded outdoor festival .,People mingling at colorful fair .,-0.1649034347109707
811,32,31664ce5c9d85874ea2a041b9b85c8d4cdbc0a28a9a0d6fb50b3bbdbf768aa26,a man wearing a suit,a man in a suit is sitting on a subway train.,0.29099873897697914,0.683193790278471,A man sleeping with a bag on his lap on public transportation,A man who has fallen asleep on public transportation .,"An asian man in a suit on the subway , asleep .",A tired business man takes a quick nap while riding the train .,A young man in a suit and tie leans against a railing to take a nap on public transit .,0.3921950513014919
812,386,9553c0b35d3395ac1c5ad57c26c1867a178ad58321958e35d4b1b46187d8c2b2,two children sitting at a table,two children sit at a wooden table in a blue room.,0.20382694786633776,1.6995798459554798,An African man and a boy are standing behind a coarse wooden table in a blue room .,A young boy and an older woman sitting at a brown table in a blue room .,The person in the yellow shirt is sitting with a child at a wooden picnic table .,Two people sit in front of tables in a room with blue walls .,Two people sitting in a blue room with ratty wooden seats and tables .,1.4957528980891421
813,364,9d9790bf8d1beb6ff053b08127ac891d21ff7fa8ef214599a2f03fdb423153e5,a person is parading in the water,a person is being pulled through the water by a parachute.,0.21660799077932014,0.7673715833383364,a man crashes into the water with his parachute .,A parasailer splashes along the surface of a lake .,A person hanging from a parachute makes a splash as their body hits the water .,A person in a parachute sliding across the water .,The parasailer is skipping across the water .,0.5507635925590163
814,667,f95f5d403ac12ee800ced0e642266aa95ae56c658c4e8f3c776ec1bb0676603f,a woman doing a trick on a skateboard,a woman in a green shirt is doing a handstand on the street.,0.15131677268600188,0.3484917006504567,A girl does a cartwheel in the street while people watch from the sidewalk .,a girl doing a cartwheel in front of a crowd,A woman is doing a backwards flip in front of a crowd of other people sitting on the sidewalk .,Someone in shorts is somersaulting in front of a crowd .,The person in the black shirt performed a stunt in the street while the crowd watched .,0.19717492796445482
815,453,b46146d828482be12b5bef956827fe243c26898e594c5e95250ef431cfb28a33,the dog is running,a greyhound dog wearing a yellow and green jersey is running on a track.,0.17537218777009578,0.4232591677505928,A brown number six race dog is slightly behind a black race dog on a track .,two dogs race across the track .,Two greyhounds race .,two muzzled greyhound dogs running around a track,Two muzzled racing dogs running along track .,0.24788697998049702
816,440,dd209ae6e07d6608843fc26cf121e8552945a2f6bc712a51bb97aac00535b201,a dog running in the water,a white dog is running through the water.,0.7269885449071455,3.51344011823167,A pale colored dog runs through a body of water .,A white dog is running through the water at a beach,A white dog is running through the water onto the shore .,The white dog runs through the ocean .,White medium sized dog is running through the ocean .,2.7864515733245243
817,640,ed23ca27f64d265a5eeabcf13a211fb6a2f515cc00096051c936e018bc9131ce,a group of people watching a hockey game,two hockey players in red and white uniforms play on the ice.,1.1470056951916128,1.018420679389097,A group of men playing hockey .,"A team of hockey players , with one player taking a shot .",Hockey players with one taking a shot .,Six hockey players of the same team are skating around waiting for the puck .,There is an ice hockey game in progress .,-0.1285850158025157
818,633,cdd5c28cf2b57754a949c95da6541bc78bbecdb1b9d87674edc726a3f30cceaf,a group of people walking down a street,people walking down a street in an asian city.,0.7730610466137288,0.7022953079412426,A busy city street with many people walking along it .,A couple walk to the side of a crowded walkway .,Chinese market street in the winter time .,People walk down a paved street that has red lanterns hung from the buildings .,People walking down street lined with Chinese lanterns .,-0.07076573867248614
819,227,41626d382c55e646925635e807b8b56322135d28daee7b024f46c7bf1ce8d18c,a group of people watching a football game,the football players are wearing red and white uniforms.,0.48148586984935005,0.9288633379884137,A football player in red and white is holding both hands up .,Football players gather around the referees .,Football players gathering to contest something to collaborating officials .,Oklahoma University football players in front of a crowd of Sooners fans and next to three referees .,The red and white football team is talking with the officials .,0.44737746813906365
820,369,0e4ffb470c0468bb0294dcebccc40cc306d71d12b9d11c5471de124bac65bd85,a man doing a trick on a bike,a bicyclist does a trick in midair.,0.9668065715314467,0.11391266782432934,A bike rider is doing a stunt on a bicycle over a forest .,A man doing a bicycle trick .,A man is attempting a stunt with a bicycle .,a man is performing an aerial jump on a bicycle in front of a mountain covered with pine trees .,A person is holding onto a bicycle in the air with his body in flight position .,-0.8528939037071174
821,642,881e256fb9eb7edf606afd483a90db9d22abd9fcae4dbf8a6ac12985c842cc73,a dog laying on the ground,a brown dog is laying on the street next to a man in a red coat.,0.11470663005755863,0.19277621375718965,A brown dog is sitting on a cobbled pavement .,A brown god relaxes on a brick sidewalk .,A dog lies down on a cobblestone street .,A yellow dog is lying near where people are walking .,The dog is lying on the cobblestone street .,0.07806958369963102
822,416,d09a3d961729be450f848bcb1fb04be09a9d45f2e29fb447378bf4a260f844d8,a little girl sitting on the ground,a little girl in a pink shirt and black pants is sitting on the sidewalk.,0.30248778662548714,0.40448129552914225,A child plays on the floor .,A little girl throws a pink and yellow chunk of chalk .,A small girl is sitting on the cement dropping some chalk,A young child plays with sidewalk chalk by dropping it on the gound .,A young girl throwing her pink chalk .,0.1019935089036551
823,452,3a41dfd79169efc927c285e3c13a1f567fec2564503c4e6c73da599250cab953,a map on the wall,a girl in a red shirt is sitting on a bed with a stuffed animal.,0.26131178507419306,0.37680450677161165,A child in a red shirt is sitting against a wall with a map while eating .,A little girl eats an apple and sits in front of a map of the world .,A smiling child sits against a wall on a blanket and eats a snack .,A young child sits on the floor and leans against a map to eat .,little girl sitting down eating ice cream,0.11549272169741859
824,81,d2c344df858062fbe159353b535b889e1932f81490d703d6d63e330f410a3802,the dog is brown,a brown dog is walking in the grass.,0.2143129173576257,0.6265955351801051,A brown dog is panting hard on grass during a sunny day .,A brown dog walks in the grass with its tongue hanging out .,A dog running with tongue hanging out .,"A grey dog walks in the green grass , tongue hanging out .",a tan dog jogging with his tongue hanging out,0.41228261782247944
825,827,3291bb13208f9618830c386179784dd7ab4fee2617246e9769930cd394dc9e34,two dogs playing in the water,three dogs are running through the water.,0.8871091897009152,1.6906594577711225,Three dogs are running in the water on the beach .,Three dogs entering the ocean .,Three dogs rush to chase a ball thrown into the surf .,Three dogs walking away on the waters edge of the shore .,Three large dogs are playing in the water at the beach .,0.8035502680702072
826,820,3198e2f194ae6900967e1c7f25073ffca460f165dd463502af0ea112a205fb91,a man sitting on a bench,a man in a red jacket is sitting on a bench with a bicycle in front of him.,0.13255368077931365,0.038596043358574146,A cyclist sits on some steps with his bike .,"A helmeted man sits on steps with graffiti on them , and a bike nearby .",A man sits on the stairs next to his bike .,A man with his bike amid a demolished building .,Man with a bike sitting next to rubble .,-0.09395763742073951
827,863,3c524f725017e0642846be71a5eb8dff90b52f64889ed1df057ebb68f09be03c,a small dog standing on its hinds,a black and brown dog is jumping on a white fluffy carpet.,0.30538985694383514,0.2302826826108637,A small black dog is standing on two feet and wearing a pink tutu .,Small dog in costume stands on hind legs to reach dangling flowers .,The dog is jumping up beside a red wall .,The small brown and black down is wearing a pink tutu .,The small dog wearing a tutu stands on its hind legs .,-0.07510717433297143
828,370,c442dcb300317557b5904603128fdf40dffd29861c8629b5682f2a97ba2dee00,a boy holding a baseball bat,a young boy in a red shirt and blue hat is holding a baseball bat.,1.2010452732160202,0.9843222964339583,"A little boy holds a bat waiting for the pitch on a tiled outdoor area wearing a red shirt , white shorts , and blue flip flops that are too big for him .",A little boy playing baseball outside wearing flip flops .,A little boy preparing to hit a baseball,a small boy wearing a red shirt swinging a baseball bat,A young boy gets ready to swing his baseball bat .,-0.21672297678206187
829,311,81e258d7c57f94fc2f9358a67297c56d73dbb0203213fafb8b2adb4b2275c22d,people walking on the beach,a group of people stand on the beach at sunset.,1.8497189363823332,3.768397539431039,A bunch of people on the beach at sunset .,Two people are walking towards a group of people on the beach at sunset .,Two people walking along the beach at sunset towarn a group of people .,Two people walking along the shore at sunset .,Two people walking on the beach at sunset .,1.918678603048706
830,450,d4ad6c605b8e4d2649347eba981861e52e165e5002b75bc10bf89192a2ea436d,a dog rolling on its back in the grass,a black dog is rolling on its back in the grass.,1.3627381211777767,1.2082769121918184,A black and tan dog rolls on his back in a field .,A black dog rolling in the green grass .,A dog rolls on his back .,A dog rolls on his back in the grass .,A dog with paws in the air lying on grass,-0.15446120898595828
831,52,1161494d1cf69864e42d3311903db94c41d1dd181639763f54490c22ee6dbc99,a little girl playing in the grass near a white car,a little girl in an orange shirt is running in the grass near a white car.,0.9043699550463925,0.5277472764677464,A girl in boots is active in the grass .,A girl is playing in the mud near a car .,"A young girl in front of a silver car wearing boots , demonstrates some interesting moves .",Little girl moving quickly on grass beside silver car .,The little girl is spinning around making her hair fly in front of the silver car .,-0.37662267857864606
832,912,ae658db98140192daa15b3fecbfa314cecb25ac4d2f937f6ea7e126f98b79951,a view of a mountain,a group of people stand in front of a large window with a view of a mountain.,0.32442441232649155,1.3738877020094775,a group of people inside a building that overlooks a large mountain,A large window with a mountain range while onlookers stand in front .,People look out the window at mountains .,People stand and look out the window to view the mountain .,Sillhouttes of people in front of a mountain and in front of a window .,1.0494632896829859
833,342,ee3019a6786171683adb3d0b1a723559ed2b64224b1c90c418cc0e149df5d299,a man in a swimming pool with a dog,a man in a yellow life jacket is playing with a brown and white dog in a swimming pool.,1.40547774475881,0.5393309901275452,a brown and white dog swimming towards some in the pool,A dog in a swimming pool swims toward sombody we cannot see .,A dog swims in a pool near a person .,Small dog is paddling through the water in a pool .,The small brown and white dog is in the pool .,-0.8661467546312649
834,540,c37246992f785433e853fb0c489fb5a2d7e5ee5000629ca73455e5deb8a245b4,a dog on the beach,a black dog on the beach at sunset.,1.1532896668226722,2.056275811940509,A black dog is looking at the ball on the beach by the ocean .,A dog and a ball on a beach .,A dog standing on a beach with a ball nearby .,A dog stands on a beach at sunset .,Dog in shadow on beach at sunset .,0.9029861451178367
835,267,7b3d3e47dd25ab87d0a27f15520536e438e49b79bb3e727a800edf92d449b3d3,two dogs running in a field,two dogs are running through a field.,0.553117903574001,0.8493606147036081,A tan dog and a cream colored dog run through grasslands .,A white dog and a brown dog running across a grassy field .,Two dogs bound across the grass .,two skinny dogs are running towards camera across a grassy field .,Two thin dogs are running fast through tall dry grass .,0.2962427111296071
836,721,9a218c008dde4eb1fd5e095227f54a0095aeb31d0988970a2fd2c83e587a4819,a statue of a bear,a little boy plays with a statue of a bear.,0.5934623150182822,1.111609608766312,a boy is kneeling under a statue of bear that has a painting of a man on its back .,A boy sits under a bear with Einstein 's picture on it .,"A picture of Albert Einstein on a white bear statue , with a little boy standing under the bear statue 's face .",A portrait of Einstein is painted on statue of a polar bear .,Painting of Albert Einstein on a bear with child reaching up .,0.5181472937480299
837,106,47606a2d1effad86673479318479eb1deab735077d5cd04e6c19d8c57fa94e2d,the water is splashing,a group of surfers are riding a wave in the ocean.,0.001872413457469474,0.328572232437594,a body boarder is being dumped on the beach by a wave whilst other surfers are standing around in the water .,A child is pushed by a large wave while holding his yellow surfboard .,Four swimmers in the crystal blue ocean with yellow surfboards .,People surfboarding and standing in the ocean .,some wakeboarders riding waves on a beach busy with tourists,0.3266998189801245
838,122,82922cbcfdcf6b24e5b79ea36fae0bf1c995eeddb737407c20819614ef3b0bb2,a woman taking a picture with her cell phone,a woman in a white jacket is taking a picture.,0.16088157689379112,0.4943230570293192,A girl in a white coat takes pictures .,A girl in a white puffy jacket takes a picture .,a group of people looking into their cameras,Asian woman in white coat takes photo .,The woman in the white coat is holding a camera in her hand .,0.3334414801355281
839,396,4a9e2267cd6b25cdd10ccbbac036deea8ecdccf538f630dda04e1c0ebedd1c0a,a dog in the grass,a beagle walks through the grass.,0.607150465010503,2.48579037019876,A beagle walks through the grass .,A black and tan dog standing in a field near trees,A brown and tan dog walks through the green grass .,a smal hound dog walking through the grass outside .,The dog is walking through a grassy area .,1.878639905188257
840,992,575854c233c4359f48bfb43dd48ad151e544ce92f78d1624f3728d57b3335d1e,a black and white dog,a black and white dog and a black and white dog are standing on the side of a road.,0.27510308430641206,0.5665953935605195,A brown and black dog on a leash is sniffed by a black and white dog .,A dog on a leash walks on the sidewalk while another dog follows .,A small dog on a leash is being smelled by another animal .,The black and white dog is sniffing the butt of the brown dog that is on a leash .,"Two small dogs , one black-and-white and one brown-and-black , walk down the street .",0.2914923092541074
841,533,3591d0f0469ea10c8f407203dfb6e1aa605009d0d980d9e59c68a1a65969a0ba,a woman flying a kite in a park,a woman in an orange shirt and brown pants raises her arms in the air.,0.19926043908863256,0.8651159762966403,A person in an orange shirt reaching up .,A person wearing an orange shirt has her hand in the air as others watch .,A woman in a park stands with her arm up in the air .,a woman in orange throws her hand in the air .,The woman in the orange shirt has her hand raised .,0.6658555372080077
842,730,ceb0522566e4ae5182ec0f55652cdf8ebb2bde225d8761a18dc49dc7db9f360f,a brown dog jumping over a hurdle in a field,a brown dog jumps over a hurdle.,3.204402087442138,3.4916803690831513,a brown dog jumping over a blue and yellow stick .,A brown dog jumping over a hurdle .,A brown dog jumps over an obstacle .,A dog jumps over a hurdle at a competition .,The brown dog is jumping a hurdle over a yellow and black pole .,0.2872782816410133
843,384,5703600c111ceb95634c97f73b52036ca80ef51138be23f4c1bc25779643e708,a car is driving through a stream in the woods,a blue car is driving through a creek.,0.7058032202871773,0.6065528560896996,A blue jeep sits in the middle of a stream running through a forested area .,A blue Land Rover is driving across a river .,A blue SUV drives in a stream surrounded by woodlands .,A blue SUV driving over a small creek .,"The vehicle is crossing a stream of water , in a wooded area .",-0.09925036419747779
844,105,3b31db64c61ed371067030f1defa710ce5d59ae7318a992db68b081f486a7934,the water is blue,two girls are playing on the beach.,0.003458500067238712,0.7359505950433578,An adult and a child run on the beach .,A woman and a little girl playing in the sand next to the ocean,Two people run down the beach and one of them is pointing .,Two people running on a beach .,two people running on the shore of a beach,0.7324920949761191
845,266,4b806a85795b555b42072fdfef0f0325b77e940a82f2dd4224532bb0bc7bf0b1,the cat is on the chair,a brown dog is playing with another brown dog.,0.012639657169266485,0.5239461821238749,A brown dog is sniffing a white dog that is lying on the floor .,A dog lays under a table being sniffed by another dog .,Dog sniffing another dog lying under furniture .,One dog sniffs another lying on the ground .,"There is a dog laying on the floor and another standing over him , licking his ear .",0.5113065249546084
846,347,054aea5879d58f81171c172c3723f23e5e4a0ba228abe518d91d44cfcfa6076b,a dog laying on the ground,two dogs are laying on the ground.,0.7637124748851641,0.5413340255126506,A dirty tan dog rolling in the dirt and looking right at the camera .,A dog lies on the ground .,A dog rolls on the ground .,Dog with black collar rolling in dirt and dried leaves,The brown dog is rolling around in the dirt .,-0.2223784493725135
847,190,a2415433b8ec74c5a149c50df2b604e110327b76b00131dcc0cdb760354207ed,a dog laying in the grass,a brown dog is laying on the grass with a white object in its mouth.,1.1714110602566234,0.7953122838661842,A brown dog laying in the grass with a white chew toy .,A brown dog lying in the grass playing with a white rag .,A brown dog sitting on grass,A dog sitting on grass .,Orange dog with knotted white rag on grass .,-0.3760987763904392
848,864,773701f630476fe59b1f06f60eabd172e6979399f9d1ac2254b6eb8ed75fad87,a man and a woman standing next to a red car,a man and a woman are standing next to a red car.,1.1358209248971067,1.3069338893600153,A couple in a parking lot .,A couple walks past a car in a parking lot .,A man and a woman are walking past a car with a fancy symbol on the front .,A man and a woman walk past a red car with a silver hood ornament,A man and woman walking next to a red car with an unusual hood ornament .,0.17111296446290858
849,850,96848a312752934129a9939f4e3f6bbb275e1f9dd2e606a8d8f14dddfbdfe256,a man and a woman sitting on top of a chair,a man and a woman sit on a stage and look at each other.,0.1599513979065913,0.22444951726647572,a man talks to a boy .,An older man is speaking to a boy while both are sitting .,Two boys talking while wearing unique outfits .,Two males in period costume are having a conversation .,Two people sitting on benches and looking at each other .,0.06449811935988442
850,39,2875fccf6baeab821c21e291267c4788a3beb6a96a366430bcf0dd7e46915ff8,a little girl standing in a tree looking at the camera,a young girl in a butterfly print dress is peeking through the leaves of a tree.,0.35097816492168143,0.43165676291134625,A girl in a flowered dress peaking through some leaves .,A girl peeks through the leaves on a tree .,a girl peeks through the green leaves .,A young girl peers through the green foliage .,A young girl 's face looking through leaves .,0.08067859798966481
851,339,b2e8098ce66541e5ffd6ec000d944341cefe75d01a44c6233866d57de28e74d9,the boy is holding a book,a young boy in an orange shirt is holding a book.,2.586383085514214,2.838335542006206,A child in an orange shirt with a book .,A young asian boy in a orange long-sleeved t-shirt holds a magazine .,A young boy is holding a book .,The boy wearing an orange sweater is carrying a book .,There is a child wearing an orange shirt and hold an orange book .,0.25195245649199194
852,188,917e5026da689c77fdbd349db2f1c6563aa0493133c72de2d01ab6947d51a99b,a little girl is running in the grass,a little girl in a pink outfit is running in a field.,0.41284775807067176,0.32164776111070154,A girl is standing on one leg in the middle of the field .,A girl with her leg out on a lawn .,a little girl kicks into the air .,A warmly dressed girl kicks up her leg outdoors .,Person walking in the field .,-0.09119999695997022
853,403,8b8d4af2a84867c38a007e4e7aa9d87650dc2bdc4fdceec8361514844d617be4,a little boy in a yard,a young boy wearing sunglasses and a white shirt is standing in a backyard.,0.2397404639030552,0.989891997582127,A boy wearing sunglasses on his head looks at the camera .,A child with sunglasses and a shirt filled with dirt .,A young child with a dirty shirt is standing on a playground,Child in dirty white shirt and sunglasses standing in yard,Little boy who has played in the dirt standing near his swing set .,0.7501515336790718
854,525,bb2a46bdec8776beaabcbd74c3ee845fb23252c18a89b5c417a05a8dd69c04dc,a man flying through the air while riding a snowboard,a snowboarder does a trick in the air.,0.14323428939822558,1.107309279892844,A snowboarder flies in the air .,A snowboarder is performing a stunt in mostly dark .,Snowboarder in the air performing a stunt .,There is a snowboarder doing tricks in a half pipe .,The snowboarder gets serious air .,0.9640749904946183
855,189,72a8eef312550e923b751684ab245470136936fd5d768cd7e4e717010559c53c,a dog rolling around in the grass,a brown dog is rolling on its back in the grass.,1.350126281910895,2.1536065779776314,A brown puppy is laying on its back in the grass .,A dog lays down in the long green grass .,A dog rolling in the grass .,a dog rolls in the grass .,A golden dog is laying on its back in the grass .,0.8034802960667364
856,812,2e4bc98881b14aedc6631ca1015cd52b1c6a624dc130040b01295c8519f78e94,the sky is cloudy,a black dog is walking on a rocky hill.,0.16692448987240005,1.3163995633889343,A black dog is running across a rocky landscape .,A black dog is running gover rocky ground under a cloudy blue sky .,A black dog walking along a rocky terrain .,"A black dog walks through a rocky , grassy landscape under a blue , cloudy sky .",A dog on rocky terrain,1.1494750735165342
857,87,0f21d2344da60a020ec9d5c2bd52598ea358cddee560f08ecd194753886d3681,a person standing in the snow near a tree,a person in a red jacket is walking through the snow.,1.0721951036621418,1.1722874648927146,A boy in a red jacket smacks a snow covered tree with a stick .,A child stands underneath a snow-covered tree .,A little boy shakes the snow off of a tree .,A person in a red jacket stands under a snow-covered tree .,Child standing in a snowy landscape pulling down a snow-covered tree branch .,0.10009236123057286
858,732,8d0adb1d345025ef81542674cf8fd0f5c144c31bb65f600d0c0544e5a6f0bce0,a group of people sitting on the ground,a group of people are sitting in front of a white tent.,0.32296514682354605,0.3867141270716593,A crowd of dark skinned people standing outside of white tents .,A group of people stand and sit on the dirt near a line of several white tents .,A group of refugees and sitting next to their tents .,People are gathered by a tree beside a line of white tents .,"Some people sit , and some stand in a group of families before a background of white tents with UN markings .",0.06374898024811326
859,483,6217ce6425f883c50e36f9e1c9d2981f1fb2cfb1f5b4bb7ae777c79782e60599,a group of people standing around a table,a group of people are standing around a table with electronics equipment.,0.9343037687645067,1.1971219031684976,A group of people are standing around a sound mixing table .,A group of people looking at sound equipment .,People are inspecting sound equipment indoors .,People examine equipment .,Six people standing behind electrical equipment .,0.26281813440399093
860,5,858d1c2754b4f745487ee3ead0fea30fc8ba3a05ebd8ab0cbd4868165af4131d,the dog is black,a black dog is jumping in the air to catch a toy.,0.46821495482199316,1.1234393966514125,a black dog jumping to catch a rope toy,A black dog playing fetch with a ball of rope .,A black dog pounces to get a rope toy .,A black dog running after his rope toy .,A large black dog is playing in a grassy yard .,0.6552244418294193
861,597,5b53e2ffef35ab5a2b3d6e7e230f13870a48ec39f78ee1a0c72cc852b066b759,the dog is brown,a brown dog is looking up at a person ' s feet.,0.3033905936932171,0.15098392130951663,a brown puppy is gnawing in a metallic post that is stuck into the ground .,A dog is chewing on a metal pole .,A puppy mouthing a pole on the ground .,Brown dog chewing on a brown walking cane .,Brown puppy biting pole,-0.15240667238370045
862,699,ce458966af883066f6acef900a9478664c280dc223435c676a8cf1e838e506ce,a tennis player holding a tennis racket,a man in a yellow headband is holding a tennis racket.,1.5030777874592234,1.302022390845059,A male athlete is wearing a teal sweatband and a shirt from Nike and is holding a tennis racket .,A man plays tennis .,A tennis player is carrying a tennis racket .,"a tennis player wearing a yellow , white and blue shirt carrying a racquet",The tennis player is wearing a yellow and blue shirt and a blue headband .,-0.20105539661416438
863,953,85eb364e5ebaeba14d2dce5cbefee5afc216d1172d3f06ee6f3844e68b8140a7,a dog jumping in the air,a brown and white dog is jumping over a yellow pole.,0.09234376836390595,0.7367800830389938,A brown and white Sheltie leaping over a rail .,A collie is running through an obstacle course,Collie jumping over a training hurdle that is on the grass .,Collie making a jump over a yellow hurdle .,The dog is leaping over a hurdle .,0.6444363146750878
864,442,c7cafeafe69389d99f2e8bb4b231cd36cd4528cddd4ac4f262b2c18105d4bae8,a dog jumping over a fence in a yard,a brown dog jumping over a fence.,1.070719534646249,1.077734143739412,"a dog jumps over a fence , while two other dogs watch .","One dog , apparently standing on the edge of a fence , confronts three others in a backyard setting .",The dog is on the fence,Three dogs are in a fenced yard and one is jumping off the fence .,"Two pitbulls fighting , one standing on top of a fence .",0.007014609093162871
865,893,0a2c6ae52810d4bd3cca3b227a3ea5bcdf55794768cf59d9cca77285d51ada40,the dog is brown and black,a brown dog is laying in the grass with a purple toy in its mouth.,0.3666461946685,0.8408325258863296,A brown dog possessively grabs a purple Frisbee in a field .,A brown dog running to catch a Frisbee in a field of grass .,A brown dog with a purple Frisbee in its mouth .,A dog in a field with a Frisbee .,The dog is concerned with a purple object lying in an uncut field .,0.4741863312178296
866,861,d75e8b600e9432c753be50ec4cda74284e0cd8a3b1276187d63873fa93a19884,three children sitting on rocks,three children sit on rocks.,1.16123157842084,0.7219685155077886,A family sitting on rocks posing for the camera .,The couple have children sitting in their laps on the rocky hillside .,The four people sit on a pile of rocks .,Two adults and two children pose on a pile of rocks .,Two adults and two children sitting on rocks for a picture,-0.4392630629130514
867,385,ca91d2927f0a193d342e41916995480f519feddcac5614b7745f6f281b9dbaf9,blue sky with white clouds,a brown and white dog is running on a grassy hill with mountains in the background.,0.006362590566842158,0.40409426124377895,a black and white dog with a stick in his mouth standing on a hill .,A dog is playing catch on the grassy plain,A dog stands at the top of a mountain and looks on .,A dog stands on a hill looking towards the valley with a stick in its mouth .,brown dog holding stick in mouth,0.3977316706769368
868,332,b22ccc16220e9d2770f414ceed59f9db3a494e7b80038cf99e4441c72de191da,a dog running in the grass,a tan dog is running through the grass.,1.026861124719304,0.494192947664044,A brown dog running,A brown dog running over grass .,A brown dog with its front paws off the ground on a grassy surface near red and purple flowers .,A dog runs across a grassy lawn near some flowers .,A yellow dog is playing in a grassy area near flowers .,-0.53266817705526
869,790,69d15a45faed1701a079ea2f89991f0007c7030eae3808762e3ccf6b9173938a,the sky is clear and blue,a man is doing a back flip on the beach.,0.0018552847351786172,3.8898746672079927,A boy does a flip on the beach .,A boy doing a flip in the air at the beach .,A man doing a back flip on the beach .,A person in midair doing a flip along the beach,A teenage boy is doing a back flip in midair on the beach .,3.888019382472814
870,359,9b6cdb43d5df9aadb30173348a28f36ee3d41c1106971e79ecb72895cea3f924,two dogs running in the grass,a brown dog is chasing a brown dog in a grassy field.,1.017791811629732,1.3254871550250975,A big dog chases a little dog on the grass .,A black dog is chasing a smaller brown dog over grass .,The large brown dog is chasing after the little brown dog .,Two brown dogs run through the grass together .,two dogs play in the grass .,0.30769534339536553
871,590,681b08c7a8640aca5abc7f9baaa501d7834b208e07d6711c4eed6de639774742,a man in a blue suit,a man in a blue suit smoking a cigarette.,0.32958582328502095,0.9648506158007147,A man in a blue pinstriped suit is reading a newspaper while smoking a cigar,A man in a blue suit reads the paper while smoking next to a marble building .,"A man is standing up , reading a newspaper , and smoking a cigar .",A man smoking a cigar reading a paper in a city,A man standing by a building corner and reading a newspaper .,0.6352647925156938
872,504,93cd6d3f1a647a49783fe1f1572c23d447ab46861d77585e99a60d0a4d2ec198,a little girl holding a baby doll in her lap,a little girl in a white shirt is holding a baby girl in a pink outfit.,0.16954005467371197,0.09196465649492057,A little girl hugs another little girl .,A young child is being held by another child looking straight at us .,Two toddlers posing for the camera .,Two young children holding each other and posing .,Two young girls hug .,-0.0775753981787914
873,962,a0e31f58288600749dff87f1ffeb0b786e18469e096889547b3c9c8341023b8f,a man on a skateboard on a city street,a man in a white hardhat is standing on a city street.,0.5308100092847817,0.4868346040697803,A city street has three people walking in different directions .,A man stands by a building while others are nearby .,Men walk down a street with skyscrapers in the background .,The buildings are brown and the sky is blue .,Three men on a city street with the shot taken up and out toward the buildings .,-0.04397540521500143
874,375,9dd7cfff5a211c7d385ee6fcca2ce26385e08526943980c93b9b79d15cc6674e,a man holding a fishing pole on a beach,a boy is holding a fishing pole.,2.926273781295489,3.8078544753247257,A blond boy in a dark hoodie is holding a fishing rod .,A boy on the beach casts a fishing pole in the water .,A little boy is holding a fishing rod .,A young boy wearing a black hoodie is holding a fishing pole .,A young male holding a fishing pole .,0.8815806940292368
875,114,77b8bc90cf3ff5028f649c0a9b4f317bb0c844e3baac3454153555130abefe18,a little boy is running in the street,a young boy in a green pants is walking in a crowd of people.,0.7767955042025464,0.52228218970063,A boy without a shirt is running in the street while several people stand behind him .,A little boy dances with a group of people behind him on a city street .,A small boy dances on the concrete surrounded by adults .,The little boy wearing no shirt is running by a crowd of people .,The shirtless little boy is walking around adults .,-0.2545133145019164
876,170,0527bb1222e61dd5c2af569ae0d2b8f1ae25cacf71cb5973f40ddbb3aa7d9fb2,a woman in a boat,a woman wearing a yellow bandanna is sitting in a boat on the water.,0.5015629339768493,0.4790976248331963,A curly haired girl is dragging a grey inflatable raft with a red paddle into the water .,A girl in a yellow headscarf is pulling a boat to the water .,A woman pulls an inflatable boat into the water .,a woman pulls her raft into the water .,Someone is pulling an inflatable boat with an oar in it .,-0.022465309143652967
877,851,ecfa7de5e0181be2ebbe84d7b25f83c9318029e750ec6d7da1951dd0921e47e5,a group of people standing around a pile of hay,a group of men dressed in white shirts and ties are gathered around a pile of hay.,0.2728688584593862,0.2173662920789854,A group of men in period clothing are standing in front of a hut .,A group of people dressed as pirates .,The people are in older looking attire .,The people in white and maroon clothes are in a wooden building .,The seven men are gathered .,-0.0555025663804008
878,123,85e9b1d418c9322f0717ac44aa3a435d45bb0365e693349d4fb27a8f84393728,a woman standing in front of a wall,a woman in a brown jacket is holding a tray of food.,0.0008347357975848046,0.1727622736638888,A girl in a hooded jacket presents a cake with candles .,A girl in a hood jacket holds a birthday cake with many candles .,A girl in a winter coat with a birthday cake .,A girl is holding a birthday cake .,A young girl holding a cake with candles dressed in a heavy coat .,0.171927537866304
879,301,2f8a398e6266eb9f5a6af54fd1363a7a267684638ad1b9f2b589eaf0ec1d8ef3,a group of children playing in a ball pit,a man and two children are playing in a ball pit.,3.3004208779220576,2.992079337870374,A man pulling a small child out of a ball pit,A man removes a boy from a ball pit while two other children and another man watch .,An adult is pulling a child out of a ball pit .,Children playing in a ball pit .,two men are watching three children playing in a ball pit full of colored balls .,-0.3083415400516838
880,615,5d985b32c460c7ab68dea76d5ef8d6a204f45a829cfc75347c128e163d8baab2,a group of people standing in front of a house,a family poses for a picture in front of a brick building.,1.0663377452325224,0.6776542873469773,A family picture,A group of adults wear sweaters and have their hands in their pockets .,A group of five adults stand posing in front of buildings .,A group of people stand together and pose in front of a house .,A group shot of four guys and one girl in front of a brick building .,-0.38868345788554515
881,602,00eeef1da2c363e59d5930d09a6901e9d77caa228c33a9946d2fbbbe73ada4aa,a group of people riding snowboards down a hill,a group of people are snowboarding on a snowy hill.,0.5196221783073328,0.6470414619682601,A boy riding a sled off of a snow ramp .,A boy riding a tobaggan down a snowy hill,A child sleds over a mound of snow as others watch him .,A group of people are sledding down a snow covered hill .,The young man is flying through the air on his green snowboard .,0.12741928366092725
882,711,9763f9aa3df30345ce50a911271cc387448edb6e719127fd5232fcceff6b574e,a basketball player jumping in the air,a basketball player in a black uniform is jumping in the air to make a layup.,0.7065404743196767,0.512177334818468,A bald man is attempting to slam dunk a basketball in a game while people in the stands watch .,A basketball player is jumping and about to dunk a ball in front of a crowd .,A man reaches toward dunking a basketball while an audience watches .,A tattooed man dunks a basketball .,The tattooed basketball player is about to dunk the ball .,-0.19436313950120865
883,786,f4ee2e0d220a38cc060106a9c25c9c377ff8158f2f8b1517b110aa10016413d5,a group of people standing on a sidewalk,a group of people are dancing in the street.,0.0048628866383792005,0.6916622520492746,The girls dance to the street musicians,Two girls in puffy skirts are dancing in front of some musicians in the street .,Two women are dancing while men play music behind them .,Two women dancing on a walkway with band in the background and pedestrians walking by,"Two women in fluffy skirts dancing to music played by men , asking for money , while others pass them by .",0.6867993654108954
884,918,383a3b4060e444b7614b1b002cfd4e8782bbdf6699414c5b4ed49cd521a36d31,the dog is jumping,a dog jumps over a red and blue obstacle.,0.6019550165315452,3.2858197180926374,A dog is jumping across an obstacle .,A dog jumps over a red and blue hurdle .,A dog leaps over a red and blue jump .,A Golden Retreiver jumps over an obstacle .,a tan dog jumping over a red and blue toy,2.683864701561092
885,508,78f51472e3bcc537f19573a6abfe034d555062fbd9381b8ce09523df40769894,the water is splashing,a man in a black wetsuit is surfing on a white surfboard.,0.14378154555698086,0.12853311335425965,A surfer does a flip on a wave .,A surfer is 90 degrees to the water,A surfer is flipping up in the air on a surfboard .,a surfer jumps out of the water .,The surfer does a flip off of a wave .,-0.015248432202721207
886,718,4c9af62fb74993e58c9f61ea0323d5e3a62e2c468aa7523f6f218c68ebec496c,a woman holding a child in her arms,a woman in a red sweater holds a young girl in a black and red blanket.,0.7006821405358719,0.4540783279694969,A laughing woman holding a little girl .,An older woman and a young child are all smiles in a photo together .,A smiling woman embracing a young girl in a jacket with an apple print .,"A woman holding a girl , who wears an apple themed coat .",A woman with a pink sweater is smiling as she holds a child .,-0.24660381256637498
887,599,540adb5fa8f9eab7f3016cb235b55f2ad9f6c28dcb0053cd6db53bee62623caf,the floor is blue,two women playing a game of field hockey.,0.2519379894387677,1.3649381265185054,A female hockey player in blue is challenging the player in white for the ball .,Two girls are fighting for the ball in indoor field hockey .,Two women with blue and white uniforms playing floor hockey,Two young female floor hockey players fight over the ball .,"Women playing a game similar to hockey , but with no ice .",1.1130001370797378
888,221,020361c5badccc866431dc4cce275bfa43464141cc2c1ab2cfdf12d41259e67e,a group of dogs playing in a field,three dogs are playing in a fenced in area.,0.228544571847446,0.1673769172918545,A big dog holds its paw out to keep another dog at bay .,A large dog wards off a smaller dog .,Large dog plays with two smaller dogs on grass .,The brown and white great Dane plays with two yellow dogs in the grass .,Two smaller dogs and one larger dog with a puffy white tail are playing in a field .,-0.061167654555591505
889,654,043d4785dc88361d0cffcead4129381addb3be3d008cf697c3afc16823e76a76,the sky is clear and blue,a man in an orange jacket is in the air above the clouds.,0.25550020102192317,0.4485274757414901,A three person sky dive team in the air performing a stunt .,"Three people , wearing parachutes , are free-falling together through the sky .",Three skydivers are in formation above the clouds .,Trio of skydivers holding hands in sky .,Two people are parachuting over white clouds .,0.19302727471956693
890,111,7f68d7e8fc7cd7c7ede4f1aef06f623c20e5ec6fa53cee5c13dcf171e991c352,the dog is black and white,a black and white dog is running with a pink frisbee in its mouth.,0.6960675286857297,3.0300707430018963,A black and white dog chases a pink Frisbee .,A black and white dog is chasing a ping Frisbee .,A black and white dog is looking at a pink Frisbee on a court .,A black and white dog is running with a pink Frisbee next to him,A dog runs to catch a Frisbee on AstroTurf .,2.3340032143161666
891,475,10352f94dd23cbd1fcb7f491330dcced2b8e709b74be08ad45ccab4db3fd7ffe,a young boy is doing a trick on a skateboard,a boy in a striped shirt and hat is jumping on a set of steps.,0.13329569584466586,1.1439432187262923,A boy in a baseball cap jumps over a flight of stairs .,A boy in a striped shirt and hat does tricks on the steps .,"A boy , wearing a baseball cap , jumps in the air near some steps .",a young man jumping through the air near a staircase,There is a boy wearing jeans and a baseball cap jumping in the air .,1.0106475228816265
892,484,3d9d38b884ee3fe5357bd2c0ff37e382f0b0fe80425f76a4b2c7531e4552336c,three women posing for the camera,a group of women in red and black posing for a picture.,0.5587836378111262,0.9263762764458718,Four girls in evening attire pose for a picture .,four girls in evening wear are posing for a photograph .,Four woman wearing formal gowns pose together and smile .,"Four women are standing together , posing for a picture .",Four women in dresses pose together .,0.36759263863474567
893,329,ae65634a41109f5c02ba441bece716c9d2cb23321072f50534014145a83555b6,a young boy holding a red baseball bat,a young boy is holding a red paddle in his right hand.,1.2432070607905181,0.11021462559886211,A boy swings a plastic bat .,A little blonde boy in a Winnie the Pool t-shirt holds up a red plastic bat .,A little boy holds a bat in the air waiting on the ball .,A little boy in a Winnie the Pooh T-shirt is waiting to swing his red bat .,A small child swings back a red baseball bat .,-1.132992435191656
894,279,94ef85b4d7038c6bacedf63b38925db795becb2d7e1e6b827938c7708e448fc8,a football player running with the ball in his hand,a football player in a blue and yellow uniform is running with the ball.,0.911303595057001,1.42864306351214,A boy in a yellow uniform carrying a football is blocking another boy in a blue uniform .,A football player in a yellow jersey is pushing away another player .,The young football player is trying to avoid being tackled .,Two boys playing football on opposing teams .,Two young football players wearing blue and yellow uniforms fight for the ball .,0.5173394684551391
895,277,cb269d3bd2b4dd588e1781fed63739ba28d07f68bc15659f531260acc595fae1,a woman holding a baby,a woman is holding a baby and smiling at the camera.,0.4077692122757286,0.6135923192689164,A lady holds a little boy while another little boy smiles at them .,An older lady holds a toddler while another boy watches .,a white woman in a green sweater holds a smiling child whilst a smiling boy in a yellow shirt looks on .,A woman holds a baby while a boy sits next to her smiling .,A woman holds a baby while another child looks on .,0.20582310699318784
896,349,2977439dfc34a847045f17c156bbd9dcc85425d0df066d93402c56b103c11cab,a woman splashes water on her hair in a lake,a girl splashes in the water.,1.9932605174881974,1.2531712234706598,A girl is shaking the water out of her hair .,"A girl swings her long , wet hair in a lake .",A girl whipping water from her hair in a lake,A woman in a river is shaking her hair causing a water to spray everywhere .,A woman splashes in the water .,-0.7400892940175376
897,956,15387061e7fd1712fe1c4b5f4afa63367562c705c2aa7427b6531d9ef7c19804,a man sitting on a rock,a man with a backpack is sitting on a rock overlooking a snowy mountain.,0.10784037871377261,0.7817844649787433,a man enjoying the view from top of a mountain,A man in a blue shirt sitting on the side of a mountain wearing a backpack .,"A man in grey on a rocky cliff , overlooking the mountains .",A man sits on a cliff and looks out over another mountain .,one man wearing a grey shirt and a backpack with snowy mountains in the backgroud,0.6739440862649707
898,187,964e7c897bfcdaaa00c5fa4541c8d08f1ef3bd48db65e05be21681a789d390dc,a group of people dancing in the sand,a group of people dancing in the sand.,1.7227403653752842,1.7227403653752842,A girl dances with adults in the sand .,a group of people dancing on a beach in front of a truck,Friends and family dance on a beach by their vehicles .,Many people dancing in a sandy desert .,Several people are dancing in some sand .,0.0
899,65,9d9b6c8fefac12cea1a5c92829644023ac30dc21551ef8efcdaed788073d2e8f,the dog is walking in the water,a dog is walking through a stream.,0.8102477780080469,2.8301834501703693,A dog is trotting through a shallow stream,A light colored dog is walking through a stream .,A male weimaraner with a clipped tail is walking through a river .,a tan dog walking along in a stream,The brown dog is walking through a river surrounded by bushes .,2.0199356721623225
900,974,5863cbf14fc031b85c3215467617e492fcf0bd74d2030e4fe1dca3a3be032378,a young boy holding sparkle sticks in his hands,a boy in a yellow shirt is holding two sparklers.,0.15213564505468866,1.4079358151691834,a boy holds two sparklers .,A boy plays with sparklers at night .,A child holds sparklers in the dark .,A little boy holds fire sprinklers out in front of him .,A small boy holding two fireworks sparklers .,1.2558001701144947
901,611,ccfeba2606d8c0652cdceadea0b8395346ddde9846654383d52cacaefde396df,a man riding a quad quad quad quad quad quad quad quad quad quad quad quad quad quad quad quad quad quad quad quad quad quad quad quad,a man is riding an atv on a dirt road.,0.0006838929149653241,0.8513682155377289,A man drives an ATV down a dirt road with a power line behind him .,a man is driving a red ATV up a rugged hill .,A man wearing a white hat is on a red ATV driving on the dirt .,"Man riding four-wheel , off-road vehicle in rural area .",The man rides his quad through a rural area followed by his dog .,0.8506843226227636
902,583,0d49294af651ad39a0020057afce421b6d4c3c75a1a14e08e7dd6ac4f6c4a346,a man wearing a maroon jersey,a basketball player dribbles the ball.,0.0013101163914164757,0.6445693294233523,A basketball player in a red uniform is holding the ball while a player in a white uniform is trying to block him .,A basketball player with a ball and defenders .,A man in a red uniform is playing backset ball with a man in a white uniform blocking his shot .,The rival teams are playing basketball .,two basketball teams playing a game on the court .,0.6432592130319359
903,948,7f2b6e532df5dbf69f4ba502b7d7d7061075287334d7fd234a36dbc19c03a341,a boy sitting at a table with a plate of food in front of him,a boy is eating a meal outside.,0.7865819861111656,0.05267997335805096,A young boy sits at a picnic table and drinks out of a small cup .,"Boy drinking , at backyard table full of bowls of food .",Child sitting at a backyard picnic table .,Little boy is drinking out of a glass at a picnic .,The boy drinks from a plastic glass while sitting at a table with food on it .,-0.7339020127531146
904,69,b483f9bf5a21ad771f951f58045377e71e71c73706c3489f64adce9828ebb76d,a man and a young boy playing a video game,a young boy points at the camera while a man looks on.,0.11894578303968578,1.7805986414548154,A boy points .,A boy points at something while a man looks .,A boy smiles at points at something ; a man looks to the side .,A little boy smiles and points while a man looks in the direction of the child 's gaze .,The man in the blue shirt is looking in the direction to which the little boy is pointing .,1.6616528584151296
905,410,e077b16ebd1d8bf1f13ad321396a8688e732e0ed99aa1774fe3aef736714a650,the dog is brown and black,two dogs are running through a grassy field.,0.09164187831018854,1.9687207731561065,A brown dog and a black and white dog are running over grassy hills .,Two dogs are running next to each other on a grassy hill .,Two dogs in motion in a grassy field with small trees .,Two dogs play in a field .,Two dogs running through a field .,1.877078894845918
906,689,58d98f3a2880db6748b086f598e67c6c2581815a34b575f6a4d2ef253fc65382,a person is doing a handstant on the beach,a woman in a black bathing suit is doing a handstand on the beach.,0.42845431967856884,1.9688349004742245,A man does a handstand in the sand .,A man doing a handstand in shallow water on the beach .,A man is performing a handstand on the beach .,A topless male does a handstand on a beach .,The male is doing a handstand on the wet sand at the edge of the water at the beach .,1.5403805807956557
907,637,667a11c0bed5a6345ac1afd65a8074f38ad2ca6ad7adaf5e54743c209b7c9b35,the boy is wearing a blue shirt,a boy in a blue shirt is playing with wooden blocks.,0.6157848780815876,2.3109743930119198,A boy plays a game with wooden blocks .,A child playing with building blocks on a wooden table .,A small boy is building with some wooden blocks .,A small boy wearing a blue shirt stacks wooden blocks .,Boy in blue shirt looking at someone 's hand near stack of blocks on table .,1.6951895149303322
908,177,489f45e8d4b3bcd96150ddf663f0411869b460c109b48ea55d20780dcd22391c,a donkey pulling a cart with palm trees in the background,a man is driving a cart pulled by two donkeys.,2.4373994179757914,0.5393979326723417,A donkey pulling a cart with a boy in it takes a brake .,A donkey pulling a car with a man on it,A mule is carring a man in a cart next to some palm trees .,A mule pulling a carriage with a man inside along a dirt path .,A person is pulled in a cart by a donkey .,-1.8980014853034497
909,736,1010cd0e3a45827fbd8a46da6ca5f15fd3b5d38c286478897b75389dc56fbaa7,the girl is playing in the water,a girl in a bathing suit is playing in the water.,1.0267115600333263,0.8462816355552334,A girl with a black swimsuit plays in the sprinkler .,A young girl is playing in a fountain of water .,A young girl plays in fountain water .,Little girl crouches to splash fountain water .,There is a young girl in a bathing suit playing with water shooting out of the ground .,-0.18042992447809292
910,982,b0b8e88e9251103dbc9211bb0ce4a0b2efae24e387478b0dee7094876f88372d,a woman holding a cat,a woman is kissing a cat.,0.3694776644782559,0.3000778389465452,A blonde child is being bitten on the nose by a little orange kitten .,A cat bites a human 's nose .,An orange striped kitten is biting a girl on the nose .,A orange kitten biting the nose of a child .,Orange striped kitten biting blonde girl on the nose,-0.0693998255317107
911,117,28ea49c68689edf0d43219331b7d23a244746ce07c6f08f1e35893daa38f46fb,a man riding a bike down a street,a man in a black coat rides a bicycle.,0.4979935066721298,0.7897527817224734,A man in a beret rides a bicycle down the street .,A man wearing a beret rides his bicycle on a recreation trail .,"an old man , with a grey beard , riding his bike",Closeup of a man cycling down a road lined with boulders .,man wearing a beret riding a bicycle,0.2917592750503436
912,586,97014163413da53cb226b85b41d61d3adab5cf0bd07579f42e5d48e06faee415,a group of people posing for a picture,a group of people pose for a picture.,0.6044110626815146,0.8325658626770636,Three people stand by a doorway posing for a photograph .,Two men and a woman pose for a picture .,Two men and a woman smile at the camera .,Two men and a woman standing near a doorway .,Two men and a woman with their arms around each other .,0.228154799995549
913,372,96bcc225e402774150df7fd418abb4b2f657d6e8c8dd8a258da47ee9aed4ef1e,two dogs playing in the sand,two dogs playing in the sand.,0.8866762170766253,0.8866762170766253,The three dogs are standing in the sand .,Three small dogs stand in the sand and stare at each other .,"Three small dogs , two of which are sniffing noses .",Two dogs meet and check out a third dog at the beach .,Two small dogs facing a third dog .,0.0
914,10,e4d0100e61417e5674931f92cfe008d5412cd03cbd9237973add941734786e9c,a person sitting in the snow on a snowboard,three people are sitting in the snow.,0.3756475627355855,0.4616087113208486,A snowboarder sits on a slope with skiers and boarders nearby .,A snowboarder takes a rest on the mountainside .,Snowboarders sitting in the snow while skiers take the hill .,The snowboarder is sitting down .,"Two skiers stand , two sit on slopes .",0.08596114858526305
915,628,16770fe165949ee97ef1a95ddd848bdbfe38c53f404f8a0c5d457d79eedce7f0,two dogs playing in the grass,two brown dogs are running near a tree.,0.988824031262918,0.8334587107391627,Two dogs run along the green grass near the water .,Two dogs running past a tree .,Two dogs run through a field .,Two dogs run through grass near a body of water .,Two grey dogs run near the water on a manicured lawn in the fall .,-0.1553653205237553
916,927,ce43886de69578c177b889e52cc7641cad716b6efe7157af109e35baf54539ae,a hockey player in action on the ice,a hockey player in a white uniform is moving the puck.,1.663819448636402,0.9928620686848272,A child is playing ice hockey,a young hockey player playing in the ice rink,A youth playing hockey .,The hockey player is skating on the ice smacking the puck .,Two people are playing ice hockey .,-0.6709573799515748
917,669,2a22dc73f8a82796a8edefc283c870d4f2cdd95b4bc88b2953783064aeb8c4a6,a woman in a tree,a girl in a striped tank top is climbing a tree.,1.285898194076289,0.7416049298036911,A young girl in jeans is standing on a tree limb posing for the camera .,A young girl posing for a photo while standing in a tree .,girl posing on tree,There is a young girl in jeans and a striped shirt standing on a tree branch .,The young girl is standing in a tree .,-0.5442932642725979
918,63,712e95110ba074290335dc07fa68700026452da192b488994682b0f60a0b2f6d,a group of people on a raft rafting down a river,a group of people are rafting down a river.,1.075854893931038,1.1770611220241456,"A group of people in a boat , white water rafting .",A group of seven people are rafting in the rapids in a green boat .,Rafting boat on river .,seven people are riding a green raft in a white water river .,Seven rafters are paddling and riding the rapids in a green raft .,0.10120622809310764
919,735,50a232669c995dd7b05c8b3163cfe555edec389d39b4bb570cbec49972c05eea,a dog laying on the grass,a brown dog lays on the grass with a tennis ball in its mouth.,0.16827138178805617,2.493494975152321,A brown dog is laying on its back on the grass with a ball in its mouth .,"A brown dog lies on its back in the grass , holding a ball in its mouth .",A brown dog with a tennis ball its mouth rolling on its back on a grassy surface .,A dog lays on his back with a favorite tennis ball in his mouth .,A tan dog plays with a tennis ball while rolling around in the grass .,2.325223593364265
920,500,1823b3cf5762be7daee6eab580ec42222f7eab07ac7abfa123500092c3b882b4,a man riding a bike,a man with a backpack is riding a bike down the street.,0.3884546781604077,0.7588403229434766,"A boy on a bicycle rides with his little brother in a child 's seat , which is tipping .",A boy rides down the street with a younger boy behind him on the same bike .,Two boys with backpacks ride bikes through a puddle on the road .,Two people riding a bike are riding towards a stop sign .,two young children riding on a bike down a dirt road through a puddle .,0.3703856447830689
921,1,eecc974be017055afadbd9ebc0edef62955c193d7fd45e47e0e8ba1d20e2cc55,the boy is standing in the water,a young boy in a blue and white bathing suit is standing in the water.,0.4003480631082842,0.2500211630787518,A boy in his blue swim shorts at the beach .,A boy smiles for the camera at a beach .,A young boy in swimming trunks is walking with his arms outstretched on the beach .,Children playing on the beach .,The boy is playing on the shore of an ocean .,-0.15032690002953242
922,42,81d6538884663a1dd975dafa0019c8a3d4cf47259c4c61d1b6cb144088d463d2,a man in a canoe paddling down a river,a man rows a canoe down a river.,1.1237018025872634,1.4134780888779463,A large man sits in the back of a canoe with another man in front on a river .,two man are paddling a kayak along a river with green trees on either side .,Two men in a small boat rowing down a river .,Two men paddling a canoe down a narrow stream .,Two paddlers propel a canoe down a tree-lined stream .,0.28977628629068297
923,634,9c4dedbe3956822d6999723b2e169ee77d55a79c39c07c543ba24c850bf61b49,a snowboarder doing a trick on a rail,a snowboarder in blue pants and a white jacket is doing a trick on a rail.,0.6697477402513821,0.46344776415243905,A guy on a snowboard grinding .,A snowboarder is attempting a trick down an outside railing .,Person in gray jacket and blue pants balancing board on handrail,The snowboarder is grinding on a silver rail in the nighttime snow .,The snow borader is riding a rail .,-0.20629997609894302
924,529,2e699b48a6ba79b1df036e84b17c9d3e8da1aff534f573374863658fea42a9ed,the dog is black and white,a black and white dog is running on the sand.,0.7378685619558725,1.0233790146119959,"A brown , black , and white dog runs along on the gravel .",A dog runs,A little dog running on sand .,"The brown , white and black dog runs on a gravel surface .",The dog is running across the gravel .,0.2855104526561234
925,167,f729d2827772e971a894488141029ead2632c6643afa065112d0468f074233d4,a man and a woman playing with a hoop,two men hula hooping in a park.,3.5740737154285833e-06,0.013896716979070831,A brown dog jumps through three hoops .,A dog is jumping through hoops held by people .,a dog jumps through a black hulahoop .,A medium size dog is jumping through hoops which are being held by men .,A trainer runs next to his dog as it jumps through multiple hoops .,0.013893142905355402
926,809,7eb16baaffed518167078514c2e5e67a2872ab025a25cadacdcd49262ec86bb8,a dog jumping in the air,a tan dog is jumping up to catch a hose.,0.48347536422994564,0.24360154099503667,A dog catching a ball .,A dog jumping up in the air next to a white house .,A white dog is standing on its hind legs with a ball in its mouth .,A yellow dog stands on his hind legs .,"Yellow dog stands on hind legs with ball in mouth , building in background .",-0.23987382323490897
927,821,ac0d3c51995b3cd1fa3ad278f06cb82aa63d8175de7b48765d99ab8a57e1b999,a dog running in the grass,a white dog is running through a field of yellow flowers.,0.5900875572480944,1.1571563530384337,A brown and white dog is running with its mouth open accross a field .,A brown and white dog running in a field covered in yellow flowers .,A dog running toward the camera in a field .,A while dog with a spot on his eye running through a meadow .,A white dog with a brown patch over his eye runs through a grassy field covered in dandelions .,0.5670687957903393
928,76,fe3ea31114b50a72309f52f018776dacce0bc8724a2e26b81e18277c440826fe,a little girl sitting on a swing in the grass,a little girl is sitting on a swing.,1.4996897840624845,1.9857094728205276,A little girl in a swing laughs .,A little girl is swinging in her brightly colored swing outside .,A little girl sits in a plastic swing set .,A young girl on a swing .,Girl wearing pink pants smiles in baby swing,0.486019688758043
929,313,124ff950ec44ccd3b6f8ce823ea27b23ef3e3b3d968335177c31b85fabf25854,the water is calm,a black dog jumps into the water.,0.06811481740714405,2.319850581298207,A black dog jumping from a wooden deck into a lake .,A black dog jumping off a dock into water .,A black dog jumps into the water off a dock .,A black dog jumps off of a pier into a lake .,The dog is leaping into the pond .,2.251735763891063
930,296,3dec5f46504b64e25436cb56a07f1364cf47f7fd8a871a8e2d85f9e394112b63,the dog is brown and white,a brown and white dog yawns.,0.5486153782086536,1.2069777877930234,A dog with its mouth opened .,Brown and white dog yawning .,Close-up of dog in profile with mouth open .,Dog yawns,The dog 's mouth is open like he is yawning .,0.6583624095843699
931,502,f040e0e7753980bd99c14b6ed92a1afe02d1ddff795c7408130a84703b62b750,a man in a black jacket,a man with a moustache on his face is wearing glasses and a blue shirt.,0.13689565744631801,0.7554410317344896,A closeup of an older man with glasses speaking .,A man wearing a blue shirt and glasses .,A man with black-rimmed glasses and a mustache is talking .,A man with glasses and a mustache is in the middle of a sentence .,An older man with glasses is looking off camera .,0.6185453742881716
932,490,aca10ae15c8e24b08defebb28a95652b60279dc355f2de9d64cab301a3bc609b,a young boy in a blue shirt and striped pants playing with a toy,a young boy in a blue shirt and striped pants is jumping in the air.,0.3828031215468836,0.46681015683890015,A boy holding a plate over his head .,A boy wearing blue is standing in the middle of a room holding a plate above his head .,a young child balancing a plate in the air on one arm .,The child wearing striped pants is holding an object .,The young boy is pretend playing with boxes .,0.08400703529201653
933,720,95088b6559b1c480b0c0701b476ad4ba8884df667e87bd1e549aca24ec7a07c4,a man on a dirt bike,a man in a blue and white suit is riding a dirt bike.,0.2204008091136463,0.2992742452658436,"A biker with a blue jacket , black pants , and white helmet driving on dirt while people watch .",A person on a bmx bike .,Person in blue jacket on a bike on a dirt course with people looking from behind a red and white barrier .,The biker in blue is going around a corner .,The motocross rider wearing blue and black pants .,0.07887343615219733
934,837,53463f43bce00a2ac61c62c8d04a0f6609650bdf8553d5a6ab7e47be8331c7d9,a woman on a motorcycle,a woman in a body paint costume rides a motorcycle.,0.07237455481094052,1.03916401808046,A naked cyclist in body paint rides at a fair .,A naked girl covered in painted flower designs riding a bicycle .,A naked woman wearing body paint riding a bicycle .,A painted woman rides a bike in public .,A young naked lady in body paint rides a bike through a street festival .,0.9667894632695195
935,543,fe4f2c11606666383ca78e2136ee58c129264f3cccc18f60c983b3d6b1b5a430,a dog playing with a toy in a living room,a black and white dog is jumping up to catch a toy.,0.4752638735949374,1.0823406787486665,A dog catches a ball in its mouth .,A dog leaps up to catch a blue and tan ball .,A dog reaches to catch a ball with its mouth .,A dog with its mouth open is about to catch a ball in a living room .,A white dog with black spots is catching a baseball with its mouth .,0.6070768051537291
936,641,465ad3843374d6073825ea9f8b8d9b73bc1b0adc0dbe73b9d503ca1c36dfc110,a person skiing down a snowy slope,a man skis down a snowy hill.,0.8174524135468966,2.4651437866788415,A man skiing down a hill .,A man skis down a snowy hill .,A person skis downhill .,a skier dressed in black speeds down the mountain .,Closeup of a skier with his poles out wide to the side .,1.647691373131945
937,939,50d6f3e7b9ac6a73bce19dd51150334a256065ea0c058cf210b24014bb53d542,a girl laying on a couch,a girl is laying on a striped couch in a yard.,0.49434224384625836,1.2420739555574334,A woman is laying on a striped couch on a grassy yard in a residential neighborhood .,A woman lays on a sofa in a yard .,A woman lies down on an old couch sitting on the grass .,Girl poses on couch on suburban lawn .,There is a couch sitting on grass with a girl in jeans and light brown hair on it .,0.747731711711175
938,617,15cc93dc5fcb1e2bb20f332869ce679ebedc5b12c78005ece543bd240280ae5f,a dog in the snow,a brown and white dog is walking in the snow.,0.650636806214582,1.9132286696640195,a brown and white dog is sniffing the snow covered ground .,A brown and white dog walking in the snow near a fence .,A brown & white greyhound dog sniffs the snow .,A lean white and brown dog makes its way through a patch of snow .,A slender dog checks out a snowy patch of land .,1.2625918634494375
939,290,667d2082cd35a85e44ac99e176974e48eab86d8805f71c2570e8c114dba5ec4e,a little boy sitting on the floor,a little boy in a green shirt and blue jeans is playing with a toy car.,0.16535368475386014,0.2707398077213906,A boy plays with a car .,Boy playing with a truck .,The baby in suspenders sits by a toy .,The little boy with the big brown eyes is touching the little car .,The toddler in suspenders plays with a truck .,0.10538612296753047
940,779,b9b97177746e6f24f6d5827356d74318b5b2d22a41a1e166f1587c2a112d53fd,the boy is riding a bike,a boy in a helmet rides a bike.,2.562465786012862,1.5011324399313448,a boy with a blue helmet is riding a bike,A young boy has his mouth open as he rides his bike outdoors past a stone wall .,A young boy is riding a bike .,A young boy wearing a helmet and riding a bike in a park .,The boy with the red and blue helmet rides his bicycle .,-1.061333346081517
941,910,a1ae65fbfee44e542c5af0202b6e1d7da59c298459f0e7b68a87d2f425b29e0f,a herd of cows grazing in a green field,a herd of cows graze in a field.,0.5180854140976273,0.3282767933873838,A black and white dog is running through a cow field .,A black and white dog running in the grass where there are some cows .,A calf is running in the fields while cows look on .,A cow herd grazing in the pasture with a dog running in the foreground .,A dog running in the grass around sheep .,-0.18980862071024351
942,212,ce18db17da26c0eaa749f822e62790b1a39054d2f9dadd627103aa67ff19374e,a boy jumping on a tram tram tram tram tram tram tram tram tram tram tram tram tram tram tram tram tram tram tram tram tram tram tram tram tram tram tram tram tram tram tram tram tram tram tram,two boys are jumping on a trampoline.,4.2022140295240106e-08,2.585320185520064,A boy jumping over another boy on a trampoline .,A boy jumps over another boy on a trampoline .,One boy jumps over another boy on a trampoline .,The little boy jumps over another little boy on the trampoline .,Two boys jumping on a trampoline .,2.5853201434979236
943,555,441b4c1c1cf65b5a06810dedf49bdb5e7ad29cf2711830cccf958703d0e66222,a man on a skateboard doing a trick,a skateboarder does a trick in the air.,0.6746241093319358,0.2763043885852101,A bicyclist doing a trick on a ramp .,A cyclist is performing a jump on a graffiti covered ramp .,a large graffitied skateboarding ramp with a couple people in the background,Person in the midst of a ramp jump .,The boy is performing a trick off a ramp with a skateboard .,-0.3983197207467257
944,967,cef9c2ff8992360d2ced5a7e5a68bdc986acd5b928d241bf380394e14faa6656,two cars parked in a parking lot,a young girl in a white shirt and blue shorts is playing with a hula hoop in a parking lot.,2.332425543855204,0.5735217850017253,A girl is in a parking lot jumping rope .,A little girl is jumping rope in a parking lot .,A little girl jumps rope through a parking lot,A young girl jumps rope in a parking lot in the mid-day sun .,Girl jumping rope in parking lot,-1.7589037588534788
945,672,075fe9de8c27af07926c48dbbcdc6ba6ebf61171881e62f0e2d75fb5feb1ea9d,the dog is brown,a brown dog is running in the dirt.,0.4035717545063737,1.5285126449542115,a brown dog running through the dirty muddy grass,A dog running along a fence on a dirt track .,A light brown dog runs happily by a green fence .,Orange dog runs on dirt beside green fence .,The large brown dog is running outside in the dirt .,1.1249408904478377
946,317,c2e996e71ea78fff41d3811c18f7bd92d01d498b1a4cfb1d5b279db2cdac8909,a man standing on the side of a road holding a sign,a man in a white hat is holding a sign in front of orange traffic cones.,0.5141040187835666,0.9194191857326555,"A homeless man in a white cap is standing behind large , orange cones .",A homeless man standing in a construction site .,A homeless man stands with a sign next to orange construction cones .,"A man holds a sign reading "" HOMELESS ANYTHING HELPS "" near a construction site .",Stacks of orange safety cones in front of a man holding up a homeless sign .,0.40531516694908887
947,57,5a0ae5356e6292c3d463f4b91b0161c22323016fad2f9c2cebe98ddaa44431ff,the sky is cloudy,a man with a backpack is standing on a grassy hill.,0.003576488948857201,1.0222598698639236,A hiker is walking a treeless path up a hill .,A man is backpacking up a grassy hill .,A man with a big backpack is walking through a grass trail up a hill .,Person hiking up a grassy trail toward a large hill .,The hiker is following a trail uphill .,1.0186833809150664
948,791,5a166178cd9dca647fde01cd03f8f7a776f29492aeafc680ed83b9ae4962a0df,a group of people standing on a sidewalk,a group of people stand on a sidewalk.,0.02314245539656195,0.10117197634078731,A girl in a black coat next to some school kids .,Four teenagers are standing at the foot of some steps by a brick wall .,Kids are waiting at the bottom of a staircase attached to a brick building .,Peoople stand outside a building near a street .,Teenagers congregate outside a brick building,0.07802952094422536
949,535,668bede1beedf8e7f9d2c00724db544ad4ca47c82dc5a40e0d99a823f239fd5d,a person on a snowboard,a man in a black jacket is snowboarding down a snowy hill.,0.00855758037726753,0.5232377983469744,A downhill skier in black catches a tiny bit of air,A man skis down a snowy hill .,A skier about to go down the mountain .,A skier is on a snow covered hill .,"The skier is aiming downhill , overlooking a wooded area .",0.5146802179697069
950,932,47f71511fdb9ca95b3c390befbf9af8541fcd4a46869f6d0e07ee6742e9c19f7,the dog is black,a black dog with a pink ball in its mouth is running through the water.,0.3073737942490546,2.471429209824501,a black dog plays with a ball in the water .,A black dog runs in the water holding a pink toy in its mouth .,A black dog standing in shallow water with a pink ball in its mouth .,A black dog stands in the surf holding a red rubber ball .,The black dog is running though the water with a pink ball .,2.1640554155754463
951,272,6592425e7663c6e5be6beb717592ad626648a9ef8a734f62831a91db1e416d83,a girl jumping in the air,a young girl is jumping on a trampoline.,0.9181491496426029,0.5478761912370564,A girl jumping over a jump rope .,A girl wearing pink shoes jumps over a rope and smiles .,A girl wearing shorts plays jump rope .,A little girl is jumping over a yellow rope .,A small girl with brown hair and a big smile is jumping rope .,-0.3702729584055464
952,15,53578ff5068decbd3e384e56ba4c378cf8d64bb11afea5110531512f90608c5b,a group of people walking down the street,a group of people walking down a city street.,0.8363506469568252,1.3245237351521313,A crowd of people walk down a busy sidewalk .,A group of different people are walking in all different directions in a city .,A group of people walking a city street in warm weather .,Busy intersection in the summer time in a city,People in summer clothes are walking on the sidewalk of a large city .,0.48817308819530614
953,432,780fe29bae315cc6467da21feebd060501186f464933a9b754ff1597f5ee9223,a boy laying on the ground,a girl in a green uniform is laying on the ground with a gun in her hand.,0.056617148374088315,0.13570175546632068,A boy in a green soccer outfit hangs from a machine .,A boy in a green soccer uniform hangs upside down from a farm vehicle .,A child hanging from a hay bale loader .,A young boy is tilted over on a cart smiling at the camera,The girl is hanging off of the tractor equipment .,0.07908460709223236
954,503,57331d57d4278ab7c5ca0ed13026d406d5dbc75f893984851ae38d11db47075d,a young boy playing in a pile of leaves,a boy in a blue shirt is running through a pile of leaves.,2.6279072803482064,3.4877591145294504,A boy kicks through a pile of leaves .,A boy with blue shirt kicking off dead leaves from a pile of leaves .,A kid in a blue top leaps into a raked pile of leaves in front of trees .,A little boy in blue is running through a pile of brown leaves .,A young boy standing with a raised leg in a large pile of leaves .,0.859851834181244
955,828,7d661f01814bc7d1cd91be46c8e696622a53bfac32803aa6046aaa1c9f874135,a wave in the ocean,a man in a wetsuit is riding a wave on a surfboard.,0.9551309910963641,0.2727422875490901,A surfer catching a big wave in the ocean .,A surfer going through a wave .,A surfer in water and foam .,A surfer rides the crashing waves .,The surfer catches a big wave but stays on his board .,-0.682388703547274
956,621,3d61aa40d3c03a4b3c2e28afb83b2695dc6667df0ca33f4f68745dbc7962d616,a man in a blue and white uniform,a basketball player in a blue uniform attempts to block a player in a white uniform.,0.2641152329230722,0.6196504267739222,A basketball player performing a lay-up .,"A boy in a blue basketball uniform , number 13 and a boy in a white basketball uniform , number 23 jump for the ball .",A man in a white uniform jumps while holding a basketball as another in blue blocks him .,"Basketball player wearing a white , number 23 jersey jumps up with the ball while guarded by number 13 on the opposite team .",The man in white is playing basketball against the man in blue .,0.35553519385085003
957,137,bd445cd92075324211710df737df993029ae109fc3e147e790f244f742fa9e31,a dog running in the snow,a dog runs through the snow.,1.13655798708682,0.9278267127776889,a black and white dog playing in the snow together,A black poodle jumping on the head of a white poodle while walking in the snow .,Black dog jumping over a white dog in a snowy path .,Two dogs playing in the snow .,Two poodles are running through the snow .,-0.2087312743091312
958,702,ccd976a01bbeb08649410774acb548f24ab2d9adcaab1fa82db5ff25f7b49c6a,a man on a rope,a man in a red jacket is climbing up a frozen waterfall.,0.08722840595149113,0.5516604195441719,A man climbing the icicles on a rock face .,A man climbs icy rocks .,A man climbs up a sheer wall of ice .,A man in a red jacket mountain climbing an icy rock mountain .,"A person in a red and black outfit climbing the side of an icy mountain ,",0.46443201359268077
959,287,0f6224412f570b8f13a5232a1bc38ee9458dc9fb4fb67e9f6b2a578b22570e76,a dog sitting on top of a red bench,a black and white dog is sitting on a red bench.,0.7782542716557607,0.3713099771748417,A black and brown dog stands on a roof .,A black dog at the top of a red incline .,A dog has his paw on the red roof of a kennel .,A dog jumps over the top of an obstacle .,A dog leaps onto the red roof of the doghouse .,-0.40694429448091896
960,451,25bb806f5e512d5a4335c6d69463e93555743ee67f5c58211ff6ee35e3022ffa,a child on a slide,a young girl sliding down a green slide.,0.8960033789500245,3.244768760875534,A little girl slides down a green slide with her arms up at a playground .,A little girl sliding down a slide at a playground .,A young girl is sliding down a slide at a playground .,A young girl slides down a green plastic slide on a playground .,The girl is sliding down a green slide .,2.348765381925509
961,528,14153574b8ef47d62b11e938b5e73b4f8faad7697ec1bd5dc8e409fea79b3fe8,a person on a snowboard doing a trick,a snowboarder is doing a trick in the air.,9.863084601096724e-06,1.0933343556706492,A snowboarder in bright green performing a jump at a competition .,"A snowboarder in midair , after jumping a ramp .",A snowboarder jumps high in the air over a snowy hill .,A snowboarder launches off a ramp .,Snowboarder sails in the air .,1.0933244925860481
962,300,b3931b13b8d13feee13b655bc20af0be7bdb5f7eddd8c5023d410159f682ff45,a man riding a bike,a naked man is riding a bike in the middle of a busy street.,0.4308647492833372,0.6929401477522945,A group of people who are naked and riding bikes in the streets .,A naked man rides a bike .,Naked people riding bikes .,The man leading cyclist through the city streets is butt naked .,Three naked people ride bicycles in a city street while law enforcement and a crowd looks on .,0.26207539846895733
963,752,5e9a25694c133cb3d46182d7f7d29931526967115502288cafb05693bc57722e,a man standing in the middle of a stream,a man in a plaid shirt is standing in a creek.,0.00032520994919065074,0.2125623114318056,A girl swings on a vine over water .,A girl tries holding onto a vine so she so n't fall into the water .,a girl wearfing pink swings over a creek .,The girl is swinging on a rope over a small pond .,Woman swinging above water while holding a vine .,0.21223710148261493
964,622,807a7e4b017034c15d7fe5cde424efcf8653d9a4860f89bde540a63dc9b34ee8,a man is doing a trick on the street,a man in a green shirt is doing a handstand on the street.,0.27288596918245306,0.190779983248822,A break dancer spins on his head outside as onlookers watch the performance .,A man spinning on his head on a city sidewalk near a checkerboard mat .,A man stands on his head in front of a crowd .,Man standing on his head near a black and white pattern in the street .,Young man break dancing in the street .,-0.08210598593363105
965,943,b4152984698b7b118d0031a8fdb6f50475d158a1a446aba8a7d3444564ca3341,a dog and a cat playing in the water,two dogs are playing in the water.,0.28221809097832246,0.6332472119732997,A black dog and a golden dog approaching one another,A black dog and tan dog run towards each other on a beach .,a black dog is approaching a golden dog on pebbly beach .,Two dogs playing on a rocky beach .,Two dogs running on the sand .,0.35102912099497724
966,195,02ae4b1857cca4a716f7cba4bca4870c27fd3d3df36a4729fac82911f57555da,a group of people riding on the back of a truck,a group of children are riding on the back of a vehicle.,0.429888075807873,1.2889969175594505,A crowd of boys riding a vehicle .,A large group of people wearing similar clothing riding a single vehicle .,almost 2 dozen people are riding on the outside of a cart down a road,A vehicle crowded with people .,Many young men with backpacks are clinging to and riding on a vehicle .,0.8591088417515774
967,34,ac7cedb6ef6d4b067c00e504b439b7f0af333e469f5ce63d050801f3b5855aa7,two women walking down the street talking on their cells,a woman in green boots is talking to a woman in black.,0.4182248056997443,0.4931513492942142,Three women standing on a city street .,Three women walk down the street .,Two girls and a woman walking on the sidewalk,Two girls in bright green boots and a woman are together .,Two young ladies in green boots are walking through an urban area while an older lady wearing black shoes follows them .,0.07492654359446993
968,286,d1175680fd348dd1b01329047a8e33ff405b775c9c2e66da2a5f523b61e4e110,a dog jumping over a hurdle,a dog jumps over a hurdle.,0.23036101269859366,0.12078864178529358,A woman in a blue shirt guides her dog over an obstacle .,a woman is running beside a dog that is jumping over a red and white obedience training fence .,A woman next to a dog which is running an obstacle course .,A woman walking with a Sheltie through a competition obstacle course .,The dog is jumping over the hurdles beside a woman .,-0.10957237091330008
969,314,a02755a82e098ea617ef8b987d78d59fefd6fb44eeb2e9f44a6177a61cea88cd,a person standing on the beach looking out at the ocean,a person in a black shirt is standing on a sandy beach.,0.363875729973055,0.29325389324218964,a lone person walking in the distance on a long beach .,A man is walking on the beach and leaving some footprints behind,A person walks along the beach and leaves footprints in the sand .,A woman in a black dress is leaving footprints in the sand as she walks towards the ocean .,woman walking on sand leaving footprints,-0.07062183673086536
970,970,5665e48bb87bfcd2488d422890a0b7802fb2624828618fa4c64a5551adbd65d0,a woman holding a baby,a woman holds a baby wearing goggles.,0.43867710818641115,0.7999208577447399,A baby is dressed up in pink gear and staring while an adult holds her steady .,A small baby wearing sunglasses sits on an adult 's lap .,A woman holds a fat baby with sunglasses and a denim hat .,A woman is holding onto a baby wearing who is wearing sunglasses .,The baby in a blue jean hat and sunglasses looks at the camera while being held .,0.3612437495583287
971,547,a54957dfd55e625b95915ff1eca02399e2a2f30a0923b3456db9ad4f771be502,two dogs playing in the snow,three dogs play in the snow.,1.7355661933240847,2.1576936662736452,Three dogs are playing in the white snow .,"Three dogs , one holding a red Frisbee , standing in snow .",Three dogs playing with a Frisbee in the snow .,Three dogs playing with a toy in the snow .,Three dogs play with a Frisbee in a snowy field .,0.42212747294956054
972,333,ad1a054eb3c38423c901c331d1abf8178ed0bca6c917a13afac439f566e2b9f5,the water is calm,two people are rafting down a river.,0.0005853660488905954,1.0341651873713888,A kayak on the river is passing by a wire bridge that joins both banks .,Some people ride their kayaks down the river .,two conoes float down the river .,Two groups are canoeing on a river overlooking a mountain .,"Two people rafting down a river , a footbridge in the background .",1.0335798213224983
973,182,8f4c24899d1073d94c073f8905d7ebf6b5a720eee6c09517f52dae2dc7eedd0f,a dog standing on the shore of a river,a brown dog is standing on the shore of a river.,0.9661219609750161,1.1998526879608713,A brown dog walks on the rocks near a river .,A dog is walking through some gravel beside a river .,A dog with a snub nose smells for somthing on a riverbank .,A large brown dog is walking along side a river .,a large tan bulldog walking along the rocky shore of a small stream .,0.23373072698585518
974,49,90f36a617a8820eb7f58c1f8b7cdab6639d0016f4b910ea68bd0743f0c03087c,a boy playing with a soccer ball in the sand,a young boy in a red swimsuit is playing with a soccer ball on the sand.,0.9842513017102632,1.0772793351921366,A boy in red and blue shorts is trying to catch a soccer ball while running in sand .,A young boy wearing a red bathing suit reaches for a soccer ball .,Kid guards face from soccer ball,The little boy in red trunks is attempting to catch a soccer ball that is coming towards him .,Young boy plays ball on the beach .,0.09302803348187338
975,518,d168a07af5c30e91310b4a3ceef86ff2e2ef969a30fc7eb67b8ebe547f4791e0,a group of men playing a game of rugby,a rugby player in a blue jersey is being tackled by a player in a white jersey.,0.9338987588581151,0.09101547603608384,"During a game of rugby , a man tackles another .",Men play football .,The guys are playing a sport .,The man with the soccor ball is being hit by another man .,Three men play ball in a field .,-0.8428832828220313
976,102,58d2fbe8a66ae6ca728cb192faa862c6abf3a1a8fdc9b3f1e4084c52150ae1e4,a group of people standing around a boat,a group of people are standing in front of a boat.,0.32439259995839936,0.450541826398679,A girl kisses her mother goodbye before she waits with the other children to start school .,A group of children in blue clothes stand by a gate .,A group of students in uniform stand in front of the gate .,Crowd of people near the water .,"Group of schoolchildren in uniforms standing at a gate , one kissing her mother goodbye .",0.12614922644027965
977,687,5b1b29d7f10220a718e189e5f7de3bb9a74e96b601ef1920606f1d88e6d5fd32,a man and a woman standing in a room,a woman and a man are standing in a dark room.,0.08149532224201661,0.2486510522831351,Two ladies next to a stroller inside a building .,Two woman stand near a stroller in a dark building .,Two women with a baby carriage in a building next to a table and chairs .,Two women with a baby stroller in a fancy restaurant .,Two women with strollers standing next to a table and chair .,0.1671557300411185
978,651,5511507b1a4ce104b2a11533fda5a8b595806dfcbc1b85da54a183414a3cd54c,a man standing on top of a dump truck,a man in a white shirt is standing next to a blue dumpster.,0.058639969546835306,0.8506148154217487,A man in a white restaraunt shirt smokes next to a dumpster .,A man is lighting a smoke outside of a building .,a man lighting a cigarette near a dumpster in an ally .,A man lights a cigarette on a loading dock near a dumpster .,The man is lighting a cigarette outside the back of a building .,0.7919748458749134
979,41,3096f6bbed3b1ef0840a5eaf4f12c02440f6f1bc4cc29db528b0f430728c8c38,a young boy swinging on a tire swing,a young boy is playing on a tire swing.,5.244762685899591,3.7417977169731165,A boy rides on a tire swing .,A boy swinging on a tire-swing .,A small boy in a horizontal tire swing .,Young boy smiles at the camera from the tire swing .,Young boy swinging on a tire swing .,-1.5029649689264746
980,553,4e7f38ecc30237a69d6ab6c892ad69b04163a599c1c9ea5d792630351618840b,three dogs in the snow,three black and white dogs are standing in the snow.,1.1206384573093509,1.8231545398914308,A group of dogs stand in the snow .,Four dogs stand in the snow .,three black dogs and a white dog are standing in the snow .,"Two black dogs , a black puppy , and a white dog in the snow .","Two large black dogs , one small black dog , and one large white dog are standing in some snow .",0.70251608258208
981,366,765768906674b9c64cdcbd64e95015c02313fbea3b293411b2182933e40d3666,man standing on top of mountain,a man in a yellow jacket stands on a mountaintop.,0.7468992476569537,0.6000070329710183,A man in a yellow jacket standing on a rock in front of mountains .,A man is standing on a rock in front of a mountainous area .,A man on top of a high mountain,A man standing on the ledge of a mountain with mountains a blue skies in the background .,A man wearing a yellow coat stands at the peak of a mountain .,-0.14689221468593538
982,534,50d472a1f3253d88a2357da06855d5734a5246d943739c5fdc06ec31f8e9c31f,three women standing in front of a christmas tree,three women pose for a picture in front of a christmas tree.,3.188806151805905,3.421857377480438,Three girls are posing for a picture beside a dresser in front of a decorated Christmas tree .,Three women are posing for a photo in front of a christmas tree,Three women are posing together in front of a Christmas tree .,Three women one of which is holding a paper cup posing in front of a Christmas tree .,Three women standing next to each other are smiling in front of a Christmas tree .,0.23305122567453296
983,275,13e686f8f8b8a7d5668d1c97baa10a95a05ba8ffcca66d949cdd9dd9429cc63a,the dog is running,a brown dog wearing a yellow vest is running on a track.,0.6672740699808875,0.4499181202471608,A dog in a yellow jersey is running a race .,A dog participating in a race while wearing the number 6 .,A greyhound wearing a muzzle and the number six on a yellow jacket is running on a dog track .,A muzzled race dog running,A race dog is running for first,-0.21735594973372663
984,675,6c8c9e2ad7912bc5ac9219db5cbee5ee1addb40d66a90912f01e1f864b038d15,a bird flying over a body of water,a white bird is flying over the water.,0.9535751691755772,1.473106765786524,A large grey and white water bird .,A large white bird flies over water .,A white birds lands swiftly in the water .,bird is taking off out of the water,Large white crane is flying low near the water .,0.5195315966109468
985,832,4d814941aecd6720ffb5e204399e632853e54b2804b8af5a1dd5733bee4824ca,a man doing a trick on a skateboard in the woods,a man in a yellow shirt is doing a trick on a dirt bike.,0.3913656010225055,0.6345336726703588,A bicyclist flies through the air as he encounters a tree in his path .,A bicyclist is jumping over a large object .,A man on a bike is jumping off a dirt ramp .,A man wearing a light brown shirt is riding a dirt bike in the woods .,A mountain biker is jumping his bike over a tree stump in the woods .,0.24316807164785326
986,303,ae5239419009b22a9e263ae5883866f75b6c4553346d35a48000c7f4dcc84896,a dog running on the beach,two dogs are running on the beach.,0.2654377475144516,1.519581442870432,Two dogs are running around on dead grass and sand with green grass in the background .,two dogs are running towards each other across the sand .,Two dogs are running towards each other on a beach .,Two dogs run toward each other .,Two dogs run towards each other on a marshy area .,1.2541436953559804
987,113,5020dd0f3d34b9d24a6223a9643694465b00f85eb5a8ea21816c8dce18c183a5,a man and a young boy playing with a baseball bat,a young boy is swinging on a swing while a man watches.,0.1274291919996616,0.32619680233343173,A boy hangs from a t-bar while a man gives him a push .,A little boy being pushed by an older person on playground,A little boy is going down a pulley swing .,a man pushes a boy on a zip line .,A smiling boy slides down a rope while hanging on .,0.19876761033377013
988,749,283267c9cc4f67005c49d90986642b2d66935b0833d787649a78ede7ccf7dd18,a man wearing a white shirt,a man in a white shirt and sunglasses smiles.,0.4575391211840023,1.022910365128241,An african american in sunglasses and a white tee-shirt smiles .,A young black man in sunglasses is smiling broadly .,a young man wearing dark sunglasses smiling,"Smiling bald , black man in sunglasses and a t-shirt .",The smiling black man is wearing a white t-shirt and dark sunglasses .,0.5653712439442387
989,908,5007c650a2c71d6b0846d3c35cab196ef5a971b9963ec4f4ae945503f5fbaf5a,a man on a rock climbing on a mountain,a man is rock climbing.,0.9516913942342466,0.8853059944106303,A distant person is climbing up a very sheer mountain .,A panoramic distance view of a rock climber going up a steep mountain wall .,person rock climbing,There is a person scaling a very steep rock wall .,This person is climbing the side of a mountain .,-0.06638539982361635
990,437,7bd2eacf19b3155413901bcbf287e8481b07551ea0a592ccbfac37ab115edcc1,two dogs running on the beach,two black dogs are running on the sand near a dock.,0.7382521456694295,2.0394355589463533,two black dogs each with running on the beach with balls in their mouths .,Two black dogs run in the sand by a pier .,Two black dogs run through sand .,two dogs run across the sand near a boardwalk .,"Two wet , black dogs are running through some sand .",1.3011834132769238
991,491,3439ddb7441f4278ba76f6bc80f419d55e15107cfca6333b2c7c14e5071ce031,a group of people playing in a water fountain,a group of children play in a sprinkler.,1.9204901647008605,2.501852832448122,a group of children playing in a sprinkler,A group of children playing in a water fountain .,Children play in a water spray .,Little kids enjoy sprinklers by running through them outdoors .,Several girls in swimsuits are playing in a sprinkler fountain .,0.5813626677472614
992,526,40d11bee6909c2c4a1290c2bcceae85b248bafdd8e7fcddb92527f30386edf6e,a boy sitting on a rock,a boy in a camouflage jacket is sitting on a rock while another boy looks on.,0.22568233892915635,0.11741405675147783,A boy climbs rocks .,A boy crawls through a rock tunnel with his brother and father behind him .,A man watches two small boys playing in a naturally formed rock .,Children playing on rocks .,Kids play in a rocky area .,-0.10826828217767852
993,141,aa1942c7f82427925a97293b1390e5748ccfa79629c78e06be70361f46b8ccbe,a man in a black suit,a man wearing a black hat and glasses is standing in front of a red wall with writing on it.,0.4536571463695163,1.2556998947535267,A man dressed in black wearing a hat and glasses in front of a red wall .,A man in a black hat stands in front of a red wall .,A man wearing all black and a black hat is smiling .,"A man with a hat , glasses , jewelry and a jacket stands against an orange wall .",There is a man with glasses and a hat wearing a black suit jacket indoors .,0.8020427483840105
994,706,3598c11c90ad6c976979a0b8388043a2c4a55922b3c3a353058dcb1513ed7682,a little girl in a white dress,a little girl in a white dress is playing with bubbles.,0.288144856786447,1.4757875544564145,A girl in a white dress is playing with bubbles while a mother and daughter stand to the side .,A woman stands with two young girls in dresses looking at bubbles .,A young girl in a white dress watches bubbles while a woman and girl toddler observe .,Two girls looking at bubbles in the air .,Two little girls and an adult watch bubbles float through the air in front of them .,1.1876426976699674
995,548,38f878ee444ff1b47214b98eae7ad471ce84b09b7a87e3f5f0b4ab0fad6814ec,a person skiing down a hill,a man in a white jacket is skiing down a snowy hill.,0.5652519638475834,0.7797917519334427,A female skier in a green with pink flowers hat skiing .,A woman skies,A woman skiing,A woman wearing a white coat skis down a snowy hill .,The girl skies down the snowy mountain .,0.21453978808585938
996,609,83bcca3ca6859fb2a4f8107b87aaf9b6769df1be1beb86c00aa17a0b0d9c6929,a group of people standing in front of a large building,a large group of people are standing in front of a large building.,1.3606909374139495,1.430916815661805,A crowd of people in winter-gear is standing in front of a large royal structure .,A group of people gather in front of a historic building,Many bundled up people are standing in a public square .,There is a group of people in winter coats are gather in front of a large building .,Tourists are gathering in front of a historic building in winter .,0.07022587824785553
997,961,22b2d2357543896901c16ae9b5649ed59ea5ddb84107cc5f6b0c49482d3c12e9,a man with a backpack,a man with a backpack is standing in front of a glacier.,0.058672102112544325,0.3819457024887369,A backpacker in the mountains using his hiking stick to point at a glacier .,A backpacker points to the snow-capped mountains as he stands on a rocky plain .,A hiker is pointing towards the mountains .,A hiker poses for a picture in front of stunning mountains and clouds .,A man with a green pack using his pole to point to snowcapped mountains .,0.32327360037619257
998,973,82e3d68cc29a7d707172157bd68a76c7aebbf8367558055c2e4c12049e9ef98c,a dog in a tunnel,a small white dog in a yellow tunnel.,0.15783732201400258,1.002448423288531,A dog coming out of a large yellow tube .,A little brown and white dog emerges from a yellow collapsable toy tunnel onto the lawn .,A small dog in front of a yellow tube on grass .,A small white dog walks through a yellow tube .,A white dog emerges from a yellow tube on an obstacle course .,0.8446111012745283
999,648,5c27ddd6688571cf7322097ae022f9a05a45e478bb6638515e6959c073d01084,a group of people skateboarding in a skate park,a group of skateboarders in a skate park.,0.1281952771410347,5.899825536575558e-05,a lone skateboarder jumping a huge skateboarding ramp .,A man dressed all in black performs a trick on a rail while wearing inline skates .,An inline skater doing a jump on a ramp .,A skateboarder makes a jump off a ramp .,The skateboarder is jumping over a ramp .,-0.12813627888566895
